❯ Building...
✔ Building...
Initial chunk files | Names         |  Raw size
main.js             | main          | 496.21 kB | 
styles.css          | styles        |  22.71 kB | 

                    | Initial total | 518.92 kB

Application bundle generation complete. [5.916 seconds] - 2026-09-08T20:18:22.157Z

Watch mode enabled. Watching for file changes...
NOTE: Raw file sizes do not reflect development server per-request transformations.
  [32m➜[39m  [1mLocal[22m:   [36mhttps://localhost:[1m4200[22m/[39m
  [32m➜[39m  [1mLocal[22m:   [36mhttps://vite.dev.localhost:[1m4200[22m/[39m
  [32m➜[39m  [1mLocal[22m:   [36mhttps://vite.dev.internal:[1m4200[22m/[39m
  [32m➜[39m  [1mLocal[22m:   [36mhttps://host.docker.internal:[1m4200[22m/[39m
  [32m➜[39m  [1mLocal[22m:   [36mhttps://host.containers.internal:[1m4200[22m/[39m
❯ Changes detected. Rebuilding...
✔ Changes detected. Rebuilding...
Application bundle generation failed. [0.930 seconds] - 2026-09-08T20:32:17.350Z

[31mX [41;31m[[41;97mERROR[41;31m][0m [1mCould not resolve "@fontsource/instrument-sans/400.css"[0m

    projects/loupe/src/tokens.css:8:8:
[37m      8 │ @import [32m"@fontsource/instrument-sans/400.css"[37m;
        ╵         [32m~~~~~~~~~~~~~~~~~~~~~~~~~~~~~~~~~~~~~[0m

  You can mark the path "@fontsource/instrument-sans/400.css" as external to exclude it from the bundle, which will remove this error and leave the unresolved path in the bundle.


[31mX [41;31m[[41;97mERROR[41;31m][0m [1mCould not resolve "@fontsource/instrument-sans/500.css"[0m

    projects/loupe/src/tokens.css:9:8:
[37m      9 │ @import [32m"@fontsource/instrument-sans/500.css"[37m;
        ╵         [32m~~~~~~~~~~~~~~~~~~~~~~~~~~~~~~~~~~~~~[0m

  You can mark the path "@fontsource/instrument-sans/500.css" as external to exclude it from the bundle, which will remove this error and leave the unresolved path in the bundle.


[31mX [41;31m[[41;97mERROR[41;31m][0m [1mCould not resolve "@fontsource/instrument-sans/600.css"[0m

    projects/loupe/src/tokens.css:10:8:
[37m      10 │ @import [32m"@fontsource/instrument-sans/600.css"[37m;
         ╵         [32m~~~~~~~~~~~~~~~~~~~~~~~~~~~~~~~~~~~~~[0m

  You can mark the path "@fontsource/instrument-sans/600.css" as external to exclude it from the bundle, which will remove this error and leave the unresolved path in the bundle.


[31mX [41;31m[[41;97mERROR[41;31m][0m [1mCould not resolve "@fontsource/spline-sans-mono/400.css"[0m

    projects/loupe/src/tokens.css:11:8:
[37m      11 │ @import [32m"@fontsource/spline-sans-mono/400.css"[37m;
         ╵         [32m~~~~~~~~~~~~~~~~~~~~~~~~~~~~~~~~~~~~~~[0m

  You can mark the path "@fontsource/spline-sans-mono/400.css" as external to exclude it from the bundle, which will remove this error and leave the unresolved path in the bundle.


[31mX [41;31m[[41;97mERROR[41;31m][0m [1mCould not resolve "@fontsource/spline-sans-mono/500.css"[0m

    projects/loupe/src/tokens.css:12:8:
[37m      12 │ @import [32m"@fontsource/spline-sans-mono/500.css"[37m;
         ╵         [32m~~~~~~~~~~~~~~~~~~~~~~~~~~~~~~~~~~~~~~[0m

  You can mark the path "@fontsource/spline-sans-mono/500.css" as external to exclude it from the bundle, which will remove this error and leave the unresolved path in the bundle.


❯ Changes detected. Rebuilding...
✔ Changes detected. Rebuilding...
Application bundle generation failed. [15.770 seconds] - 2026-09-08T20:32:48.528Z

[31mX [41;31m[[41;97mERROR[41;31m][0m [1mCould not resolve "@fontsource/instrument-sans/400.css"[0m

    projects/loupe/src/tokens.css:8:8:
[37m      8 │ @import [32m"@fontsource/instrument-sans/400.css"[37m;
        ╵         [32m~~~~~~~~~~~~~~~~~~~~~~~~~~~~~~~~~~~~~[0m

  You can mark the path "@fontsource/instrument-sans/400.css" as external to exclude it from the bundle, which will remove this error and leave the unresolved path in the bundle.


[31mX [41;31m[[41;97mERROR[41;31m][0m [1mCould not resolve "@fontsource/instrument-sans/500.css"[0m

    projects/loupe/src/tokens.css:9:8:
[37m      9 │ @import [32m"@fontsource/instrument-sans/500.css"[37m;
        ╵         [32m~~~~~~~~~~~~~~~~~~~~~~~~~~~~~~~~~~~~~[0m

  You can mark the path "@fontsource/instrument-sans/500.css" as external to exclude it from the bundle, which will remove this error and leave the unresolved path in the bundle.


[31mX [41;31m[[41;97mERROR[41;31m][0m [1mCould not resolve "@fontsource/instrument-sans/600.css"[0m

    projects/loupe/src/tokens.css:10:8:
[37m      10 │ @import [32m"@fontsource/instrument-sans/600.css"[37m;
         ╵         [32m~~~~~~~~~~~~~~~~~~~~~~~~~~~~~~~~~~~~~[0m

  You can mark the path "@fontsource/instrument-sans/600.css" as external to exclude it from the bundle, which will remove this error and leave the unresolved path in the bundle.


[31mX [41;31m[[41;97mERROR[41;31m][0m [1mCould not resolve "@fontsource/spline-sans-mono/400.css"[0m

    projects/loupe/src/tokens.css:11:8:
[37m      11 │ @import [32m"@fontsource/spline-sans-mono/400.css"[37m;
         ╵         [32m~~~~~~~~~~~~~~~~~~~~~~~~~~~~~~~~~~~~~~[0m

  You can mark the path "@fontsource/spline-sans-mono/400.css" as external to exclude it from the bundle, which will remove this error and leave the unresolved path in the bundle.


[31mX [41;31m[[41;97mERROR[41;31m][0m [1mCould not resolve "@fontsource/spline-sans-mono/500.css"[0m

    projects/loupe/src/tokens.css:12:8:
[37m      12 │ @import [32m"@fontsource/spline-sans-mono/500.css"[37m;
         ╵         [32m~~~~~~~~~~~~~~~~~~~~~~~~~~~~~~~~~~~~~~[0m

  You can mark the path "@fontsource/spline-sans-mono/500.css" as external to exclude it from the bundle, which will remove this error and leave the unresolved path in the bundle.


[31mX [41;31m[[41;97mERROR[41;31m][0m [1mTS2571: Object is of type 'unknown'.[0m [1m[35m[plugin angular-compiler][0m

    projects/loupe/src/app/app.html:2:13:
[37m      2 │ @if (session.[32mcurrent[37m(); as user) {
        ╵              [32m~~~~~~~[0m

  Error occurs in the template of component App.

    projects/loupe/src/app/app.ts:10:15:
[37m      10 │   templateUrl: [32m'./app.html'[37m,
         ╵                [32m~~~~~~~~~~~~[0m


[31mX [41;31m[[41;97mERROR[41;31m][0m [1mTS2571: Object is of type 'unknown'.[0m [1m[35m[plugin angular-compiler][0m

    projects/loupe/src/app/app.html:2:13:
[37m      2 │ @if (session.[32mcurrent[37m(); as user) {
        ╵              [32m~~~~~~~[0m

  Error occurs in the template of component App.

    projects/loupe/src/app/app.ts:10:15:
[37m      10 │   templateUrl: [32m'./app.html'[37m,
         ╵                [32m~~~~~~~~~~~~[0m


[31mX [41;31m[[41;97mERROR[41;31m][0m [1mTS2307: Cannot find module 'api' or its corresponding type declarations.[0m [1m[35m[plugin angular-compiler][0m

    projects/loupe/src/app/app.providers.ts:1:65:
[37m      1 │ ...rt { REFERENCE_IMPORT_SERVICE, ReferenceImportService } from [32m'api'[37m;
        ╵                                                                 [32m~~~~~[0m


[31mX [41;31m[[41;97mERROR[41;31m][0m [1mTS2307: Cannot find module 'api' or its corresponding type declarations.[0m [1m[35m[plugin angular-compiler][0m

    projects/loupe/src/app/app.providers.ts:2:52:
[37m      2 │ import { REFERENCE_SERVICE, ReferenceService } from [32m'api'[37m;
        ╵                                                     [32m~~~~~[0m


[31mX [41;31m[[41;97mERROR[41;31m][0m [1mTS2307: Cannot find module 'api' or its corresponding type declarations.[0m [1m[35m[plugin angular-compiler][0m

    projects/loupe/src/app/app.providers.ts:4:87:
[37m      4 │ ...SessionService, PHOTOGRAPH_SERVICE, PhotographService } from [32m'api'[37m;
        ╵                                                                 [32m~~~~~[0m


[31mX [41;31m[[41;97mERROR[41;31m][0m [1mTS2307: Cannot find module 'api' or its corresponding type declarations.[0m [1m[35m[plugin angular-compiler][0m

    projects/loupe/src/app/app.providers.ts:5:50:
[37m      5 │ import { DELETION_SERVICE, DeletionService } from [32m'api'[37m;
        ╵                                                   [32m~~~~~[0m


[31mX [41;31m[[41;97mERROR[41;31m][0m [1mTS2307: Cannot find module 'api' or its corresponding type declarations.[0m [1m[35m[plugin angular-compiler][0m

    projects/loupe/src/app/app.providers.ts:6:50:
[37m      6 │ import { CRITIQUE_SERVICE, CritiqueService } from [32m'api'[37m;
        ╵                                                   [32m~~~~~[0m


[31mX [41;31m[[41;97mERROR[41;31m][0m [1mTS2307: Cannot find module 'api' or its corresponding type declarations.[0m [1m[35m[plugin angular-compiler][0m

    projects/loupe/src/app/app.providers.ts:7:54:
[37m      7 │ import { COMPARISON_SERVICE, ComparisonService } from [32m'api'[37m;
        ╵                                                       [32m~~~~~[0m


[31mX [41;31m[[41;97mERROR[41;31m][0m [1mTS2307: Cannot find module 'api' or its corresponding type declarations.[0m [1m[35m[plugin angular-compiler][0m

    projects/loupe/src/app/app.ts:4:32:
[37m      4 │ import { SESSION_SERVICE } from [32m'api'[37m;
        ╵                                 [32m~~~~~[0m


[31mX [41;31m[[41;97mERROR[41;31m][0m [1mTS2571: Object is of type 'unknown'.[0m [1m[35m[plugin angular-compiler][0m

    projects/loupe/src/app/app.ts:38:12:
[37m      38 │       await [32mthis.session[37m.signOut();
         ╵             [32m~~~~~~~~~~~~[0m


[31mX [41;31m[[41;97mERROR[41;31m][0m [1mTS2307: Cannot find module 'api' or its corresponding type declarations.[0m [1m[35m[plugin angular-compiler][0m

    projects/loupe/src/app/dialogs/delete-photograph/delete-photograph.ts:18:7:
[37m      18 │ } from [32m'api'[37m;
         ╵        [32m~~~~~[0m


[31mX [41;31m[[41;97mERROR[41;31m][0m [1mTS2571: Object is of type 'unknown'.[0m [1m[35m[plugin angular-compiler][0m

    projects/loupe/src/app/dialogs/delete-photograph/delete-photograph.ts:62:27:
[37m      62 │       const result = await [32mthis.service[37m.deletePhotograph(photograp...
         ╵                            [32m~~~~~~~~~~~~[0m


[31mX [41;31m[[41;97mERROR[41;31m][0m [1mTS18046: 'error' is of type 'unknown'.[0m [1m[35m[plugin angular-compiler][0m

    projects/loupe/src/app/dialogs/delete-photograph/delete-photograph.ts:69:45:
[37m      69 │ ...r instanceof ServiceError && [32merror[37m.code === 'revision_conflict') {
         ╵                                 [32m~~~~~[0m


[31mX [41;31m[[41;97mERROR[41;31m][0m [1mTS18046: 'error' is of type 'unknown'.[0m [1m[35m[plugin angular-compiler][0m

    projects/loupe/src/app/dialogs/delete-photograph/delete-photograph.ts:72:52:
[37m      72 │ ...rror instanceof ServiceError && [32merror[37m.code === 'item_unavailable')
         ╵                                    [32m~~~~~[0m


[31mX [41;31m[[41;97mERROR[41;31m][0m [1mTS2571: Object is of type 'unknown'.[0m [1m[35m[plugin angular-compiler][0m

    projects/loupe/src/app/dialogs/delete-photograph/delete-photograph.ts:87:27:
[37m      87 │       const latest = await [32mthis.photographs[37m.get(photograph.id);
         ╵                            [32m~~~~~~~~~~~~~~~~[0m


[31mX [41;31m[[41;97mERROR[41;31m][0m [1mTS18046: 'error' is of type 'unknown'.[0m [1m[35m[plugin angular-compiler][0m

    projects/loupe/src/app/dialogs/delete-photograph/delete-photograph.ts:97:45:
[37m      97 │ ...rror instanceof ServiceError && [32merror[37m.code === 'item_unavailable')
         ╵                                    [32m~~~~~[0m


[31mX [41;31m[[41;97mERROR[41;31m][0m [1mTS2307: Cannot find module 'api' or its corresponding type declarations.[0m [1m[35m[plugin angular-compiler][0m

    projects/loupe/src/app/dialogs/regenerate-critique/regenerate-critique.ts:2:50:
[37m      2 │ import { OperationResult, PhotographResult } from [32m'api'[37m;
        ╵                                                   [32m~~~~~[0m


[31mX [41;31m[[41;97mERROR[41;31m][0m [1mTS2307: Cannot find module 'api' or its corresponding type declarations.[0m [1m[35m[plugin angular-compiler][0m

    projects/loupe/src/app/dialogs/unsaved-changes/unsaved-changes.ts:10:32:
[37m      10 │ import { SESSION_SERVICE } from [32m'api'[37m;
         ╵                                 [32m~~~~~[0m


[31mX [41;31m[[41;97mERROR[41;31m][0m [1mTS2571: Object is of type 'unknown'.[0m [1m[35m[plugin angular-compiler][0m

    projects/loupe/src/app/dialogs/unsaved-changes/unsaved-changes.ts:29:10:
[37m      29 │       if ([32mthis.session[37m.current() && this.dirty()()) {
         ╵           [32m~~~~~~~~~~~~[0m


[31mX [41;31m[[41;97mERROR[41;31m][0m [1mTS2571: Object is of type 'unknown'.[0m [1m[35m[plugin angular-compiler][0m

    projects/loupe/src/app/dialogs/unsaved-changes/unsaved-changes.ts:41:11:
[37m      41 │     return [32mthis.session[37m.current() && dirty ? this.confirmDiscard()...
         ╵            [32m~~~~~~~~~~~~[0m


[31mX [41;31m[[41;97mERROR[41;31m][0m [1mTS2307: Cannot find module 'api' or its corresponding type declarations.[0m [1m[35m[plugin angular-compiler][0m

    projects/loupe/src/app/pages/photograph-detail/photograph-detail-page.ts:3:83:
[37m      3 │ ...t, OperationResult, PhotographResult, SESSION_SERVICE } from [32m'api'[37m;
        ╵                                                                 [32m~~~~~[0m


[31mX [41;31m[[41;97mERROR[41;31m][0m [1mTS2571: Object is of type 'unknown'.[0m [1m[35m[plugin angular-compiler][0m

    projects/loupe/src/app/pages/photograph-detail/photograph-detail-page.ts:39:8:
[37m      39 │     if ([32mthis.session[37m.current() && (this.deleting() || this.request...
         ╵         [32m~~~~~~~~~~~~[0m


[31mX [41;31m[[41;97mERROR[41;31m][0m [1mTS2307: Cannot find module 'api' or its corresponding type declarations.[0m [1m[35m[plugin angular-compiler][0m

    projects/loupe/src/app/pages/photograph-upload/photograph-upload-page.ts:4:50:
[37m      4 │ import { OperationResult, PhotographResult } from [32m'api'[37m;
        ╵                                                   [32m~~~~~[0m


[31mX [41;31m[[41;97mERROR[41;31m][0m [1mTS2307: Cannot find module 'api' or its corresponding type declarations.[0m [1m[35m[plugin angular-compiler][0m

    projects/loupe/src/app/pages/reference-link/reference-link-page.ts:4:32:
[37m      4 │ import { ReferenceResult } from [32m'api'[37m;
        ╵                                 [32m~~~~~[0m


[31mX [41;31m[[41;97mERROR[41;31m][0m [1mTS2307: Cannot find module 'api' or its corresponding type declarations.[0m [1m[35m[plugin angular-compiler][0m

    projects/loupe/src/app/pages/reference-upload/reference-upload-page.ts:4:32:
[37m      4 │ import { ReferenceResult } from [32m'api'[37m;
        ╵                                 [32m~~~~~[0m


[31mX [41;31m[[41;97mERROR[41;31m][0m [1mTS2307: Cannot find module 'api' or its corresponding type declarations.[0m [1m[35m[plugin angular-compiler][0m

    projects/loupe/src/app/pages/sign-in/sign-in.ts:3:32:
[37m      3 │ import { SESSION_SERVICE } from [32m'api'[37m;
        ╵                                 [32m~~~~~[0m


[31mX [41;31m[[41;97mERROR[41;31m][0m [1mTS2571: Object is of type 'unknown'.[0m [1m[35m[plugin angular-compiler][0m

    projects/loupe/src/app/pages/sign-in/sign-in.ts:12:4:
[37m      12 │     [32mthis.session[37m.signIn(this.destination());
         ╵     [32m~~~~~~~~~~~~[0m


[31mX [41;31m[[41;97mERROR[41;31m][0m [1mTS2307: Cannot find module 'api' or its corresponding type declarations.[0m [1m[35m[plugin angular-compiler][0m

    projects/loupe/src/app/session.guard.ts:3:32:
[37m      3 │ import { SESSION_SERVICE } from [32m'api'[37m;
        ╵                                 [32m~~~~~[0m


[31mX [41;31m[[41;97mERROR[41;31m][0m [1mTS18046: 'session' is of type 'unknown'.[0m [1m[35m[plugin angular-compiler][0m

    projects/loupe/src/app/session.guard.ts:9:18:
[37m      9 │     return (await [32msession[37m.load())
        ╵                   [32m~~~~~~~[0m


[31mX [41;31m[[41;97mERROR[41;31m][0m [1mTS2307: Cannot find module 'api' or its corresponding type declarations.[0m [1m[35m[plugin angular-compiler][0m

    projects/loupe/src/testing/app.providers.ts:1:41:
[37m      1 │ import { REFERENCE_IMPORT_SERVICE } from [32m'api'[37m;
        ╵                                          [32m~~~~~[0m


[31mX [41;31m[[41;97mERROR[41;31m][0m [1mTS2307: Cannot find module 'api' or its corresponding type declarations.[0m [1m[35m[plugin angular-compiler][0m

    projects/loupe/src/testing/app.providers.ts:3:34:
[37m      3 │ import { REFERENCE_SERVICE } from [32m'api'[37m;
        ╵                                   [32m~~~~~[0m


[31mX [41;31m[[41;97mERROR[41;31m][0m [1mTS2307: Cannot find module 'api' or its corresponding type declarations.[0m [1m[35m[plugin angular-compiler][0m

    projects/loupe/src/testing/app.providers.ts:5:88:
[37m      5 │ ...HOTOGRAPH_SERVICE, DELETION_SERVICE, CRITIQUE_SERVICE } from [32m'api'[37m;
        ╵                                                                 [32m~~~~~[0m


[31mX [41;31m[[41;97mERROR[41;31m][0m [1mTS2307: Cannot find module 'api' or its corresponding type declarations.[0m [1m[35m[plugin angular-compiler][0m

    projects/loupe/src/testing/app.providers.ts:10:35:
[37m      10 │ import { COMPARISON_SERVICE } from [32m'api'[37m;
         ╵                                    [32m~~~~~[0m


[31mX [41;31m[[41;97mERROR[41;31m][0m [1mTS2307: Cannot find module 'api' or its corresponding type declarations.[0m [1m[35m[plugin angular-compiler][0m

    projects/loupe/src/testing/mock-comparison.service.ts:10:7:
[37m      10 │ } from [32m'api'[37m;
         ╵        [32m~~~~~[0m


[31mX [41;31m[[41;97mERROR[41;31m][0m [1mTS2307: Cannot find module 'api' or its corresponding type declarations.[0m [1m[35m[plugin angular-compiler][0m

    projects/loupe/src/testing/mock-critique.service.ts:9:7:
[37m      9 │ } from [32m'api'[37m;
        ╵        [32m~~~~~[0m


[31mX [41;31m[[41;97mERROR[41;31m][0m [1mTS2307: Cannot find module 'api' or its corresponding type declarations.[0m [1m[35m[plugin angular-compiler][0m

    projects/loupe/src/testing/mock-deletion.service.ts:2:63:
[37m      2 │ import { DeletionResult, IDeletionService, ServiceError } from [32m'api'[37m;
        ╵                                                                [32m~~~~~[0m


[31mX [41;31m[[41;97mERROR[41;31m][0m [1mTS2307: Cannot find module 'api' or its corresponding type declarations.[0m [1m[35m[plugin angular-compiler][0m

    projects/loupe/src/testing/mock-photograph.service.ts:10:7:
[37m      10 │ } from [32m'api'[37m;
         ╵        [32m~~~~~[0m


[31mX [41;31m[[41;97mERROR[41;31m][0m [1mTS2307: Cannot find module 'api' or its corresponding type declarations.[0m [1m[35m[plugin angular-compiler][0m

    projects/loupe/src/testing/mock-reference-import.service.ts:7:7:
[37m      7 │ } from [32m'api'[37m;
        ╵        [32m~~~~~[0m


[31mX [41;31m[[41;97mERROR[41;31m][0m [1mTS2307: Cannot find module 'api' or its corresponding type declarations.[0m [1m[35m[plugin angular-compiler][0m

    projects/loupe/src/testing/mock-reference.service.ts:1:70:
[37m      1 │ ...ReferenceMetadata, ReferenceLink, ReferenceLinkResult } from [32m'api'[37m;
        ╵                                                                 [32m~~~~~[0m


[31mX [41;31m[[41;97mERROR[41;31m][0m [1mTS2307: Cannot find module 'api' or its corresponding type declarations.[0m [1m[35m[plugin angular-compiler][0m

    projects/loupe/src/testing/mock-reference.service.ts:2:48:
[37m      2 │ import { ReferenceUpload, UploadProgress } from [32m'api'[37m;
        ╵                                                 [32m~~~~~[0m


[31mX [41;31m[[41;97mERROR[41;31m][0m [1mTS2307: Cannot find module 'api' or its corresponding type declarations.[0m [1m[35m[plugin angular-compiler][0m

    projects/loupe/src/testing/mock-reference.service.ts:4:80:
[37m      4 │ ...Service, ReferencePage, ReferenceResult, ServiceError } from [32m'api'[37m;
        ╵                                                                 [32m~~~~~[0m


[31mX [41;31m[[41;97mERROR[41;31m][0m [1mTS2307: Cannot find module 'api' or its corresponding type declarations.[0m [1m[35m[plugin angular-compiler][0m

    projects/loupe/src/testing/mock-session.service.ts:3:47:
[37m      3 │ import { ISessionService, SessionResult } from [32m'api'[37m;
        ╵                                                [32m~~~~~[0m


❯ Changes detected. Rebuilding...
✔ Changes detected. Rebuilding...
Application bundle generation failed. [0.084 seconds] - 2026-09-08T20:32:53.600Z

[31mX [41;31m[[41;97mERROR[41;31m][0m [1mCould not resolve "@fontsource/instrument-sans/400.css"[0m

    projects/loupe/src/tokens.css:8:8:
[37m      8 │ @import [32m"@fontsource/instrument-sans/400.css"[37m;
        ╵         [32m~~~~~~~~~~~~~~~~~~~~~~~~~~~~~~~~~~~~~[0m

  You can mark the path "@fontsource/instrument-sans/400.css" as external to exclude it from the bundle, which will remove this error and leave the unresolved path in the bundle.


[31mX [41;31m[[41;97mERROR[41;31m][0m [1mCould not resolve "@fontsource/instrument-sans/500.css"[0m

    projects/loupe/src/tokens.css:9:8:
[37m      9 │ @import [32m"@fontsource/instrument-sans/500.css"[37m;
        ╵         [32m~~~~~~~~~~~~~~~~~~~~~~~~~~~~~~~~~~~~~[0m

  You can mark the path "@fontsource/instrument-sans/500.css" as external to exclude it from the bundle, which will remove this error and leave the unresolved path in the bundle.


[31mX [41;31m[[41;97mERROR[41;31m][0m [1mCould not resolve "@fontsource/instrument-sans/600.css"[0m

    projects/loupe/src/tokens.css:10:8:
[37m      10 │ @import [32m"@fontsource/instrument-sans/600.css"[37m;
         ╵         [32m~~~~~~~~~~~~~~~~~~~~~~~~~~~~~~~~~~~~~[0m

  You can mark the path "@fontsource/instrument-sans/600.css" as external to exclude it from the bundle, which will remove this error and leave the unresolved path in the bundle.


[31mX [41;31m[[41;97mERROR[41;31m][0m [1mCould not resolve "@fontsource/spline-sans-mono/400.css"[0m

    projects/loupe/src/tokens.css:11:8:
[37m      11 │ @import [32m"@fontsource/spline-sans-mono/400.css"[37m;
         ╵         [32m~~~~~~~~~~~~~~~~~~~~~~~~~~~~~~~~~~~~~~[0m

  You can mark the path "@fontsource/spline-sans-mono/400.css" as external to exclude it from the bundle, which will remove this error and leave the unresolved path in the bundle.


[31mX [41;31m[[41;97mERROR[41;31m][0m [1mCould not resolve "@fontsource/spline-sans-mono/500.css"[0m

    projects/loupe/src/tokens.css:12:8:
[37m      12 │ @import [32m"@fontsource/spline-sans-mono/500.css"[37m;
         ╵         [32m~~~~~~~~~~~~~~~~~~~~~~~~~~~~~~~~~~~~~~[0m

  You can mark the path "@fontsource/spline-sans-mono/500.css" as external to exclude it from the bundle, which will remove this error and leave the unresolved path in the bundle.


[31mX [41;31m[[41;97mERROR[41;31m][0m [1mTS2571: Object is of type 'unknown'.[0m [1m[35m[plugin angular-compiler][0m

    projects/loupe/src/app/app.html:2:13:
[37m      2 │ @if (session.[32mcurrent[37m(); as user) {
        ╵              [32m~~~~~~~[0m

  Error occurs in the template of component App.

    projects/loupe/src/app/app.ts:10:15:
[37m      10 │   templateUrl: [32m'./app.html'[37m,
         ╵                [32m~~~~~~~~~~~~[0m


[31mX [41;31m[[41;97mERROR[41;31m][0m [1mTS2571: Object is of type 'unknown'.[0m [1m[35m[plugin angular-compiler][0m

    projects/loupe/src/app/app.html:2:13:
[37m      2 │ @if (session.[32mcurrent[37m(); as user) {
        ╵              [32m~~~~~~~[0m

  Error occurs in the template of component App.

    projects/loupe/src/app/app.ts:10:15:
[37m      10 │   templateUrl: [32m'./app.html'[37m,
         ╵                [32m~~~~~~~~~~~~[0m


[31mX [41;31m[[41;97mERROR[41;31m][0m [1mTS2307: Cannot find module 'api' or its corresponding type declarations.[0m [1m[35m[plugin angular-compiler][0m

    projects/loupe/src/app/app.providers.ts:1:65:
[37m      1 │ ...rt { REFERENCE_IMPORT_SERVICE, ReferenceImportService } from [32m'api'[37m;
        ╵                                                                 [32m~~~~~[0m


[31mX [41;31m[[41;97mERROR[41;31m][0m [1mTS2307: Cannot find module 'api' or its corresponding type declarations.[0m [1m[35m[plugin angular-compiler][0m

    projects/loupe/src/app/app.providers.ts:2:52:
[37m      2 │ import { REFERENCE_SERVICE, ReferenceService } from [32m'api'[37m;
        ╵                                                     [32m~~~~~[0m


[31mX [41;31m[[41;97mERROR[41;31m][0m [1mTS2307: Cannot find module 'api' or its corresponding type declarations.[0m [1m[35m[plugin angular-compiler][0m

    projects/loupe/src/app/app.providers.ts:4:87:
[37m      4 │ ...SessionService, PHOTOGRAPH_SERVICE, PhotographService } from [32m'api'[37m;
        ╵                                                                 [32m~~~~~[0m


[31mX [41;31m[[41;97mERROR[41;31m][0m [1mTS2307: Cannot find module 'api' or its corresponding type declarations.[0m [1m[35m[plugin angular-compiler][0m

    projects/loupe/src/app/app.providers.ts:5:50:
[37m      5 │ import { DELETION_SERVICE, DeletionService } from [32m'api'[37m;
        ╵                                                   [32m~~~~~[0m


[31mX [41;31m[[41;97mERROR[41;31m][0m [1mTS2307: Cannot find module 'api' or its corresponding type declarations.[0m [1m[35m[plugin angular-compiler][0m

    projects/loupe/src/app/app.providers.ts:6:50:
[37m      6 │ import { CRITIQUE_SERVICE, CritiqueService } from [32m'api'[37m;
        ╵                                                   [32m~~~~~[0m


[31mX [41;31m[[41;97mERROR[41;31m][0m [1mTS2307: Cannot find module 'api' or its corresponding type declarations.[0m [1m[35m[plugin angular-compiler][0m

    projects/loupe/src/app/app.providers.ts:7:54:
[37m      7 │ import { COMPARISON_SERVICE, ComparisonService } from [32m'api'[37m;
        ╵                                                       [32m~~~~~[0m


[31mX [41;31m[[41;97mERROR[41;31m][0m [1mTS2307: Cannot find module 'api' or its corresponding type declarations.[0m [1m[35m[plugin angular-compiler][0m

    projects/loupe/src/app/app.ts:4:32:
[37m      4 │ import { SESSION_SERVICE } from [32m'api'[37m;
        ╵                                 [32m~~~~~[0m


[31mX [41;31m[[41;97mERROR[41;31m][0m [1mTS2571: Object is of type 'unknown'.[0m [1m[35m[plugin angular-compiler][0m

    projects/loupe/src/app/app.ts:38:12:
[37m      38 │       await [32mthis.session[37m.signOut();
         ╵             [32m~~~~~~~~~~~~[0m


[31mX [41;31m[[41;97mERROR[41;31m][0m [1mTS2307: Cannot find module 'api' or its corresponding type declarations.[0m [1m[35m[plugin angular-compiler][0m

    projects/loupe/src/app/dialogs/delete-photograph/delete-photograph.ts:18:7:
[37m      18 │ } from [32m'api'[37m;
         ╵        [32m~~~~~[0m


[31mX [41;31m[[41;97mERROR[41;31m][0m [1mTS2571: Object is of type 'unknown'.[0m [1m[35m[plugin angular-compiler][0m

    projects/loupe/src/app/dialogs/delete-photograph/delete-photograph.ts:62:27:
[37m      62 │       const result = await [32mthis.service[37m.deletePhotograph(photograp...
         ╵                            [32m~~~~~~~~~~~~[0m


[31mX [41;31m[[41;97mERROR[41;31m][0m [1mTS18046: 'error' is of type 'unknown'.[0m [1m[35m[plugin angular-compiler][0m

    projects/loupe/src/app/dialogs/delete-photograph/delete-photograph.ts:69:45:
[37m      69 │ ...r instanceof ServiceError && [32merror[37m.code === 'revision_conflict') {
         ╵                                 [32m~~~~~[0m


[31mX [41;31m[[41;97mERROR[41;31m][0m [1mTS18046: 'error' is of type 'unknown'.[0m [1m[35m[plugin angular-compiler][0m

    projects/loupe/src/app/dialogs/delete-photograph/delete-photograph.ts:72:52:
[37m      72 │ ...rror instanceof ServiceError && [32merror[37m.code === 'item_unavailable')
         ╵                                    [32m~~~~~[0m


[31mX [41;31m[[41;97mERROR[41;31m][0m [1mTS2571: Object is of type 'unknown'.[0m [1m[35m[plugin angular-compiler][0m

    projects/loupe/src/app/dialogs/delete-photograph/delete-photograph.ts:87:27:
[37m      87 │       const latest = await [32mthis.photographs[37m.get(photograph.id);
         ╵                            [32m~~~~~~~~~~~~~~~~[0m


[31mX [41;31m[[41;97mERROR[41;31m][0m [1mTS18046: 'error' is of type 'unknown'.[0m [1m[35m[plugin angular-compiler][0m

    projects/loupe/src/app/dialogs/delete-photograph/delete-photograph.ts:97:45:
[37m      97 │ ...rror instanceof ServiceError && [32merror[37m.code === 'item_unavailable')
         ╵                                    [32m~~~~~[0m


[31mX [41;31m[[41;97mERROR[41;31m][0m [1mTS2307: Cannot find module 'api' or its corresponding type declarations.[0m [1m[35m[plugin angular-compiler][0m

    projects/loupe/src/app/dialogs/regenerate-critique/regenerate-critique.ts:2:50:
[37m      2 │ import { OperationResult, PhotographResult } from [32m'api'[37m;
        ╵                                                   [32m~~~~~[0m


[31mX [41;31m[[41;97mERROR[41;31m][0m [1mTS2307: Cannot find module 'api' or its corresponding type declarations.[0m [1m[35m[plugin angular-compiler][0m

    projects/loupe/src/app/dialogs/unsaved-changes/unsaved-changes.ts:10:32:
[37m      10 │ import { SESSION_SERVICE } from [32m'api'[37m;
         ╵                                 [32m~~~~~[0m


[31mX [41;31m[[41;97mERROR[41;31m][0m [1mTS2571: Object is of type 'unknown'.[0m [1m[35m[plugin angular-compiler][0m

    projects/loupe/src/app/dialogs/unsaved-changes/unsaved-changes.ts:29:10:
[37m      29 │       if ([32mthis.session[37m.current() && this.dirty()()) {
         ╵           [32m~~~~~~~~~~~~[0m


[31mX [41;31m[[41;97mERROR[41;31m][0m [1mTS2571: Object is of type 'unknown'.[0m [1m[35m[plugin angular-compiler][0m

    projects/loupe/src/app/dialogs/unsaved-changes/unsaved-changes.ts:41:11:
[37m      41 │     return [32mthis.session[37m.current() && dirty ? this.confirmDiscard()...
         ╵            [32m~~~~~~~~~~~~[0m


[31mX [41;31m[[41;97mERROR[41;31m][0m [1mTS2307: Cannot find module 'api' or its corresponding type declarations.[0m [1m[35m[plugin angular-compiler][0m

    projects/loupe/src/app/pages/photograph-detail/photograph-detail-page.ts:3:83:
[37m      3 │ ...t, OperationResult, PhotographResult, SESSION_SERVICE } from [32m'api'[37m;
        ╵                                                                 [32m~~~~~[0m


[31mX [41;31m[[41;97mERROR[41;31m][0m [1mTS2571: Object is of type 'unknown'.[0m [1m[35m[plugin angular-compiler][0m

    projects/loupe/src/app/pages/photograph-detail/photograph-detail-page.ts:39:8:
[37m      39 │     if ([32mthis.session[37m.current() && (this.deleting() || this.request...
         ╵         [32m~~~~~~~~~~~~[0m


[31mX [41;31m[[41;97mERROR[41;31m][0m [1mTS2307: Cannot find module 'api' or its corresponding type declarations.[0m [1m[35m[plugin angular-compiler][0m

    projects/loupe/src/app/pages/photograph-upload/photograph-upload-page.ts:4:50:
[37m      4 │ import { OperationResult, PhotographResult } from [32m'api'[37m;
        ╵                                                   [32m~~~~~[0m


[31mX [41;31m[[41;97mERROR[41;31m][0m [1mTS2307: Cannot find module 'api' or its corresponding type declarations.[0m [1m[35m[plugin angular-compiler][0m

    projects/loupe/src/app/pages/reference-link/reference-link-page.ts:4:32:
[37m      4 │ import { ReferenceResult } from [32m'api'[37m;
        ╵                                 [32m~~~~~[0m


[31mX [41;31m[[41;97mERROR[41;31m][0m [1mTS2307: Cannot find module 'api' or its corresponding type declarations.[0m [1m[35m[plugin angular-compiler][0m

    projects/loupe/src/app/pages/reference-upload/reference-upload-page.ts:4:32:
[37m      4 │ import { ReferenceResult } from [32m'api'[37m;
        ╵                                 [32m~~~~~[0m


[31mX [41;31m[[41;97mERROR[41;31m][0m [1mTS2307: Cannot find module 'api' or its corresponding type declarations.[0m [1m[35m[plugin angular-compiler][0m

    projects/loupe/src/app/pages/sign-in/sign-in.ts:3:32:
[37m      3 │ import { SESSION_SERVICE } from [32m'api'[37m;
        ╵                                 [32m~~~~~[0m


[31mX [41;31m[[41;97mERROR[41;31m][0m [1mTS2571: Object is of type 'unknown'.[0m [1m[35m[plugin angular-compiler][0m

    projects/loupe/src/app/pages/sign-in/sign-in.ts:12:4:
[37m      12 │     [32mthis.session[37m.signIn(this.destination());
         ╵     [32m~~~~~~~~~~~~[0m


[31mX [41;31m[[41;97mERROR[41;31m][0m [1mTS2307: Cannot find module 'api' or its corresponding type declarations.[0m [1m[35m[plugin angular-compiler][0m

    projects/loupe/src/app/session.guard.ts:3:32:
[37m      3 │ import { SESSION_SERVICE } from [32m'api'[37m;
        ╵                                 [32m~~~~~[0m


[31mX [41;31m[[41;97mERROR[41;31m][0m [1mTS18046: 'session' is of type 'unknown'.[0m [1m[35m[plugin angular-compiler][0m

    projects/loupe/src/app/session.guard.ts:9:18:
[37m      9 │     return (await [32msession[37m.load())
        ╵                   [32m~~~~~~~[0m


[31mX [41;31m[[41;97mERROR[41;31m][0m [1mTS2307: Cannot find module 'api' or its corresponding type declarations.[0m [1m[35m[plugin angular-compiler][0m

    projects/loupe/src/testing/app.providers.ts:1:41:
[37m      1 │ import { REFERENCE_IMPORT_SERVICE } from [32m'api'[37m;
        ╵                                          [32m~~~~~[0m


[31mX [41;31m[[41;97mERROR[41;31m][0m [1mTS2307: Cannot find module 'api' or its corresponding type declarations.[0m [1m[35m[plugin angular-compiler][0m

    projects/loupe/src/testing/app.providers.ts:3:34:
[37m      3 │ import { REFERENCE_SERVICE } from [32m'api'[37m;
        ╵                                   [32m~~~~~[0m


[31mX [41;31m[[41;97mERROR[41;31m][0m [1mTS2307: Cannot find module 'api' or its corresponding type declarations.[0m [1m[35m[plugin angular-compiler][0m

    projects/loupe/src/testing/app.providers.ts:5:88:
[37m      5 │ ...HOTOGRAPH_SERVICE, DELETION_SERVICE, CRITIQUE_SERVICE } from [32m'api'[37m;
        ╵                                                                 [32m~~~~~[0m


[31mX [41;31m[[41;97mERROR[41;31m][0m [1mTS2307: Cannot find module 'api' or its corresponding type declarations.[0m [1m[35m[plugin angular-compiler][0m

    projects/loupe/src/testing/app.providers.ts:10:35:
[37m      10 │ import { COMPARISON_SERVICE } from [32m'api'[37m;
         ╵                                    [32m~~~~~[0m


[31mX [41;31m[[41;97mERROR[41;31m][0m [1mTS2307: Cannot find module 'api' or its corresponding type declarations.[0m [1m[35m[plugin angular-compiler][0m

    projects/loupe/src/testing/mock-comparison.service.ts:10:7:
[37m      10 │ } from [32m'api'[37m;
         ╵        [32m~~~~~[0m


[31mX [41;31m[[41;97mERROR[41;31m][0m [1mTS2307: Cannot find module 'api' or its corresponding type declarations.[0m [1m[35m[plugin angular-compiler][0m

    projects/loupe/src/testing/mock-critique.service.ts:9:7:
[37m      9 │ } from [32m'api'[37m;
        ╵        [32m~~~~~[0m


[31mX [41;31m[[41;97mERROR[41;31m][0m [1mTS2307: Cannot find module 'api' or its corresponding type declarations.[0m [1m[35m[plugin angular-compiler][0m

    projects/loupe/src/testing/mock-deletion.service.ts:2:63:
[37m      2 │ import { DeletionResult, IDeletionService, ServiceError } from [32m'api'[37m;
        ╵                                                                [32m~~~~~[0m


[31mX [41;31m[[41;97mERROR[41;31m][0m [1mTS2307: Cannot find module 'api' or its corresponding type declarations.[0m [1m[35m[plugin angular-compiler][0m

    projects/loupe/src/testing/mock-photograph.service.ts:10:7:
[37m      10 │ } from [32m'api'[37m;
         ╵        [32m~~~~~[0m


[31mX [41;31m[[41;97mERROR[41;31m][0m [1mTS2307: Cannot find module 'api' or its corresponding type declarations.[0m [1m[35m[plugin angular-compiler][0m

    projects/loupe/src/testing/mock-reference-import.service.ts:7:7:
[37m      7 │ } from [32m'api'[37m;
        ╵        [32m~~~~~[0m


[31mX [41;31m[[41;97mERROR[41;31m][0m [1mTS2307: Cannot find module 'api' or its corresponding type declarations.[0m [1m[35m[plugin angular-compiler][0m

    projects/loupe/src/testing/mock-reference.service.ts:1:70:
[37m      1 │ ...ReferenceMetadata, ReferenceLink, ReferenceLinkResult } from [32m'api'[37m;
        ╵                                                                 [32m~~~~~[0m


[31mX [41;31m[[41;97mERROR[41;31m][0m [1mTS2307: Cannot find module 'api' or its corresponding type declarations.[0m [1m[35m[plugin angular-compiler][0m

    projects/loupe/src/testing/mock-reference.service.ts:2:48:
[37m      2 │ import { ReferenceUpload, UploadProgress } from [32m'api'[37m;
        ╵                                                 [32m~~~~~[0m


[31mX [41;31m[[41;97mERROR[41;31m][0m [1mTS2307: Cannot find module 'api' or its corresponding type declarations.[0m [1m[35m[plugin angular-compiler][0m

    projects/loupe/src/testing/mock-reference.service.ts:4:80:
[37m      4 │ ...Service, ReferencePage, ReferenceResult, ServiceError } from [32m'api'[37m;
        ╵                                                                 [32m~~~~~[0m


[31mX [41;31m[[41;97mERROR[41;31m][0m [1mTS2307: Cannot find module 'api' or its corresponding type declarations.[0m [1m[35m[plugin angular-compiler][0m

    projects/loupe/src/testing/mock-session.service.ts:3:47:
[37m      3 │ import { ISessionService, SessionResult } from [32m'api'[37m;
        ╵                                                [32m~~~~~[0m


❯ Changes detected. Rebuilding...
✔ Changes detected. Rebuilding...
Application bundle generation failed. [7.702 seconds] - 2026-09-08T20:33:13.938Z

[31mX [41;31m[[41;97mERROR[41;31m][0m [1mCould not resolve "@fontsource/instrument-sans/400.css"[0m

    projects/loupe/src/tokens.css:8:8:
[37m      8 │ @import [32m"@fontsource/instrument-sans/400.css"[37m;
        ╵         [32m~~~~~~~~~~~~~~~~~~~~~~~~~~~~~~~~~~~~~[0m

  You can mark the path "@fontsource/instrument-sans/400.css" as external to exclude it from the bundle, which will remove this error and leave the unresolved path in the bundle.


[31mX [41;31m[[41;97mERROR[41;31m][0m [1mCould not resolve "@fontsource/instrument-sans/500.css"[0m

    projects/loupe/src/tokens.css:9:8:
[37m      9 │ @import [32m"@fontsource/instrument-sans/500.css"[37m;
        ╵         [32m~~~~~~~~~~~~~~~~~~~~~~~~~~~~~~~~~~~~~[0m

  You can mark the path "@fontsource/instrument-sans/500.css" as external to exclude it from the bundle, which will remove this error and leave the unresolved path in the bundle.


[31mX [41;31m[[41;97mERROR[41;31m][0m [1mCould not resolve "@fontsource/instrument-sans/600.css"[0m

    projects/loupe/src/tokens.css:10:8:
[37m      10 │ @import [32m"@fontsource/instrument-sans/600.css"[37m;
         ╵         [32m~~~~~~~~~~~~~~~~~~~~~~~~~~~~~~~~~~~~~[0m

  You can mark the path "@fontsource/instrument-sans/600.css" as external to exclude it from the bundle, which will remove this error and leave the unresolved path in the bundle.


[31mX [41;31m[[41;97mERROR[41;31m][0m [1mCould not resolve "@fontsource/spline-sans-mono/400.css"[0m

    projects/loupe/src/tokens.css:11:8:
[37m      11 │ @import [32m"@fontsource/spline-sans-mono/400.css"[37m;
         ╵         [32m~~~~~~~~~~~~~~~~~~~~~~~~~~~~~~~~~~~~~~[0m

  You can mark the path "@fontsource/spline-sans-mono/400.css" as external to exclude it from the bundle, which will remove this error and leave the unresolved path in the bundle.


[31mX [41;31m[[41;97mERROR[41;31m][0m [1mCould not resolve "@fontsource/spline-sans-mono/500.css"[0m

    projects/loupe/src/tokens.css:12:8:
[37m      12 │ @import [32m"@fontsource/spline-sans-mono/500.css"[37m;
         ╵         [32m~~~~~~~~~~~~~~~~~~~~~~~~~~~~~~~~~~~~~~[0m

  You can mark the path "@fontsource/spline-sans-mono/500.css" as external to exclude it from the bundle, which will remove this error and leave the unresolved path in the bundle.


❯ Changes detected. Rebuilding...
✔ Changes detected. Rebuilding...
Application bundle generation failed. [0.008 seconds] - 2026-09-08T20:33:17.863Z

[31mX [41;31m[[41;97mERROR[41;31m][0m [1mCould not resolve "@fontsource/instrument-sans/400.css"[0m

    projects/loupe/src/tokens.css:8:8:
[37m      8 │ @import [32m"@fontsource/instrument-sans/400.css"[37m;
        ╵         [32m~~~~~~~~~~~~~~~~~~~~~~~~~~~~~~~~~~~~~[0m

  You can mark the path "@fontsource/instrument-sans/400.css" as external to exclude it from the bundle, which will remove this error and leave the unresolved path in the bundle.


[31mX [41;31m[[41;97mERROR[41;31m][0m [1mCould not resolve "@fontsource/instrument-sans/500.css"[0m

    projects/loupe/src/tokens.css:9:8:
[37m      9 │ @import [32m"@fontsource/instrument-sans/500.css"[37m;
        ╵         [32m~~~~~~~~~~~~~~~~~~~~~~~~~~~~~~~~~~~~~[0m

  You can mark the path "@fontsource/instrument-sans/500.css" as external to exclude it from the bundle, which will remove this error and leave the unresolved path in the bundle.


[31mX [41;31m[[41;97mERROR[41;31m][0m [1mCould not resolve "@fontsource/instrument-sans/600.css"[0m

    projects/loupe/src/tokens.css:10:8:
[37m      10 │ @import [32m"@fontsource/instrument-sans/600.css"[37m;
         ╵         [32m~~~~~~~~~~~~~~~~~~~~~~~~~~~~~~~~~~~~~[0m

  You can mark the path "@fontsource/instrument-sans/600.css" as external to exclude it from the bundle, which will remove this error and leave the unresolved path in the bundle.


[31mX [41;31m[[41;97mERROR[41;31m][0m [1mCould not resolve "@fontsource/spline-sans-mono/400.css"[0m

    projects/loupe/src/tokens.css:11:8:
[37m      11 │ @import [32m"@fontsource/spline-sans-mono/400.css"[37m;
         ╵         [32m~~~~~~~~~~~~~~~~~~~~~~~~~~~~~~~~~~~~~~[0m

  You can mark the path "@fontsource/spline-sans-mono/400.css" as external to exclude it from the bundle, which will remove this error and leave the unresolved path in the bundle.


[31mX [41;31m[[41;97mERROR[41;31m][0m [1mCould not resolve "@fontsource/spline-sans-mono/500.css"[0m

    projects/loupe/src/tokens.css:12:8:
[37m      12 │ @import [32m"@fontsource/spline-sans-mono/500.css"[37m;
         ╵         [32m~~~~~~~~~~~~~~~~~~~~~~~~~~~~~~~~~~~~~~[0m

  You can mark the path "@fontsource/spline-sans-mono/500.css" as external to exclude it from the bundle, which will remove this error and leave the unresolved path in the bundle.


❯ Changes detected. Rebuilding...
✔ Changes detected. Rebuilding...
Application bundle generation failed. [0.829 seconds] - 2026-09-08T20:33:29.965Z

[31mX [41;31m[[41;97mERROR[41;31m][0m [1mCould not resolve "@fontsource/instrument-sans/400.css"[0m

    projects/loupe/src/tokens.css:8:8:
[37m      8 │ @import [32m"@fontsource/instrument-sans/400.css"[37m;
        ╵         [32m~~~~~~~~~~~~~~~~~~~~~~~~~~~~~~~~~~~~~[0m

  You can mark the path "@fontsource/instrument-sans/400.css" as external to exclude it from the bundle, which will remove this error and leave the unresolved path in the bundle.


[31mX [41;31m[[41;97mERROR[41;31m][0m [1mCould not resolve "@fontsource/instrument-sans/500.css"[0m

    projects/loupe/src/tokens.css:9:8:
[37m      9 │ @import [32m"@fontsource/instrument-sans/500.css"[37m;
        ╵         [32m~~~~~~~~~~~~~~~~~~~~~~~~~~~~~~~~~~~~~[0m

  You can mark the path "@fontsource/instrument-sans/500.css" as external to exclude it from the bundle, which will remove this error and leave the unresolved path in the bundle.


[31mX [41;31m[[41;97mERROR[41;31m][0m [1mCould not resolve "@fontsource/instrument-sans/600.css"[0m

    projects/loupe/src/tokens.css:10:8:
[37m      10 │ @import [32m"@fontsource/instrument-sans/600.css"[37m;
         ╵         [32m~~~~~~~~~~~~~~~~~~~~~~~~~~~~~~~~~~~~~[0m

  You can mark the path "@fontsource/instrument-sans/600.css" as external to exclude it from the bundle, which will remove this error and leave the unresolved path in the bundle.


[31mX [41;31m[[41;97mERROR[41;31m][0m [1mCould not resolve "@fontsource/spline-sans-mono/400.css"[0m

    projects/loupe/src/tokens.css:11:8:
[37m      11 │ @import [32m"@fontsource/spline-sans-mono/400.css"[37m;
         ╵         [32m~~~~~~~~~~~~~~~~~~~~~~~~~~~~~~~~~~~~~~[0m

  You can mark the path "@fontsource/spline-sans-mono/400.css" as external to exclude it from the bundle, which will remove this error and leave the unresolved path in the bundle.


[31mX [41;31m[[41;97mERROR[41;31m][0m [1mCould not resolve "@fontsource/spline-sans-mono/500.css"[0m

    projects/loupe/src/tokens.css:12:8:
[37m      12 │ @import [32m"@fontsource/spline-sans-mono/500.css"[37m;
         ╵         [32m~~~~~~~~~~~~~~~~~~~~~~~~~~~~~~~~~~~~~~[0m

  You can mark the path "@fontsource/spline-sans-mono/500.css" as external to exclude it from the bundle, which will remove this error and leave the unresolved path in the bundle.


[31mX [41;31m[[41;97mERROR[41;31m][0m [1mTS2591: Cannot find name 'domain'. Do you need to install type definitions for node? Try `npm i --save-dev @types/node` and then add 'node' to the types field in your tsconfig.[0m [1m[35m[plugin angular-compiler][0m

    projects/loupe/src/app/dialogs/regenerate-critique/regenerate-critique.ts:3:32:
[37m      3 │ import { RequestCritique } from [32m'domain'[37m;
        ╵                                 [32m~~~~~~~~[0m


[31mX [41;31m[[41;97mERROR[41;31m][0m [1mNG1010: 'imports' must be an array of components, directives, pipes, or NgModules.
  Value could not be determined statically.[0m [1m[35m[plugin angular-compiler][0m

    projects/loupe/src/app/dialogs/regenerate-critique/regenerate-critique.ts:7:12:
[37m      7 │   imports: [[32mRequestCritique[37m],
        ╵             [32m~~~~~~~~~~~~~~~[0m

  Unknown reference.

    projects/loupe/src/app/dialogs/regenerate-critique/regenerate-critique.ts:7:12:
[37m      7 │   imports: [[32mRequestCritique[37m],
        ╵             [32m~~~~~~~~~~~~~~~[0m


[31mX [41;31m[[41;97mERROR[41;31m][0m [1mTS2339: Property 'busy' does not exist on type '{}'.[0m [1m[35m[plugin angular-compiler][0m

    projects/loupe/src/app/dialogs/regenerate-critique/regenerate-critique.ts:17:52:
[37m      17 │ ...uted(() => !!(this.request()?.[32mbusy[37m() || this.request()?.reviewi...
         ╵                                  [32m~~~~[0m


[31mX [41;31m[[41;97mERROR[41;31m][0m [1mTS2339: Property 'reviewing' does not exist on type '{}'.[0m [1m[35m[plugin angular-compiler][0m

    projects/loupe/src/app/dialogs/regenerate-critique/regenerate-critique.ts:17:78:
[37m      17 │ ...(() => !!(this.request()?.busy() || this.request()?.[32mreviewing[37m()));
         ╵                                                        [32m~~~~~~~~~[0m


[31mX [41;31m[[41;97mERROR[41;31m][0m [1mTS2591: Cannot find name 'domain'. Do you need to install type definitions for node? Try `npm i --save-dev @types/node` and then add 'node' to the types field in your tsconfig.[0m [1m[35m[plugin angular-compiler][0m

    projects/loupe/src/app/dialogs/replace-attempt/replace-attempt.ts:2:30:
[37m      2 │ import { AttemptPicker } from [32m'domain'[37m;
        ╵                               [32m~~~~~~~~[0m


[31mX [41;31m[[41;97mERROR[41;31m][0m [1mNG1010: 'imports' must be an array of components, directives, pipes, or NgModules.
  Value could not be determined statically.[0m [1m[35m[plugin angular-compiler][0m

    projects/loupe/src/app/dialogs/replace-attempt/replace-attempt.ts:6:12:
[37m      6 │   imports: [[32mAttemptPicker[37m],
        ╵             [32m~~~~~~~~~~~~~[0m

  Unknown reference.

    projects/loupe/src/app/dialogs/replace-attempt/replace-attempt.ts:6:12:
[37m      6 │   imports: [[32mAttemptPicker[37m],
        ╵             [32m~~~~~~~~~~~~~[0m


[31mX [41;31m[[41;97mERROR[41;31m][0m [1mTS2591: Cannot find name 'domain'. Do you need to install type definitions for node? Try `npm i --save-dev @types/node` and then add 'node' to the types field in your tsconfig.[0m [1m[35m[plugin angular-compiler][0m

    projects/loupe/src/app/pages/compare/compare-page.ts:3:49:
[37m      3 │ import { AttemptComparison, AttemptPicker } from [32m'domain'[37m;
        ╵                                                  [32m~~~~~~~~[0m


[31mX [41;31m[[41;97mERROR[41;31m][0m [1mNG1010: 'imports' must be an array of components, directives, pipes, or NgModules.
  Value could not be determined statically.[0m [1m[35m[plugin angular-compiler][0m

    projects/loupe/src/app/pages/compare/compare-page.ts:8:24:
[37m      8 │   imports: [RouterLink, [32mAttemptComparison[37m, AttemptPicker, ReplaceAt...
        ╵                         [32m~~~~~~~~~~~~~~~~~[0m

  Unknown reference.

    projects/loupe/src/app/pages/compare/compare-page.ts:8:24:
[37m      8 │   imports: [RouterLink, [32mAttemptComparison[37m, AttemptPicker, ReplaceAt...
        ╵                         [32m~~~~~~~~~~~~~~~~~[0m


[31mX [41;31m[[41;97mERROR[41;31m][0m [1mNG1010: 'imports' must be an array of components, directives, pipes, or NgModules.
  Value could not be determined statically.[0m [1m[35m[plugin angular-compiler][0m

    projects/loupe/src/app/pages/compare/compare-page.ts:8:43:
[37m      8 │ ...ts: [RouterLink, AttemptComparison, [32mAttemptPicker[37m, ReplaceAttempt],
        ╵                                        [32m~~~~~~~~~~~~~[0m

  Unknown reference.

    projects/loupe/src/app/pages/compare/compare-page.ts:8:43:
[37m      8 │ ...ts: [RouterLink, AttemptComparison, [32mAttemptPicker[37m, ReplaceAttempt],
        ╵                                        [32m~~~~~~~~~~~~~[0m


[31mX [41;31m[[41;97mERROR[41;31m][0m [1mTS2591: Cannot find name 'domain'. Do you need to install type definitions for node? Try `npm i --save-dev @types/node` and then add 'node' to the types field in your tsconfig.[0m [1m[35m[plugin angular-compiler][0m

    projects/loupe/src/app/pages/deletion/deletion-page.ts:3:31:
[37m      3 │ import { DeletionStatus } from [32m'domain'[37m;
        ╵                                [32m~~~~~~~~[0m


[31mX [41;31m[[41;97mERROR[41;31m][0m [1mNG1010: 'imports' must be an array of components, directives, pipes, or NgModules.
  Value could not be determined statically.[0m [1m[35m[plugin angular-compiler][0m

    projects/loupe/src/app/pages/deletion/deletion-page.ts:7:24:
[37m      7 │   imports: [RouterLink, [32mDeletionStatus[37m],
        ╵                         [32m~~~~~~~~~~~~~~[0m

  Unknown reference.

    projects/loupe/src/app/pages/deletion/deletion-page.ts:7:24:
[37m      7 │   imports: [RouterLink, [32mDeletionStatus[37m],
        ╵                         [32m~~~~~~~~~~~~~~[0m


[31mX [41;31m[[41;97mERROR[41;31m][0m [1mTS2591: Cannot find name 'domain'. Do you need to install type definitions for node? Try `npm i --save-dev @types/node` and then add 'node' to the types field in your tsconfig.[0m [1m[35m[plugin angular-compiler][0m

    projects/loupe/src/app/pages/inspiration/inspiration-page.ts:3:36:
[37m      3 │ import { ReferenceCollection } from [32m'domain'[37m;
        ╵                                     [32m~~~~~~~~[0m


[31mX [41;31m[[41;97mERROR[41;31m][0m [1mNG1010: 'imports' must be an array of components, directives, pipes, or NgModules.
  Value could not be determined statically.[0m [1m[35m[plugin angular-compiler][0m

    projects/loupe/src/app/pages/inspiration/inspiration-page.ts:6:12:
[37m      6 │   imports: [[32mReferenceCollection[37m, RouterLink],
        ╵             [32m~~~~~~~~~~~~~~~~~~~[0m

  Unknown reference.

    projects/loupe/src/app/pages/inspiration/inspiration-page.ts:6:12:
[37m      6 │   imports: [[32mReferenceCollection[37m, RouterLink],
        ╵             [32m~~~~~~~~~~~~~~~~~~~[0m


[31mX [41;31m[[41;97mERROR[41;31m][0m [1mTS2591: Cannot find name 'domain'. Do you need to install type definitions for node? Try `npm i --save-dev @types/node` and then add 'node' to the types field in your tsconfig.[0m [1m[35m[plugin angular-compiler][0m

    projects/loupe/src/app/pages/my-work/my-work.ts:2:37:
[37m      2 │ import { PhotographCollection } from [32m'domain'[37m;
        ╵                                      [32m~~~~~~~~[0m


[31mX [41;31m[[41;97mERROR[41;31m][0m [1mNG1010: 'imports' must be an array of components, directives, pipes, or NgModules.
  Value could not be determined statically.[0m [1m[35m[plugin angular-compiler][0m

    projects/loupe/src/app/pages/my-work/my-work.ts:7:12:
[37m      7 │   imports: [[32mPhotographCollection[37m, RouterLink],
        ╵             [32m~~~~~~~~~~~~~~~~~~~~[0m

  Unknown reference.

    projects/loupe/src/app/pages/my-work/my-work.ts:7:12:
[37m      7 │   imports: [[32mPhotographCollection[37m, RouterLink],
        ╵             [32m~~~~~~~~~~~~~~~~~~~~[0m


[31mX [41;31m[[41;97mERROR[41;31m][0m [1mTS2591: Cannot find name 'domain'. Do you need to install type definitions for node? Try `npm i --save-dev @types/node` and then add 'node' to the types field in your tsconfig.[0m [1m[35m[plugin angular-compiler][0m

    projects/loupe/src/app/pages/photograph-detail/photograph-detail-page.ts:4:33:
[37m      4 │ import { PhotographDetail } from [32m'domain'[37m;
        ╵                                  [32m~~~~~~~~[0m


[31mX [41;31m[[41;97mERROR[41;31m][0m [1mNG1010: 'imports' must be an array of components, directives, pipes, or NgModules.
  Value could not be determined statically.[0m [1m[35m[plugin angular-compiler][0m

    projects/loupe/src/app/pages/photograph-detail/photograph-detail-page.ts:11:24:
[37m      11 │   imports: [RouterLink, [32mPhotographDetail[37m, UnsavedChanges, DeletePh...
         ╵                         [32m~~~~~~~~~~~~~~~~[0m

  Unknown reference.

    projects/loupe/src/app/pages/photograph-detail/photograph-detail-page.ts:11:24:
[37m      11 │   imports: [RouterLink, [32mPhotographDetail[37m, UnsavedChanges, DeletePh...
         ╵                         [32m~~~~~~~~~~~~~~~~[0m


[31mX [41;31m[[41;97mERROR[41;31m][0m [1mTS2339: Property 'dirty' does not exist on type '{}'.[0m [1m[35m[plugin angular-compiler][0m

    projects/loupe/src/app/pages/photograph-detail/photograph-detail-page.ts:24:70:
[37m      24 │ ...uted(() => !this.deletion() && (this.detail()?.[32mdirty[37m() ?? false));
         ╵                                                   [32m~~~~~[0m


[31mX [41;31m[[41;97mERROR[41;31m][0m [1mTS2339: Property 'followCritique' does not exist on type '{}'.[0m [1m[35m[plugin angular-compiler][0m

    projects/loupe/src/app/pages/photograph-detail/photograph-detail-page.ts:29:19:
[37m      29 │     this.detail()?.[32mfollowCritique[37m(operation);
         ╵                    [32m~~~~~~~~~~~~~~[0m


[31mX [41;31m[[41;97mERROR[41;31m][0m [1mTS2339: Property 'photo' does not exist on type '{}'.[0m [1m[35m[plugin angular-compiler][0m

    projects/loupe/src/app/pages/photograph-detail/photograph-detail-page.ts:32:47:
[37m      32 │     if (photo.id === this.id()) this.detail()?.[32mphoto[37m.set(photo);
         ╵                                                [32m~~~~~[0m


[31mX [41;31m[[41;97mERROR[41;31m][0m [1mTS2591: Cannot find name 'domain'. Do you need to install type definitions for node? Try `npm i --save-dev @types/node` and then add 'node' to the types field in your tsconfig.[0m [1m[35m[plugin angular-compiler][0m

    projects/loupe/src/app/pages/photograph-upload/photograph-upload-page.ts:3:50:
[37m      3 │ import { PhotographUpload, RequestCritique } from [32m'domain'[37m;
        ╵                                                   [32m~~~~~~~~[0m


[31mX [41;31m[[41;97mERROR[41;31m][0m [1mNG1010: 'imports' must be an array of components, directives, pipes, or NgModules.
  Value could not be determined statically.[0m [1m[35m[plugin angular-compiler][0m

    projects/loupe/src/app/pages/photograph-upload/photograph-upload-page.ts:9:24:
[37m      9 │   imports: [RouterLink, [32mPhotographUpload[37m, UnsavedChanges, RequestCr...
        ╵                         [32m~~~~~~~~~~~~~~~~[0m

  Unknown reference.

    projects/loupe/src/app/pages/photograph-upload/photograph-upload-page.ts:9:24:
[37m      9 │   imports: [RouterLink, [32mPhotographUpload[37m, UnsavedChanges, RequestCr...
        ╵                         [32m~~~~~~~~~~~~~~~~[0m


[31mX [41;31m[[41;97mERROR[41;31m][0m [1mNG1010: 'imports' must be an array of components, directives, pipes, or NgModules.
  Value could not be determined statically.[0m [1m[35m[plugin angular-compiler][0m

    projects/loupe/src/app/pages/photograph-upload/photograph-upload-page.ts:9:58:
[37m      9 │ ...s: [RouterLink, PhotographUpload, UnsavedChanges, [32mRequestCritique[37m],
        ╵                                                      [32m~~~~~~~~~~~~~~~[0m

  Unknown reference.

    projects/loupe/src/app/pages/photograph-upload/photograph-upload-page.ts:9:58:
[37m      9 │ ...s: [RouterLink, PhotographUpload, UnsavedChanges, [32mRequestCritique[37m],
        ╵                                                      [32m~~~~~~~~~~~~~~~[0m


[31mX [41;31m[[41;97mERROR[41;31m][0m [1mTS2339: Property 'dirty' does not exist on type '{}'.[0m [1m[35m[plugin angular-compiler][0m

    projects/loupe/src/app/pages/photograph-upload/photograph-upload-page.ts:19:38:
[37m      19 │   readonly dirty = () => this.form()?.[32mdirty[37m() ?? false;
         ╵                                       [32m~~~~~[0m


[31mX [41;31m[[41;97mERROR[41;31m][0m [1mTS2339: Property 'dirty' does not exist on type '{}'.[0m [1m[35m[plugin angular-compiler][0m

    projects/loupe/src/app/pages/photograph-upload/photograph-upload-page.ts:21:47:
[37m      21 │     return this.dialog().canLeave(this.form()?.[32mdirty[37m() ?? false);
         ╵                                                [32m~~~~~[0m


[31mX [41;31m[[41;97mERROR[41;31m][0m [1mTS2339: Property 'requestCritique' does not exist on type '{}'.[0m [1m[35m[plugin angular-compiler][0m

    projects/loupe/src/app/pages/photograph-upload/photograph-upload-page.ts:24:21:
[37m      24 │     if (this.form()?.[32mrequestCritique[37m()) {
         ╵                      [32m~~~~~~~~~~~~~~~[0m


[31mX [41;31m[[41;97mERROR[41;31m][0m [1mTS2591: Cannot find name 'domain'. Do you need to install type definitions for node? Try `npm i --save-dev @types/node` and then add 'node' to the types field in your tsconfig.[0m [1m[35m[plugin angular-compiler][0m

    projects/loupe/src/app/pages/reference-detail/reference-detail-page.ts:4:37:
[37m      4 │ import { ReferenceDetailPanel } from [32m'domain'[37m;
        ╵                                      [32m~~~~~~~~[0m


[31mX [41;31m[[41;97mERROR[41;31m][0m [1mNG1010: 'imports' must be an array of components, directives, pipes, or NgModules.
  Value could not be determined statically.[0m [1m[35m[plugin angular-compiler][0m

    projects/loupe/src/app/pages/reference-detail/reference-detail-page.ts:7:24:
[37m      7 │   imports: [RouterLink, [32mReferenceDetailPanel[37m, UnsavedChanges],
        ╵                         [32m~~~~~~~~~~~~~~~~~~~~[0m

  Unknown reference.

    projects/loupe/src/app/pages/reference-detail/reference-detail-page.ts:7:24:
[37m      7 │   imports: [RouterLink, [32mReferenceDetailPanel[37m, UnsavedChanges],
        ╵                         [32m~~~~~~~~~~~~~~~~~~~~[0m


[31mX [41;31m[[41;97mERROR[41;31m][0m [1mTS2339: Property 'dirty' does not exist on type '{}'.[0m [1m[35m[plugin angular-compiler][0m

    projects/loupe/src/app/pages/reference-detail/reference-detail-page.ts:14:40:
[37m      14 │   readonly dirty = () => this.detail()?.[32mdirty[37m() ?? false;
         ╵                                         [32m~~~~~[0m


[31mX [41;31m[[41;97mERROR[41;31m][0m [1mTS2591: Cannot find name 'domain'. Do you need to install type definitions for node? Try `npm i --save-dev @types/node` and then add 'node' to the types field in your tsconfig.[0m [1m[35m[plugin angular-compiler][0m

    projects/loupe/src/app/pages/reference-link/reference-link-page.ts:3:35:
[37m      3 │ import { ReferenceLinkPanel } from [32m'domain'[37m;
        ╵                                    [32m~~~~~~~~[0m


[31mX [41;31m[[41;97mERROR[41;31m][0m [1mNG1010: 'imports' must be an array of components, directives, pipes, or NgModules.
  Value could not be determined statically.[0m [1m[35m[plugin angular-compiler][0m

    projects/loupe/src/app/pages/reference-link/reference-link-page.ts:9:24:
[37m      9 │   imports: [RouterLink, [32mReferenceLinkPanel[37m, UnsavedChanges],
        ╵                         [32m~~~~~~~~~~~~~~~~~~[0m

  Unknown reference.

    projects/loupe/src/app/pages/reference-link/reference-link-page.ts:9:24:
[37m      9 │   imports: [RouterLink, [32mReferenceLinkPanel[37m, UnsavedChanges],
        ╵                         [32m~~~~~~~~~~~~~~~~~~[0m


[31mX [41;31m[[41;97mERROR[41;31m][0m [1mTS2339: Property 'dirty' does not exist on type '{}'.[0m [1m[35m[plugin angular-compiler][0m

    projects/loupe/src/app/pages/reference-link/reference-link-page.ts:17:38:
[37m      17 │   readonly dirty = () => this.form()?.[32mdirty[37m() ?? false;
         ╵                                       [32m~~~~~[0m


[31mX [41;31m[[41;97mERROR[41;31m][0m [1mTS2591: Cannot find name 'domain'. Do you need to install type definitions for node? Try `npm i --save-dev @types/node` and then add 'node' to the types field in your tsconfig.[0m [1m[35m[plugin angular-compiler][0m

    projects/loupe/src/app/pages/reference-upload/reference-upload-page.ts:3:36:
[37m      3 │ import { ReferenceImagePanel } from [32m'domain'[37m;
        ╵                                     [32m~~~~~~~~[0m


[31mX [41;31m[[41;97mERROR[41;31m][0m [1mNG1010: 'imports' must be an array of components, directives, pipes, or NgModules.
  Value could not be determined statically.[0m [1m[35m[plugin angular-compiler][0m

    projects/loupe/src/app/pages/reference-upload/reference-upload-page.ts:9:24:
[37m      9 │   imports: [RouterLink, [32mReferenceImagePanel[37m, UnsavedChanges],
        ╵                         [32m~~~~~~~~~~~~~~~~~~~[0m

  Unknown reference.

    projects/loupe/src/app/pages/reference-upload/reference-upload-page.ts:9:24:
[37m      9 │   imports: [RouterLink, [32mReferenceImagePanel[37m, UnsavedChanges],
        ╵                         [32m~~~~~~~~~~~~~~~~~~~[0m


[31mX [41;31m[[41;97mERROR[41;31m][0m [1mTS2339: Property 'dirty' does not exist on type '{}'.[0m [1m[35m[plugin angular-compiler][0m

    projects/loupe/src/app/pages/reference-upload/reference-upload-page.ts:17:38:
[37m      17 │   readonly dirty = () => this.form()?.[32mdirty[37m() ?? false;
         ╵                                       [32m~~~~~[0m


❯ Changes detected. Rebuilding...
✔ Changes detected. Rebuilding...
Application bundle generation failed. [0.003 seconds] - 2026-09-08T20:33:35.313Z

[31mX [41;31m[[41;97mERROR[41;31m][0m [1mCould not resolve "@fontsource/instrument-sans/400.css"[0m

    projects/loupe/src/tokens.css:8:8:
[37m      8 │ @import [32m"@fontsource/instrument-sans/400.css"[37m;
        ╵         [32m~~~~~~~~~~~~~~~~~~~~~~~~~~~~~~~~~~~~~[0m

  You can mark the path "@fontsource/instrument-sans/400.css" as external to exclude it from the bundle, which will remove this error and leave the unresolved path in the bundle.


[31mX [41;31m[[41;97mERROR[41;31m][0m [1mCould not resolve "@fontsource/instrument-sans/500.css"[0m

    projects/loupe/src/tokens.css:9:8:
[37m      9 │ @import [32m"@fontsource/instrument-sans/500.css"[37m;
        ╵         [32m~~~~~~~~~~~~~~~~~~~~~~~~~~~~~~~~~~~~~[0m

  You can mark the path "@fontsource/instrument-sans/500.css" as external to exclude it from the bundle, which will remove this error and leave the unresolved path in the bundle.


[31mX [41;31m[[41;97mERROR[41;31m][0m [1mCould not resolve "@fontsource/instrument-sans/600.css"[0m

    projects/loupe/src/tokens.css:10:8:
[37m      10 │ @import [32m"@fontsource/instrument-sans/600.css"[37m;
         ╵         [32m~~~~~~~~~~~~~~~~~~~~~~~~~~~~~~~~~~~~~[0m

  You can mark the path "@fontsource/instrument-sans/600.css" as external to exclude it from the bundle, which will remove this error and leave the unresolved path in the bundle.


[31mX [41;31m[[41;97mERROR[41;31m][0m [1mCould not resolve "@fontsource/spline-sans-mono/400.css"[0m

    projects/loupe/src/tokens.css:11:8:
[37m      11 │ @import [32m"@fontsource/spline-sans-mono/400.css"[37m;
         ╵         [32m~~~~~~~~~~~~~~~~~~~~~~~~~~~~~~~~~~~~~~[0m

  You can mark the path "@fontsource/spline-sans-mono/400.css" as external to exclude it from the bundle, which will remove this error and leave the unresolved path in the bundle.


[31mX [41;31m[[41;97mERROR[41;31m][0m [1mCould not resolve "@fontsource/spline-sans-mono/500.css"[0m

    projects/loupe/src/tokens.css:12:8:
[37m      12 │ @import [32m"@fontsource/spline-sans-mono/500.css"[37m;
         ╵         [32m~~~~~~~~~~~~~~~~~~~~~~~~~~~~~~~~~~~~~~[0m

  You can mark the path "@fontsource/spline-sans-mono/500.css" as external to exclude it from the bundle, which will remove this error and leave the unresolved path in the bundle.


[31mX [41;31m[[41;97mERROR[41;31m][0m [1mTS2591: Cannot find name 'domain'. Do you need to install type definitions for node? Try `npm i --save-dev @types/node` and then add 'node' to the types field in your tsconfig.[0m [1m[35m[plugin angular-compiler][0m

    projects/loupe/src/app/dialogs/regenerate-critique/regenerate-critique.ts:3:32:
[37m      3 │ import { RequestCritique } from [32m'domain'[37m;
        ╵                                 [32m~~~~~~~~[0m


[31mX [41;31m[[41;97mERROR[41;31m][0m [1mNG1010: 'imports' must be an array of components, directives, pipes, or NgModules.
  Value could not be determined statically.[0m [1m[35m[plugin angular-compiler][0m

    projects/loupe/src/app/dialogs/regenerate-critique/regenerate-critique.ts:7:12:
[37m      7 │   imports: [[32mRequestCritique[37m],
        ╵             [32m~~~~~~~~~~~~~~~[0m

  Unknown reference.

    projects/loupe/src/app/dialogs/regenerate-critique/regenerate-critique.ts:7:12:
[37m      7 │   imports: [[32mRequestCritique[37m],
        ╵             [32m~~~~~~~~~~~~~~~[0m


[31mX [41;31m[[41;97mERROR[41;31m][0m [1mTS2339: Property 'busy' does not exist on type '{}'.[0m [1m[35m[plugin angular-compiler][0m

    projects/loupe/src/app/dialogs/regenerate-critique/regenerate-critique.ts:17:52:
[37m      17 │ ...uted(() => !!(this.request()?.[32mbusy[37m() || this.request()?.reviewi...
         ╵                                  [32m~~~~[0m


[31mX [41;31m[[41;97mERROR[41;31m][0m [1mTS2339: Property 'reviewing' does not exist on type '{}'.[0m [1m[35m[plugin angular-compiler][0m

    projects/loupe/src/app/dialogs/regenerate-critique/regenerate-critique.ts:17:78:
[37m      17 │ ...(() => !!(this.request()?.busy() || this.request()?.[32mreviewing[37m()));
         ╵                                                        [32m~~~~~~~~~[0m


[31mX [41;31m[[41;97mERROR[41;31m][0m [1mTS2591: Cannot find name 'domain'. Do you need to install type definitions for node? Try `npm i --save-dev @types/node` and then add 'node' to the types field in your tsconfig.[0m [1m[35m[plugin angular-compiler][0m

    projects/loupe/src/app/dialogs/replace-attempt/replace-attempt.ts:2:30:
[37m      2 │ import { AttemptPicker } from [32m'domain'[37m;
        ╵                               [32m~~~~~~~~[0m


[31mX [41;31m[[41;97mERROR[41;31m][0m [1mNG1010: 'imports' must be an array of components, directives, pipes, or NgModules.
  Value could not be determined statically.[0m [1m[35m[plugin angular-compiler][0m

    projects/loupe/src/app/dialogs/replace-attempt/replace-attempt.ts:6:12:
[37m      6 │   imports: [[32mAttemptPicker[37m],
        ╵             [32m~~~~~~~~~~~~~[0m

  Unknown reference.

    projects/loupe/src/app/dialogs/replace-attempt/replace-attempt.ts:6:12:
[37m      6 │   imports: [[32mAttemptPicker[37m],
        ╵             [32m~~~~~~~~~~~~~[0m


[31mX [41;31m[[41;97mERROR[41;31m][0m [1mTS2591: Cannot find name 'domain'. Do you need to install type definitions for node? Try `npm i --save-dev @types/node` and then add 'node' to the types field in your tsconfig.[0m [1m[35m[plugin angular-compiler][0m

    projects/loupe/src/app/pages/compare/compare-page.ts:3:49:
[37m      3 │ import { AttemptComparison, AttemptPicker } from [32m'domain'[37m;
        ╵                                                  [32m~~~~~~~~[0m


[31mX [41;31m[[41;97mERROR[41;31m][0m [1mNG1010: 'imports' must be an array of components, directives, pipes, or NgModules.
  Value could not be determined statically.[0m [1m[35m[plugin angular-compiler][0m

    projects/loupe/src/app/pages/compare/compare-page.ts:8:24:
[37m      8 │   imports: [RouterLink, [32mAttemptComparison[37m, AttemptPicker, ReplaceAt...
        ╵                         [32m~~~~~~~~~~~~~~~~~[0m

  Unknown reference.

    projects/loupe/src/app/pages/compare/compare-page.ts:8:24:
[37m      8 │   imports: [RouterLink, [32mAttemptComparison[37m, AttemptPicker, ReplaceAt...
        ╵                         [32m~~~~~~~~~~~~~~~~~[0m


[31mX [41;31m[[41;97mERROR[41;31m][0m [1mNG1010: 'imports' must be an array of components, directives, pipes, or NgModules.
  Value could not be determined statically.[0m [1m[35m[plugin angular-compiler][0m

    projects/loupe/src/app/pages/compare/compare-page.ts:8:43:
[37m      8 │ ...ts: [RouterLink, AttemptComparison, [32mAttemptPicker[37m, ReplaceAttempt],
        ╵                                        [32m~~~~~~~~~~~~~[0m

  Unknown reference.

    projects/loupe/src/app/pages/compare/compare-page.ts:8:43:
[37m      8 │ ...ts: [RouterLink, AttemptComparison, [32mAttemptPicker[37m, ReplaceAttempt],
        ╵                                        [32m~~~~~~~~~~~~~[0m


[31mX [41;31m[[41;97mERROR[41;31m][0m [1mTS2591: Cannot find name 'domain'. Do you need to install type definitions for node? Try `npm i --save-dev @types/node` and then add 'node' to the types field in your tsconfig.[0m [1m[35m[plugin angular-compiler][0m

    projects/loupe/src/app/pages/deletion/deletion-page.ts:3:31:
[37m      3 │ import { DeletionStatus } from [32m'domain'[37m;
        ╵                                [32m~~~~~~~~[0m


[31mX [41;31m[[41;97mERROR[41;31m][0m [1mNG1010: 'imports' must be an array of components, directives, pipes, or NgModules.
  Value could not be determined statically.[0m [1m[35m[plugin angular-compiler][0m

    projects/loupe/src/app/pages/deletion/deletion-page.ts:7:24:
[37m      7 │   imports: [RouterLink, [32mDeletionStatus[37m],
        ╵                         [32m~~~~~~~~~~~~~~[0m

  Unknown reference.

    projects/loupe/src/app/pages/deletion/deletion-page.ts:7:24:
[37m      7 │   imports: [RouterLink, [32mDeletionStatus[37m],
        ╵                         [32m~~~~~~~~~~~~~~[0m


[31mX [41;31m[[41;97mERROR[41;31m][0m [1mTS2591: Cannot find name 'domain'. Do you need to install type definitions for node? Try `npm i --save-dev @types/node` and then add 'node' to the types field in your tsconfig.[0m [1m[35m[plugin angular-compiler][0m

    projects/loupe/src/app/pages/inspiration/inspiration-page.ts:3:36:
[37m      3 │ import { ReferenceCollection } from [32m'domain'[37m;
        ╵                                     [32m~~~~~~~~[0m


[31mX [41;31m[[41;97mERROR[41;31m][0m [1mNG1010: 'imports' must be an array of components, directives, pipes, or NgModules.
  Value could not be determined statically.[0m [1m[35m[plugin angular-compiler][0m

    projects/loupe/src/app/pages/inspiration/inspiration-page.ts:6:12:
[37m      6 │   imports: [[32mReferenceCollection[37m, RouterLink],
        ╵             [32m~~~~~~~~~~~~~~~~~~~[0m

  Unknown reference.

    projects/loupe/src/app/pages/inspiration/inspiration-page.ts:6:12:
[37m      6 │   imports: [[32mReferenceCollection[37m, RouterLink],
        ╵             [32m~~~~~~~~~~~~~~~~~~~[0m


[31mX [41;31m[[41;97mERROR[41;31m][0m [1mTS2591: Cannot find name 'domain'. Do you need to install type definitions for node? Try `npm i --save-dev @types/node` and then add 'node' to the types field in your tsconfig.[0m [1m[35m[plugin angular-compiler][0m

    projects/loupe/src/app/pages/my-work/my-work.ts:2:37:
[37m      2 │ import { PhotographCollection } from [32m'domain'[37m;
        ╵                                      [32m~~~~~~~~[0m


[31mX [41;31m[[41;97mERROR[41;31m][0m [1mNG1010: 'imports' must be an array of components, directives, pipes, or NgModules.
  Value could not be determined statically.[0m [1m[35m[plugin angular-compiler][0m

    projects/loupe/src/app/pages/my-work/my-work.ts:7:12:
[37m      7 │   imports: [[32mPhotographCollection[37m, RouterLink],
        ╵             [32m~~~~~~~~~~~~~~~~~~~~[0m

  Unknown reference.

    projects/loupe/src/app/pages/my-work/my-work.ts:7:12:
[37m      7 │   imports: [[32mPhotographCollection[37m, RouterLink],
        ╵             [32m~~~~~~~~~~~~~~~~~~~~[0m


[31mX [41;31m[[41;97mERROR[41;31m][0m [1mTS2591: Cannot find name 'domain'. Do you need to install type definitions for node? Try `npm i --save-dev @types/node` and then add 'node' to the types field in your tsconfig.[0m [1m[35m[plugin angular-compiler][0m

    projects/loupe/src/app/pages/photograph-detail/photograph-detail-page.ts:4:33:
[37m      4 │ import { PhotographDetail } from [32m'domain'[37m;
        ╵                                  [32m~~~~~~~~[0m


[31mX [41;31m[[41;97mERROR[41;31m][0m [1mNG1010: 'imports' must be an array of components, directives, pipes, or NgModules.
  Value could not be determined statically.[0m [1m[35m[plugin angular-compiler][0m

    projects/loupe/src/app/pages/photograph-detail/photograph-detail-page.ts:11:24:
[37m      11 │   imports: [RouterLink, [32mPhotographDetail[37m, UnsavedChanges, DeletePh...
         ╵                         [32m~~~~~~~~~~~~~~~~[0m

  Unknown reference.

    projects/loupe/src/app/pages/photograph-detail/photograph-detail-page.ts:11:24:
[37m      11 │   imports: [RouterLink, [32mPhotographDetail[37m, UnsavedChanges, DeletePh...
         ╵                         [32m~~~~~~~~~~~~~~~~[0m


[31mX [41;31m[[41;97mERROR[41;31m][0m [1mTS2339: Property 'dirty' does not exist on type '{}'.[0m [1m[35m[plugin angular-compiler][0m

    projects/loupe/src/app/pages/photograph-detail/photograph-detail-page.ts:24:70:
[37m      24 │ ...uted(() => !this.deletion() && (this.detail()?.[32mdirty[37m() ?? false));
         ╵                                                   [32m~~~~~[0m


[31mX [41;31m[[41;97mERROR[41;31m][0m [1mTS2339: Property 'followCritique' does not exist on type '{}'.[0m [1m[35m[plugin angular-compiler][0m

    projects/loupe/src/app/pages/photograph-detail/photograph-detail-page.ts:29:19:
[37m      29 │     this.detail()?.[32mfollowCritique[37m(operation);
         ╵                    [32m~~~~~~~~~~~~~~[0m


[31mX [41;31m[[41;97mERROR[41;31m][0m [1mTS2339: Property 'photo' does not exist on type '{}'.[0m [1m[35m[plugin angular-compiler][0m

    projects/loupe/src/app/pages/photograph-detail/photograph-detail-page.ts:32:47:
[37m      32 │     if (photo.id === this.id()) this.detail()?.[32mphoto[37m.set(photo);
         ╵                                                [32m~~~~~[0m


[31mX [41;31m[[41;97mERROR[41;31m][0m [1mTS2591: Cannot find name 'domain'. Do you need to install type definitions for node? Try `npm i --save-dev @types/node` and then add 'node' to the types field in your tsconfig.[0m [1m[35m[plugin angular-compiler][0m

    projects/loupe/src/app/pages/photograph-upload/photograph-upload-page.ts:3:50:
[37m      3 │ import { PhotographUpload, RequestCritique } from [32m'domain'[37m;
        ╵                                                   [32m~~~~~~~~[0m


[31mX [41;31m[[41;97mERROR[41;31m][0m [1mNG1010: 'imports' must be an array of components, directives, pipes, or NgModules.
  Value could not be determined statically.[0m [1m[35m[plugin angular-compiler][0m

    projects/loupe/src/app/pages/photograph-upload/photograph-upload-page.ts:9:24:
[37m      9 │   imports: [RouterLink, [32mPhotographUpload[37m, UnsavedChanges, RequestCr...
        ╵                         [32m~~~~~~~~~~~~~~~~[0m

  Unknown reference.

    projects/loupe/src/app/pages/photograph-upload/photograph-upload-page.ts:9:24:
[37m      9 │   imports: [RouterLink, [32mPhotographUpload[37m, UnsavedChanges, RequestCr...
        ╵                         [32m~~~~~~~~~~~~~~~~[0m


[31mX [41;31m[[41;97mERROR[41;31m][0m [1mNG1010: 'imports' must be an array of components, directives, pipes, or NgModules.
  Value could not be determined statically.[0m [1m[35m[plugin angular-compiler][0m

    projects/loupe/src/app/pages/photograph-upload/photograph-upload-page.ts:9:58:
[37m      9 │ ...s: [RouterLink, PhotographUpload, UnsavedChanges, [32mRequestCritique[37m],
        ╵                                                      [32m~~~~~~~~~~~~~~~[0m

  Unknown reference.

    projects/loupe/src/app/pages/photograph-upload/photograph-upload-page.ts:9:58:
[37m      9 │ ...s: [RouterLink, PhotographUpload, UnsavedChanges, [32mRequestCritique[37m],
        ╵                                                      [32m~~~~~~~~~~~~~~~[0m


[31mX [41;31m[[41;97mERROR[41;31m][0m [1mTS2339: Property 'dirty' does not exist on type '{}'.[0m [1m[35m[plugin angular-compiler][0m

    projects/loupe/src/app/pages/photograph-upload/photograph-upload-page.ts:19:38:
[37m      19 │   readonly dirty = () => this.form()?.[32mdirty[37m() ?? false;
         ╵                                       [32m~~~~~[0m


[31mX [41;31m[[41;97mERROR[41;31m][0m [1mTS2339: Property 'dirty' does not exist on type '{}'.[0m [1m[35m[plugin angular-compiler][0m

    projects/loupe/src/app/pages/photograph-upload/photograph-upload-page.ts:21:47:
[37m      21 │     return this.dialog().canLeave(this.form()?.[32mdirty[37m() ?? false);
         ╵                                                [32m~~~~~[0m


[31mX [41;31m[[41;97mERROR[41;31m][0m [1mTS2339: Property 'requestCritique' does not exist on type '{}'.[0m [1m[35m[plugin angular-compiler][0m

    projects/loupe/src/app/pages/photograph-upload/photograph-upload-page.ts:24:21:
[37m      24 │     if (this.form()?.[32mrequestCritique[37m()) {
         ╵                      [32m~~~~~~~~~~~~~~~[0m


[31mX [41;31m[[41;97mERROR[41;31m][0m [1mTS2591: Cannot find name 'domain'. Do you need to install type definitions for node? Try `npm i --save-dev @types/node` and then add 'node' to the types field in your tsconfig.[0m [1m[35m[plugin angular-compiler][0m

    projects/loupe/src/app/pages/reference-detail/reference-detail-page.ts:4:37:
[37m      4 │ import { ReferenceDetailPanel } from [32m'domain'[37m;
        ╵                                      [32m~~~~~~~~[0m


[31mX [41;31m[[41;97mERROR[41;31m][0m [1mNG1010: 'imports' must be an array of components, directives, pipes, or NgModules.
  Value could not be determined statically.[0m [1m[35m[plugin angular-compiler][0m

    projects/loupe/src/app/pages/reference-detail/reference-detail-page.ts:7:24:
[37m      7 │   imports: [RouterLink, [32mReferenceDetailPanel[37m, UnsavedChanges],
        ╵                         [32m~~~~~~~~~~~~~~~~~~~~[0m

  Unknown reference.

    projects/loupe/src/app/pages/reference-detail/reference-detail-page.ts:7:24:
[37m      7 │   imports: [RouterLink, [32mReferenceDetailPanel[37m, UnsavedChanges],
        ╵                         [32m~~~~~~~~~~~~~~~~~~~~[0m


[31mX [41;31m[[41;97mERROR[41;31m][0m [1mTS2339: Property 'dirty' does not exist on type '{}'.[0m [1m[35m[plugin angular-compiler][0m

    projects/loupe/src/app/pages/reference-detail/reference-detail-page.ts:14:40:
[37m      14 │   readonly dirty = () => this.detail()?.[32mdirty[37m() ?? false;
         ╵                                         [32m~~~~~[0m


[31mX [41;31m[[41;97mERROR[41;31m][0m [1mTS2591: Cannot find name 'domain'. Do you need to install type definitions for node? Try `npm i --save-dev @types/node` and then add 'node' to the types field in your tsconfig.[0m [1m[35m[plugin angular-compiler][0m

    projects/loupe/src/app/pages/reference-link/reference-link-page.ts:3:35:
[37m      3 │ import { ReferenceLinkPanel } from [32m'domain'[37m;
        ╵                                    [32m~~~~~~~~[0m


[31mX [41;31m[[41;97mERROR[41;31m][0m [1mNG1010: 'imports' must be an array of components, directives, pipes, or NgModules.
  Value could not be determined statically.[0m [1m[35m[plugin angular-compiler][0m

    projects/loupe/src/app/pages/reference-link/reference-link-page.ts:9:24:
[37m      9 │   imports: [RouterLink, [32mReferenceLinkPanel[37m, UnsavedChanges],
        ╵                         [32m~~~~~~~~~~~~~~~~~~[0m

  Unknown reference.

    projects/loupe/src/app/pages/reference-link/reference-link-page.ts:9:24:
[37m      9 │   imports: [RouterLink, [32mReferenceLinkPanel[37m, UnsavedChanges],
        ╵                         [32m~~~~~~~~~~~~~~~~~~[0m


[31mX [41;31m[[41;97mERROR[41;31m][0m [1mTS2339: Property 'dirty' does not exist on type '{}'.[0m [1m[35m[plugin angular-compiler][0m

    projects/loupe/src/app/pages/reference-link/reference-link-page.ts:17:38:
[37m      17 │   readonly dirty = () => this.form()?.[32mdirty[37m() ?? false;
         ╵                                       [32m~~~~~[0m


[31mX [41;31m[[41;97mERROR[41;31m][0m [1mTS2591: Cannot find name 'domain'. Do you need to install type definitions for node? Try `npm i --save-dev @types/node` and then add 'node' to the types field in your tsconfig.[0m [1m[35m[plugin angular-compiler][0m

    projects/loupe/src/app/pages/reference-upload/reference-upload-page.ts:3:36:
[37m      3 │ import { ReferenceImagePanel } from [32m'domain'[37m;
        ╵                                     [32m~~~~~~~~[0m


[31mX [41;31m[[41;97mERROR[41;31m][0m [1mNG1010: 'imports' must be an array of components, directives, pipes, or NgModules.
  Value could not be determined statically.[0m [1m[35m[plugin angular-compiler][0m

    projects/loupe/src/app/pages/reference-upload/reference-upload-page.ts:9:24:
[37m      9 │   imports: [RouterLink, [32mReferenceImagePanel[37m, UnsavedChanges],
        ╵                         [32m~~~~~~~~~~~~~~~~~~~[0m

  Unknown reference.

    projects/loupe/src/app/pages/reference-upload/reference-upload-page.ts:9:24:
[37m      9 │   imports: [RouterLink, [32mReferenceImagePanel[37m, UnsavedChanges],
        ╵                         [32m~~~~~~~~~~~~~~~~~~~[0m


[31mX [41;31m[[41;97mERROR[41;31m][0m [1mTS2339: Property 'dirty' does not exist on type '{}'.[0m [1m[35m[plugin angular-compiler][0m

    projects/loupe/src/app/pages/reference-upload/reference-upload-page.ts:17:38:
[37m      17 │   readonly dirty = () => this.form()?.[32mdirty[37m() ?? false;
         ╵                                       [32m~~~~~[0m


❯ Changes detected. Rebuilding...
✔ Changes detected. Rebuilding...
Application bundle generation failed. [0.012 seconds] - 2026-09-08T20:37:50.028Z

[31mX [41;31m[[41;97mERROR[41;31m][0m [1mTS2591: Cannot find name 'domain'. Do you need to install type definitions for node? Try `npm i --save-dev @types/node` and then add 'node' to the types field in your tsconfig.[0m [1m[35m[plugin angular-compiler][0m

    projects/loupe/src/app/dialogs/regenerate-critique/regenerate-critique.ts:3:32:
[37m      3 │ import { RequestCritique } from [32m'domain'[37m;
        ╵                                 [32m~~~~~~~~[0m


[31mX [41;31m[[41;97mERROR[41;31m][0m [1mNG1010: 'imports' must be an array of components, directives, pipes, or NgModules.
  Value could not be determined statically.[0m [1m[35m[plugin angular-compiler][0m

    projects/loupe/src/app/dialogs/regenerate-critique/regenerate-critique.ts:7:12:
[37m      7 │   imports: [[32mRequestCritique[37m],
        ╵             [32m~~~~~~~~~~~~~~~[0m

  Unknown reference.

    projects/loupe/src/app/dialogs/regenerate-critique/regenerate-critique.ts:7:12:
[37m      7 │   imports: [[32mRequestCritique[37m],
        ╵             [32m~~~~~~~~~~~~~~~[0m


[31mX [41;31m[[41;97mERROR[41;31m][0m [1mTS2339: Property 'busy' does not exist on type '{}'.[0m [1m[35m[plugin angular-compiler][0m

    projects/loupe/src/app/dialogs/regenerate-critique/regenerate-critique.ts:17:52:
[37m      17 │ ...uted(() => !!(this.request()?.[32mbusy[37m() || this.request()?.reviewi...
         ╵                                  [32m~~~~[0m


[31mX [41;31m[[41;97mERROR[41;31m][0m [1mTS2339: Property 'reviewing' does not exist on type '{}'.[0m [1m[35m[plugin angular-compiler][0m

    projects/loupe/src/app/dialogs/regenerate-critique/regenerate-critique.ts:17:78:
[37m      17 │ ...(() => !!(this.request()?.busy() || this.request()?.[32mreviewing[37m()));
         ╵                                                        [32m~~~~~~~~~[0m


[31mX [41;31m[[41;97mERROR[41;31m][0m [1mTS2591: Cannot find name 'domain'. Do you need to install type definitions for node? Try `npm i --save-dev @types/node` and then add 'node' to the types field in your tsconfig.[0m [1m[35m[plugin angular-compiler][0m

    projects/loupe/src/app/dialogs/replace-attempt/replace-attempt.ts:2:30:
[37m      2 │ import { AttemptPicker } from [32m'domain'[37m;
        ╵                               [32m~~~~~~~~[0m


[31mX [41;31m[[41;97mERROR[41;31m][0m [1mNG1010: 'imports' must be an array of components, directives, pipes, or NgModules.
  Value could not be determined statically.[0m [1m[35m[plugin angular-compiler][0m

    projects/loupe/src/app/dialogs/replace-attempt/replace-attempt.ts:6:12:
[37m      6 │   imports: [[32mAttemptPicker[37m],
        ╵             [32m~~~~~~~~~~~~~[0m

  Unknown reference.

    projects/loupe/src/app/dialogs/replace-attempt/replace-attempt.ts:6:12:
[37m      6 │   imports: [[32mAttemptPicker[37m],
        ╵             [32m~~~~~~~~~~~~~[0m


[31mX [41;31m[[41;97mERROR[41;31m][0m [1mTS2591: Cannot find name 'domain'. Do you need to install type definitions for node? Try `npm i --save-dev @types/node` and then add 'node' to the types field in your tsconfig.[0m [1m[35m[plugin angular-compiler][0m

    projects/loupe/src/app/pages/compare/compare-page.ts:3:49:
[37m      3 │ import { AttemptComparison, AttemptPicker } from [32m'domain'[37m;
        ╵                                                  [32m~~~~~~~~[0m


[31mX [41;31m[[41;97mERROR[41;31m][0m [1mNG1010: 'imports' must be an array of components, directives, pipes, or NgModules.
  Value could not be determined statically.[0m [1m[35m[plugin angular-compiler][0m

    projects/loupe/src/app/pages/compare/compare-page.ts:8:24:
[37m      8 │   imports: [RouterLink, [32mAttemptComparison[37m, AttemptPicker, ReplaceAt...
        ╵                         [32m~~~~~~~~~~~~~~~~~[0m

  Unknown reference.

    projects/loupe/src/app/pages/compare/compare-page.ts:8:24:
[37m      8 │   imports: [RouterLink, [32mAttemptComparison[37m, AttemptPicker, ReplaceAt...
        ╵                         [32m~~~~~~~~~~~~~~~~~[0m


[31mX [41;31m[[41;97mERROR[41;31m][0m [1mNG1010: 'imports' must be an array of components, directives, pipes, or NgModules.
  Value could not be determined statically.[0m [1m[35m[plugin angular-compiler][0m

    projects/loupe/src/app/pages/compare/compare-page.ts:8:43:
[37m      8 │ ...ts: [RouterLink, AttemptComparison, [32mAttemptPicker[37m, ReplaceAttempt],
        ╵                                        [32m~~~~~~~~~~~~~[0m

  Unknown reference.

    projects/loupe/src/app/pages/compare/compare-page.ts:8:43:
[37m      8 │ ...ts: [RouterLink, AttemptComparison, [32mAttemptPicker[37m, ReplaceAttempt],
        ╵                                        [32m~~~~~~~~~~~~~[0m


[31mX [41;31m[[41;97mERROR[41;31m][0m [1mTS2591: Cannot find name 'domain'. Do you need to install type definitions for node? Try `npm i --save-dev @types/node` and then add 'node' to the types field in your tsconfig.[0m [1m[35m[plugin angular-compiler][0m

    projects/loupe/src/app/pages/deletion/deletion-page.ts:3:31:
[37m      3 │ import { DeletionStatus } from [32m'domain'[37m;
        ╵                                [32m~~~~~~~~[0m


[31mX [41;31m[[41;97mERROR[41;31m][0m [1mNG1010: 'imports' must be an array of components, directives, pipes, or NgModules.
  Value could not be determined statically.[0m [1m[35m[plugin angular-compiler][0m

    projects/loupe/src/app/pages/deletion/deletion-page.ts:7:24:
[37m      7 │   imports: [RouterLink, [32mDeletionStatus[37m],
        ╵                         [32m~~~~~~~~~~~~~~[0m

  Unknown reference.

    projects/loupe/src/app/pages/deletion/deletion-page.ts:7:24:
[37m      7 │   imports: [RouterLink, [32mDeletionStatus[37m],
        ╵                         [32m~~~~~~~~~~~~~~[0m


[31mX [41;31m[[41;97mERROR[41;31m][0m [1mTS2591: Cannot find name 'domain'. Do you need to install type definitions for node? Try `npm i --save-dev @types/node` and then add 'node' to the types field in your tsconfig.[0m [1m[35m[plugin angular-compiler][0m

    projects/loupe/src/app/pages/inspiration/inspiration-page.ts:3:36:
[37m      3 │ import { ReferenceCollection } from [32m'domain'[37m;
        ╵                                     [32m~~~~~~~~[0m


[31mX [41;31m[[41;97mERROR[41;31m][0m [1mNG1010: 'imports' must be an array of components, directives, pipes, or NgModules.
  Value could not be determined statically.[0m [1m[35m[plugin angular-compiler][0m

    projects/loupe/src/app/pages/inspiration/inspiration-page.ts:6:12:
[37m      6 │   imports: [[32mReferenceCollection[37m, RouterLink],
        ╵             [32m~~~~~~~~~~~~~~~~~~~[0m

  Unknown reference.

    projects/loupe/src/app/pages/inspiration/inspiration-page.ts:6:12:
[37m      6 │   imports: [[32mReferenceCollection[37m, RouterLink],
        ╵             [32m~~~~~~~~~~~~~~~~~~~[0m


[31mX [41;31m[[41;97mERROR[41;31m][0m [1mTS2591: Cannot find name 'domain'. Do you need to install type definitions for node? Try `npm i --save-dev @types/node` and then add 'node' to the types field in your tsconfig.[0m [1m[35m[plugin angular-compiler][0m

    projects/loupe/src/app/pages/my-work/my-work.ts:2:37:
[37m      2 │ import { PhotographCollection } from [32m'domain'[37m;
        ╵                                      [32m~~~~~~~~[0m


[31mX [41;31m[[41;97mERROR[41;31m][0m [1mNG1010: 'imports' must be an array of components, directives, pipes, or NgModules.
  Value could not be determined statically.[0m [1m[35m[plugin angular-compiler][0m

    projects/loupe/src/app/pages/my-work/my-work.ts:7:12:
[37m      7 │   imports: [[32mPhotographCollection[37m, RouterLink],
        ╵             [32m~~~~~~~~~~~~~~~~~~~~[0m

  Unknown reference.

    projects/loupe/src/app/pages/my-work/my-work.ts:7:12:
[37m      7 │   imports: [[32mPhotographCollection[37m, RouterLink],
        ╵             [32m~~~~~~~~~~~~~~~~~~~~[0m


[31mX [41;31m[[41;97mERROR[41;31m][0m [1mTS2591: Cannot find name 'domain'. Do you need to install type definitions for node? Try `npm i --save-dev @types/node` and then add 'node' to the types field in your tsconfig.[0m [1m[35m[plugin angular-compiler][0m

    projects/loupe/src/app/pages/photograph-detail/photograph-detail-page.ts:4:33:
[37m      4 │ import { PhotographDetail } from [32m'domain'[37m;
        ╵                                  [32m~~~~~~~~[0m


[31mX [41;31m[[41;97mERROR[41;31m][0m [1mNG1010: 'imports' must be an array of components, directives, pipes, or NgModules.
  Value could not be determined statically.[0m [1m[35m[plugin angular-compiler][0m

    projects/loupe/src/app/pages/photograph-detail/photograph-detail-page.ts:11:24:
[37m      11 │   imports: [RouterLink, [32mPhotographDetail[37m, UnsavedChanges, DeletePh...
         ╵                         [32m~~~~~~~~~~~~~~~~[0m

  Unknown reference.

    projects/loupe/src/app/pages/photograph-detail/photograph-detail-page.ts:11:24:
[37m      11 │   imports: [RouterLink, [32mPhotographDetail[37m, UnsavedChanges, DeletePh...
         ╵                         [32m~~~~~~~~~~~~~~~~[0m


[31mX [41;31m[[41;97mERROR[41;31m][0m [1mTS2339: Property 'dirty' does not exist on type '{}'.[0m [1m[35m[plugin angular-compiler][0m

    projects/loupe/src/app/pages/photograph-detail/photograph-detail-page.ts:24:70:
[37m      24 │ ...uted(() => !this.deletion() && (this.detail()?.[32mdirty[37m() ?? false));
         ╵                                                   [32m~~~~~[0m


[31mX [41;31m[[41;97mERROR[41;31m][0m [1mTS2339: Property 'followCritique' does not exist on type '{}'.[0m [1m[35m[plugin angular-compiler][0m

    projects/loupe/src/app/pages/photograph-detail/photograph-detail-page.ts:29:19:
[37m      29 │     this.detail()?.[32mfollowCritique[37m(operation);
         ╵                    [32m~~~~~~~~~~~~~~[0m


[31mX [41;31m[[41;97mERROR[41;31m][0m [1mTS2339: Property 'photo' does not exist on type '{}'.[0m [1m[35m[plugin angular-compiler][0m

    projects/loupe/src/app/pages/photograph-detail/photograph-detail-page.ts:32:47:
[37m      32 │     if (photo.id === this.id()) this.detail()?.[32mphoto[37m.set(photo);
         ╵                                                [32m~~~~~[0m


[31mX [41;31m[[41;97mERROR[41;31m][0m [1mTS2591: Cannot find name 'domain'. Do you need to install type definitions for node? Try `npm i --save-dev @types/node` and then add 'node' to the types field in your tsconfig.[0m [1m[35m[plugin angular-compiler][0m

    projects/loupe/src/app/pages/photograph-upload/photograph-upload-page.ts:3:50:
[37m      3 │ import { PhotographUpload, RequestCritique } from [32m'domain'[37m;
        ╵                                                   [32m~~~~~~~~[0m


[31mX [41;31m[[41;97mERROR[41;31m][0m [1mNG1010: 'imports' must be an array of components, directives, pipes, or NgModules.
  Value could not be determined statically.[0m [1m[35m[plugin angular-compiler][0m

    projects/loupe/src/app/pages/photograph-upload/photograph-upload-page.ts:9:24:
[37m      9 │   imports: [RouterLink, [32mPhotographUpload[37m, UnsavedChanges, RequestCr...
        ╵                         [32m~~~~~~~~~~~~~~~~[0m

  Unknown reference.

    projects/loupe/src/app/pages/photograph-upload/photograph-upload-page.ts:9:24:
[37m      9 │   imports: [RouterLink, [32mPhotographUpload[37m, UnsavedChanges, RequestCr...
        ╵                         [32m~~~~~~~~~~~~~~~~[0m


[31mX [41;31m[[41;97mERROR[41;31m][0m [1mNG1010: 'imports' must be an array of components, directives, pipes, or NgModules.
  Value could not be determined statically.[0m [1m[35m[plugin angular-compiler][0m

    projects/loupe/src/app/pages/photograph-upload/photograph-upload-page.ts:9:58:
[37m      9 │ ...s: [RouterLink, PhotographUpload, UnsavedChanges, [32mRequestCritique[37m],
        ╵                                                      [32m~~~~~~~~~~~~~~~[0m

  Unknown reference.

    projects/loupe/src/app/pages/photograph-upload/photograph-upload-page.ts:9:58:
[37m      9 │ ...s: [RouterLink, PhotographUpload, UnsavedChanges, [32mRequestCritique[37m],
        ╵                                                      [32m~~~~~~~~~~~~~~~[0m


[31mX [41;31m[[41;97mERROR[41;31m][0m [1mTS2339: Property 'dirty' does not exist on type '{}'.[0m [1m[35m[plugin angular-compiler][0m

    projects/loupe/src/app/pages/photograph-upload/photograph-upload-page.ts:19:38:
[37m      19 │   readonly dirty = () => this.form()?.[32mdirty[37m() ?? false;
         ╵                                       [32m~~~~~[0m


[31mX [41;31m[[41;97mERROR[41;31m][0m [1mTS2339: Property 'dirty' does not exist on type '{}'.[0m [1m[35m[plugin angular-compiler][0m

    projects/loupe/src/app/pages/photograph-upload/photograph-upload-page.ts:21:47:
[37m      21 │     return this.dialog().canLeave(this.form()?.[32mdirty[37m() ?? false);
         ╵                                                [32m~~~~~[0m


[31mX [41;31m[[41;97mERROR[41;31m][0m [1mTS2339: Property 'requestCritique' does not exist on type '{}'.[0m [1m[35m[plugin angular-compiler][0m

    projects/loupe/src/app/pages/photograph-upload/photograph-upload-page.ts:24:21:
[37m      24 │     if (this.form()?.[32mrequestCritique[37m()) {
         ╵                      [32m~~~~~~~~~~~~~~~[0m


[31mX [41;31m[[41;97mERROR[41;31m][0m [1mTS2591: Cannot find name 'domain'. Do you need to install type definitions for node? Try `npm i --save-dev @types/node` and then add 'node' to the types field in your tsconfig.[0m [1m[35m[plugin angular-compiler][0m

    projects/loupe/src/app/pages/reference-detail/reference-detail-page.ts:4:37:
[37m      4 │ import { ReferenceDetailPanel } from [32m'domain'[37m;
        ╵                                      [32m~~~~~~~~[0m


[31mX [41;31m[[41;97mERROR[41;31m][0m [1mNG1010: 'imports' must be an array of components, directives, pipes, or NgModules.
  Value could not be determined statically.[0m [1m[35m[plugin angular-compiler][0m

    projects/loupe/src/app/pages/reference-detail/reference-detail-page.ts:7:24:
[37m      7 │   imports: [RouterLink, [32mReferenceDetailPanel[37m, UnsavedChanges],
        ╵                         [32m~~~~~~~~~~~~~~~~~~~~[0m

  Unknown reference.

    projects/loupe/src/app/pages/reference-detail/reference-detail-page.ts:7:24:
[37m      7 │   imports: [RouterLink, [32mReferenceDetailPanel[37m, UnsavedChanges],
        ╵                         [32m~~~~~~~~~~~~~~~~~~~~[0m


[31mX [41;31m[[41;97mERROR[41;31m][0m [1mTS2339: Property 'dirty' does not exist on type '{}'.[0m [1m[35m[plugin angular-compiler][0m

    projects/loupe/src/app/pages/reference-detail/reference-detail-page.ts:14:40:
[37m      14 │   readonly dirty = () => this.detail()?.[32mdirty[37m() ?? false;
         ╵                                         [32m~~~~~[0m


[31mX [41;31m[[41;97mERROR[41;31m][0m [1mTS2591: Cannot find name 'domain'. Do you need to install type definitions for node? Try `npm i --save-dev @types/node` and then add 'node' to the types field in your tsconfig.[0m [1m[35m[plugin angular-compiler][0m

    projects/loupe/src/app/pages/reference-link/reference-link-page.ts:3:35:
[37m      3 │ import { ReferenceLinkPanel } from [32m'domain'[37m;
        ╵                                    [32m~~~~~~~~[0m


[31mX [41;31m[[41;97mERROR[41;31m][0m [1mNG1010: 'imports' must be an array of components, directives, pipes, or NgModules.
  Value could not be determined statically.[0m [1m[35m[plugin angular-compiler][0m

    projects/loupe/src/app/pages/reference-link/reference-link-page.ts:9:24:
[37m      9 │   imports: [RouterLink, [32mReferenceLinkPanel[37m, UnsavedChanges],
        ╵                         [32m~~~~~~~~~~~~~~~~~~[0m

  Unknown reference.

    projects/loupe/src/app/pages/reference-link/reference-link-page.ts:9:24:
[37m      9 │   imports: [RouterLink, [32mReferenceLinkPanel[37m, UnsavedChanges],
        ╵                         [32m~~~~~~~~~~~~~~~~~~[0m


[31mX [41;31m[[41;97mERROR[41;31m][0m [1mTS2339: Property 'dirty' does not exist on type '{}'.[0m [1m[35m[plugin angular-compiler][0m

    projects/loupe/src/app/pages/reference-link/reference-link-page.ts:17:38:
[37m      17 │   readonly dirty = () => this.form()?.[32mdirty[37m() ?? false;
         ╵                                       [32m~~~~~[0m


[31mX [41;31m[[41;97mERROR[41;31m][0m [1mTS2591: Cannot find name 'domain'. Do you need to install type definitions for node? Try `npm i --save-dev @types/node` and then add 'node' to the types field in your tsconfig.[0m [1m[35m[plugin angular-compiler][0m

    projects/loupe/src/app/pages/reference-upload/reference-upload-page.ts:3:36:
[37m      3 │ import { ReferenceImagePanel } from [32m'domain'[37m;
        ╵                                     [32m~~~~~~~~[0m


[31mX [41;31m[[41;97mERROR[41;31m][0m [1mNG1010: 'imports' must be an array of components, directives, pipes, or NgModules.
  Value could not be determined statically.[0m [1m[35m[plugin angular-compiler][0m

    projects/loupe/src/app/pages/reference-upload/reference-upload-page.ts:9:24:
[37m      9 │   imports: [RouterLink, [32mReferenceImagePanel[37m, UnsavedChanges],
        ╵                         [32m~~~~~~~~~~~~~~~~~~~[0m

  Unknown reference.

    projects/loupe/src/app/pages/reference-upload/reference-upload-page.ts:9:24:
[37m      9 │   imports: [RouterLink, [32mReferenceImagePanel[37m, UnsavedChanges],
        ╵                         [32m~~~~~~~~~~~~~~~~~~~[0m


[31mX [41;31m[[41;97mERROR[41;31m][0m [1mTS2339: Property 'dirty' does not exist on type '{}'.[0m [1m[35m[plugin angular-compiler][0m

    projects/loupe/src/app/pages/reference-upload/reference-upload-page.ts:17:38:
[37m      17 │   readonly dirty = () => this.form()?.[32mdirty[37m() ?? false;
         ╵                                       [32m~~~~~[0m


❯ Changes detected. Rebuilding...
✔ Changes detected. Rebuilding...
Application bundle generation failed. [1.058 seconds] - 2026-09-08T20:38:02.466Z

[31mX [41;31m[[41;97mERROR[41;31m][0m [1mTS2571: Object is of type 'unknown'.[0m [1m[35m[plugin angular-compiler][0m

    projects/loupe/src/app/app.html:2:13:
[37m      2 │ @if (session.[32mcurrent[37m(); as user) {
        ╵              [32m~~~~~~~[0m

  Error occurs in the template of component App.

    projects/loupe/src/app/app.ts:10:15:
[37m      10 │   templateUrl: [32m'./app.html'[37m,
         ╵                [32m~~~~~~~~~~~~[0m


[31mX [41;31m[[41;97mERROR[41;31m][0m [1mTS2571: Object is of type 'unknown'.[0m [1m[35m[plugin angular-compiler][0m

    projects/loupe/src/app/app.html:2:13:
[37m      2 │ @if (session.[32mcurrent[37m(); as user) {
        ╵              [32m~~~~~~~[0m

  Error occurs in the template of component App.

    projects/loupe/src/app/app.ts:10:15:
[37m      10 │   templateUrl: [32m'./app.html'[37m,
         ╵                [32m~~~~~~~~~~~~[0m


[31mX [41;31m[[41;97mERROR[41;31m][0m [1mTS2307: Cannot find module 'api' or its corresponding type declarations.[0m [1m[35m[plugin angular-compiler][0m

    projects/loupe/src/app/app.providers.ts:1:65:
[37m      1 │ ...rt { REFERENCE_IMPORT_SERVICE, ReferenceImportService } from [32m'api'[37m;
        ╵                                                                 [32m~~~~~[0m


[31mX [41;31m[[41;97mERROR[41;31m][0m [1mTS2307: Cannot find module 'api' or its corresponding type declarations.[0m [1m[35m[plugin angular-compiler][0m

    projects/loupe/src/app/app.providers.ts:2:52:
[37m      2 │ import { REFERENCE_SERVICE, ReferenceService } from [32m'api'[37m;
        ╵                                                     [32m~~~~~[0m


[31mX [41;31m[[41;97mERROR[41;31m][0m [1mTS2307: Cannot find module 'api' or its corresponding type declarations.[0m [1m[35m[plugin angular-compiler][0m

    projects/loupe/src/app/app.providers.ts:4:87:
[37m      4 │ ...SessionService, PHOTOGRAPH_SERVICE, PhotographService } from [32m'api'[37m;
        ╵                                                                 [32m~~~~~[0m


[31mX [41;31m[[41;97mERROR[41;31m][0m [1mTS2307: Cannot find module 'api' or its corresponding type declarations.[0m [1m[35m[plugin angular-compiler][0m

    projects/loupe/src/app/app.providers.ts:5:50:
[37m      5 │ import { DELETION_SERVICE, DeletionService } from [32m'api'[37m;
        ╵                                                   [32m~~~~~[0m


[31mX [41;31m[[41;97mERROR[41;31m][0m [1mTS2307: Cannot find module 'api' or its corresponding type declarations.[0m [1m[35m[plugin angular-compiler][0m

    projects/loupe/src/app/app.providers.ts:6:50:
[37m      6 │ import { CRITIQUE_SERVICE, CritiqueService } from [32m'api'[37m;
        ╵                                                   [32m~~~~~[0m


[31mX [41;31m[[41;97mERROR[41;31m][0m [1mTS2307: Cannot find module 'api' or its corresponding type declarations.[0m [1m[35m[plugin angular-compiler][0m

    projects/loupe/src/app/app.providers.ts:7:54:
[37m      7 │ import { COMPARISON_SERVICE, ComparisonService } from [32m'api'[37m;
        ╵                                                       [32m~~~~~[0m


[31mX [41;31m[[41;97mERROR[41;31m][0m [1mTS2307: Cannot find module 'api' or its corresponding type declarations.[0m [1m[35m[plugin angular-compiler][0m

    projects/loupe/src/app/app.ts:4:32:
[37m      4 │ import { SESSION_SERVICE } from [32m'api'[37m;
        ╵                                 [32m~~~~~[0m


[31mX [41;31m[[41;97mERROR[41;31m][0m [1mTS2571: Object is of type 'unknown'.[0m [1m[35m[plugin angular-compiler][0m

    projects/loupe/src/app/app.ts:38:12:
[37m      38 │       await [32mthis.session[37m.signOut();
         ╵             [32m~~~~~~~~~~~~[0m


[31mX [41;31m[[41;97mERROR[41;31m][0m [1mTS2307: Cannot find module 'api' or its corresponding type declarations.[0m [1m[35m[plugin angular-compiler][0m

    projects/loupe/src/app/dialogs/delete-photograph/delete-photograph.ts:18:7:
[37m      18 │ } from [32m'api'[37m;
         ╵        [32m~~~~~[0m


[31mX [41;31m[[41;97mERROR[41;31m][0m [1mTS2571: Object is of type 'unknown'.[0m [1m[35m[plugin angular-compiler][0m

    projects/loupe/src/app/dialogs/delete-photograph/delete-photograph.ts:62:27:
[37m      62 │       const result = await [32mthis.service[37m.deletePhotograph(photograp...
         ╵                            [32m~~~~~~~~~~~~[0m


[31mX [41;31m[[41;97mERROR[41;31m][0m [1mTS18046: 'error' is of type 'unknown'.[0m [1m[35m[plugin angular-compiler][0m

    projects/loupe/src/app/dialogs/delete-photograph/delete-photograph.ts:69:45:
[37m      69 │ ...r instanceof ServiceError && [32merror[37m.code === 'revision_conflict') {
         ╵                                 [32m~~~~~[0m


[31mX [41;31m[[41;97mERROR[41;31m][0m [1mTS18046: 'error' is of type 'unknown'.[0m [1m[35m[plugin angular-compiler][0m

    projects/loupe/src/app/dialogs/delete-photograph/delete-photograph.ts:72:52:
[37m      72 │ ...rror instanceof ServiceError && [32merror[37m.code === 'item_unavailable')
         ╵                                    [32m~~~~~[0m


[31mX [41;31m[[41;97mERROR[41;31m][0m [1mTS2571: Object is of type 'unknown'.[0m [1m[35m[plugin angular-compiler][0m

    projects/loupe/src/app/dialogs/delete-photograph/delete-photograph.ts:87:27:
[37m      87 │       const latest = await [32mthis.photographs[37m.get(photograph.id);
         ╵                            [32m~~~~~~~~~~~~~~~~[0m


[31mX [41;31m[[41;97mERROR[41;31m][0m [1mTS18046: 'error' is of type 'unknown'.[0m [1m[35m[plugin angular-compiler][0m

    projects/loupe/src/app/dialogs/delete-photograph/delete-photograph.ts:97:45:
[37m      97 │ ...rror instanceof ServiceError && [32merror[37m.code === 'item_unavailable')
         ╵                                    [32m~~~~~[0m


[31mX [41;31m[[41;97mERROR[41;31m][0m [1mTS2307: Cannot find module 'api' or its corresponding type declarations.[0m [1m[35m[plugin angular-compiler][0m

    projects/loupe/src/app/dialogs/regenerate-critique/regenerate-critique.ts:2:50:
[37m      2 │ import { OperationResult, PhotographResult } from [32m'api'[37m;
        ╵                                                   [32m~~~~~[0m


[31mX [41;31m[[41;97mERROR[41;31m][0m [1mTS2307: Cannot find module 'api' or its corresponding type declarations.[0m [1m[35m[plugin angular-compiler][0m

    projects/loupe/src/app/dialogs/unsaved-changes/unsaved-changes.ts:10:32:
[37m      10 │ import { SESSION_SERVICE } from [32m'api'[37m;
         ╵                                 [32m~~~~~[0m


[31mX [41;31m[[41;97mERROR[41;31m][0m [1mTS2571: Object is of type 'unknown'.[0m [1m[35m[plugin angular-compiler][0m

    projects/loupe/src/app/dialogs/unsaved-changes/unsaved-changes.ts:29:10:
[37m      29 │       if ([32mthis.session[37m.current() && this.dirty()()) {
         ╵           [32m~~~~~~~~~~~~[0m


[31mX [41;31m[[41;97mERROR[41;31m][0m [1mTS2571: Object is of type 'unknown'.[0m [1m[35m[plugin angular-compiler][0m

    projects/loupe/src/app/dialogs/unsaved-changes/unsaved-changes.ts:41:11:
[37m      41 │     return [32mthis.session[37m.current() && dirty ? this.confirmDiscard()...
         ╵            [32m~~~~~~~~~~~~[0m


[31mX [41;31m[[41;97mERROR[41;31m][0m [1mTS2307: Cannot find module 'api' or its corresponding type declarations.[0m [1m[35m[plugin angular-compiler][0m

    projects/loupe/src/app/pages/photograph-detail/photograph-detail-page.ts:3:83:
[37m      3 │ ...t, OperationResult, PhotographResult, SESSION_SERVICE } from [32m'api'[37m;
        ╵                                                                 [32m~~~~~[0m


[31mX [41;31m[[41;97mERROR[41;31m][0m [1mTS2571: Object is of type 'unknown'.[0m [1m[35m[plugin angular-compiler][0m

    projects/loupe/src/app/pages/photograph-detail/photograph-detail-page.ts:39:8:
[37m      39 │     if ([32mthis.session[37m.current() && (this.deleting() || this.request...
         ╵         [32m~~~~~~~~~~~~[0m


[31mX [41;31m[[41;97mERROR[41;31m][0m [1mTS2307: Cannot find module 'api' or its corresponding type declarations.[0m [1m[35m[plugin angular-compiler][0m

    projects/loupe/src/app/pages/photograph-upload/photograph-upload-page.ts:4:50:
[37m      4 │ import { OperationResult, PhotographResult } from [32m'api'[37m;
        ╵                                                   [32m~~~~~[0m


[31mX [41;31m[[41;97mERROR[41;31m][0m [1mTS2307: Cannot find module 'api' or its corresponding type declarations.[0m [1m[35m[plugin angular-compiler][0m

    projects/loupe/src/app/pages/reference-link/reference-link-page.ts:4:32:
[37m      4 │ import { ReferenceResult } from [32m'api'[37m;
        ╵                                 [32m~~~~~[0m


[31mX [41;31m[[41;97mERROR[41;31m][0m [1mTS2307: Cannot find module 'api' or its corresponding type declarations.[0m [1m[35m[plugin angular-compiler][0m

    projects/loupe/src/app/pages/reference-upload/reference-upload-page.ts:4:32:
[37m      4 │ import { ReferenceResult } from [32m'api'[37m;
        ╵                                 [32m~~~~~[0m


[31mX [41;31m[[41;97mERROR[41;31m][0m [1mTS2307: Cannot find module 'api' or its corresponding type declarations.[0m [1m[35m[plugin angular-compiler][0m

    projects/loupe/src/app/pages/sign-in/sign-in.ts:3:32:
[37m      3 │ import { SESSION_SERVICE } from [32m'api'[37m;
        ╵                                 [32m~~~~~[0m


[31mX [41;31m[[41;97mERROR[41;31m][0m [1mTS2571: Object is of type 'unknown'.[0m [1m[35m[plugin angular-compiler][0m

    projects/loupe/src/app/pages/sign-in/sign-in.ts:12:4:
[37m      12 │     [32mthis.session[37m.signIn(this.destination());
         ╵     [32m~~~~~~~~~~~~[0m


[31mX [41;31m[[41;97mERROR[41;31m][0m [1mTS2307: Cannot find module 'api' or its corresponding type declarations.[0m [1m[35m[plugin angular-compiler][0m

    projects/loupe/src/app/session.guard.ts:3:32:
[37m      3 │ import { SESSION_SERVICE } from [32m'api'[37m;
        ╵                                 [32m~~~~~[0m


[31mX [41;31m[[41;97mERROR[41;31m][0m [1mTS18046: 'session' is of type 'unknown'.[0m [1m[35m[plugin angular-compiler][0m

    projects/loupe/src/app/session.guard.ts:9:18:
[37m      9 │     return (await [32msession[37m.load())
        ╵                   [32m~~~~~~~[0m


[31mX [41;31m[[41;97mERROR[41;31m][0m [1mTS2307: Cannot find module 'api' or its corresponding type declarations.[0m [1m[35m[plugin angular-compiler][0m

    projects/loupe/src/testing/app.providers.ts:1:41:
[37m      1 │ import { REFERENCE_IMPORT_SERVICE } from [32m'api'[37m;
        ╵                                          [32m~~~~~[0m


[31mX [41;31m[[41;97mERROR[41;31m][0m [1mTS2307: Cannot find module 'api' or its corresponding type declarations.[0m [1m[35m[plugin angular-compiler][0m

    projects/loupe/src/testing/app.providers.ts:3:34:
[37m      3 │ import { REFERENCE_SERVICE } from [32m'api'[37m;
        ╵                                   [32m~~~~~[0m


[31mX [41;31m[[41;97mERROR[41;31m][0m [1mTS2307: Cannot find module 'api' or its corresponding type declarations.[0m [1m[35m[plugin angular-compiler][0m

    projects/loupe/src/testing/app.providers.ts:5:88:
[37m      5 │ ...HOTOGRAPH_SERVICE, DELETION_SERVICE, CRITIQUE_SERVICE } from [32m'api'[37m;
        ╵                                                                 [32m~~~~~[0m


[31mX [41;31m[[41;97mERROR[41;31m][0m [1mTS2307: Cannot find module 'api' or its corresponding type declarations.[0m [1m[35m[plugin angular-compiler][0m

    projects/loupe/src/testing/app.providers.ts:10:35:
[37m      10 │ import { COMPARISON_SERVICE } from [32m'api'[37m;
         ╵                                    [32m~~~~~[0m


[31mX [41;31m[[41;97mERROR[41;31m][0m [1mTS2307: Cannot find module 'api' or its corresponding type declarations.[0m [1m[35m[plugin angular-compiler][0m

    projects/loupe/src/testing/mock-comparison.service.ts:10:7:
[37m      10 │ } from [32m'api'[37m;
         ╵        [32m~~~~~[0m


[31mX [41;31m[[41;97mERROR[41;31m][0m [1mTS2307: Cannot find module 'api' or its corresponding type declarations.[0m [1m[35m[plugin angular-compiler][0m

    projects/loupe/src/testing/mock-critique.service.ts:9:7:
[37m      9 │ } from [32m'api'[37m;
        ╵        [32m~~~~~[0m


[31mX [41;31m[[41;97mERROR[41;31m][0m [1mTS2307: Cannot find module 'api' or its corresponding type declarations.[0m [1m[35m[plugin angular-compiler][0m

    projects/loupe/src/testing/mock-deletion.service.ts:2:63:
[37m      2 │ import { DeletionResult, IDeletionService, ServiceError } from [32m'api'[37m;
        ╵                                                                [32m~~~~~[0m


[31mX [41;31m[[41;97mERROR[41;31m][0m [1mTS2307: Cannot find module 'api' or its corresponding type declarations.[0m [1m[35m[plugin angular-compiler][0m

    projects/loupe/src/testing/mock-photograph.service.ts:10:7:
[37m      10 │ } from [32m'api'[37m;
         ╵        [32m~~~~~[0m


[31mX [41;31m[[41;97mERROR[41;31m][0m [1mTS2307: Cannot find module 'api' or its corresponding type declarations.[0m [1m[35m[plugin angular-compiler][0m

    projects/loupe/src/testing/mock-reference-import.service.ts:7:7:
[37m      7 │ } from [32m'api'[37m;
        ╵        [32m~~~~~[0m


[31mX [41;31m[[41;97mERROR[41;31m][0m [1mTS2307: Cannot find module 'api' or its corresponding type declarations.[0m [1m[35m[plugin angular-compiler][0m

    projects/loupe/src/testing/mock-reference.service.ts:1:70:
[37m      1 │ ...ReferenceMetadata, ReferenceLink, ReferenceLinkResult } from [32m'api'[37m;
        ╵                                                                 [32m~~~~~[0m


[31mX [41;31m[[41;97mERROR[41;31m][0m [1mTS2307: Cannot find module 'api' or its corresponding type declarations.[0m [1m[35m[plugin angular-compiler][0m

    projects/loupe/src/testing/mock-reference.service.ts:2:48:
[37m      2 │ import { ReferenceUpload, UploadProgress } from [32m'api'[37m;
        ╵                                                 [32m~~~~~[0m


[31mX [41;31m[[41;97mERROR[41;31m][0m [1mTS2307: Cannot find module 'api' or its corresponding type declarations.[0m [1m[35m[plugin angular-compiler][0m

    projects/loupe/src/testing/mock-reference.service.ts:4:80:
[37m      4 │ ...Service, ReferencePage, ReferenceResult, ServiceError } from [32m'api'[37m;
        ╵                                                                 [32m~~~~~[0m


[31mX [41;31m[[41;97mERROR[41;31m][0m [1mTS2307: Cannot find module 'api' or its corresponding type declarations.[0m [1m[35m[plugin angular-compiler][0m

    projects/loupe/src/testing/mock-session.service.ts:3:47:
[37m      3 │ import { ISessionService, SessionResult } from [32m'api'[37m;
        ╵                                                [32m~~~~~[0m


❯ Changes detected. Rebuilding...
✔ Changes detected. Rebuilding...
Application bundle generation failed. [0.003 seconds] - 2026-09-08T20:38:04.076Z

[31mX [41;31m[[41;97mERROR[41;31m][0m [1mTS2571: Object is of type 'unknown'.[0m [1m[35m[plugin angular-compiler][0m

    projects/loupe/src/app/app.html:2:13:
[37m      2 │ @if (session.[32mcurrent[37m(); as user) {
        ╵              [32m~~~~~~~[0m

  Error occurs in the template of component App.

    projects/loupe/src/app/app.ts:10:15:
[37m      10 │   templateUrl: [32m'./app.html'[37m,
         ╵                [32m~~~~~~~~~~~~[0m


[31mX [41;31m[[41;97mERROR[41;31m][0m [1mTS2571: Object is of type 'unknown'.[0m [1m[35m[plugin angular-compiler][0m

    projects/loupe/src/app/app.html:2:13:
[37m      2 │ @if (session.[32mcurrent[37m(); as user) {
        ╵              [32m~~~~~~~[0m

  Error occurs in the template of component App.

    projects/loupe/src/app/app.ts:10:15:
[37m      10 │   templateUrl: [32m'./app.html'[37m,
         ╵                [32m~~~~~~~~~~~~[0m


[31mX [41;31m[[41;97mERROR[41;31m][0m [1mTS2307: Cannot find module 'api' or its corresponding type declarations.[0m [1m[35m[plugin angular-compiler][0m

    projects/loupe/src/app/app.providers.ts:1:65:
[37m      1 │ ...rt { REFERENCE_IMPORT_SERVICE, ReferenceImportService } from [32m'api'[37m;
        ╵                                                                 [32m~~~~~[0m


[31mX [41;31m[[41;97mERROR[41;31m][0m [1mTS2307: Cannot find module 'api' or its corresponding type declarations.[0m [1m[35m[plugin angular-compiler][0m

    projects/loupe/src/app/app.providers.ts:2:52:
[37m      2 │ import { REFERENCE_SERVICE, ReferenceService } from [32m'api'[37m;
        ╵                                                     [32m~~~~~[0m


[31mX [41;31m[[41;97mERROR[41;31m][0m [1mTS2307: Cannot find module 'api' or its corresponding type declarations.[0m [1m[35m[plugin angular-compiler][0m

    projects/loupe/src/app/app.providers.ts:4:87:
[37m      4 │ ...SessionService, PHOTOGRAPH_SERVICE, PhotographService } from [32m'api'[37m;
        ╵                                                                 [32m~~~~~[0m


[31mX [41;31m[[41;97mERROR[41;31m][0m [1mTS2307: Cannot find module 'api' or its corresponding type declarations.[0m [1m[35m[plugin angular-compiler][0m

    projects/loupe/src/app/app.providers.ts:5:50:
[37m      5 │ import { DELETION_SERVICE, DeletionService } from [32m'api'[37m;
        ╵                                                   [32m~~~~~[0m


[31mX [41;31m[[41;97mERROR[41;31m][0m [1mTS2307: Cannot find module 'api' or its corresponding type declarations.[0m [1m[35m[plugin angular-compiler][0m

    projects/loupe/src/app/app.providers.ts:6:50:
[37m      6 │ import { CRITIQUE_SERVICE, CritiqueService } from [32m'api'[37m;
        ╵                                                   [32m~~~~~[0m


[31mX [41;31m[[41;97mERROR[41;31m][0m [1mTS2307: Cannot find module 'api' or its corresponding type declarations.[0m [1m[35m[plugin angular-compiler][0m

    projects/loupe/src/app/app.providers.ts:7:54:
[37m      7 │ import { COMPARISON_SERVICE, ComparisonService } from [32m'api'[37m;
        ╵                                                       [32m~~~~~[0m


[31mX [41;31m[[41;97mERROR[41;31m][0m [1mTS2307: Cannot find module 'api' or its corresponding type declarations.[0m [1m[35m[plugin angular-compiler][0m

    projects/loupe/src/app/app.ts:4:32:
[37m      4 │ import { SESSION_SERVICE } from [32m'api'[37m;
        ╵                                 [32m~~~~~[0m


[31mX [41;31m[[41;97mERROR[41;31m][0m [1mTS2571: Object is of type 'unknown'.[0m [1m[35m[plugin angular-compiler][0m

    projects/loupe/src/app/app.ts:38:12:
[37m      38 │       await [32mthis.session[37m.signOut();
         ╵             [32m~~~~~~~~~~~~[0m


[31mX [41;31m[[41;97mERROR[41;31m][0m [1mTS2307: Cannot find module 'api' or its corresponding type declarations.[0m [1m[35m[plugin angular-compiler][0m

    projects/loupe/src/app/dialogs/delete-photograph/delete-photograph.ts:18:7:
[37m      18 │ } from [32m'api'[37m;
         ╵        [32m~~~~~[0m


[31mX [41;31m[[41;97mERROR[41;31m][0m [1mTS2571: Object is of type 'unknown'.[0m [1m[35m[plugin angular-compiler][0m

    projects/loupe/src/app/dialogs/delete-photograph/delete-photograph.ts:62:27:
[37m      62 │       const result = await [32mthis.service[37m.deletePhotograph(photograp...
         ╵                            [32m~~~~~~~~~~~~[0m


[31mX [41;31m[[41;97mERROR[41;31m][0m [1mTS18046: 'error' is of type 'unknown'.[0m [1m[35m[plugin angular-compiler][0m

    projects/loupe/src/app/dialogs/delete-photograph/delete-photograph.ts:69:45:
[37m      69 │ ...r instanceof ServiceError && [32merror[37m.code === 'revision_conflict') {
         ╵                                 [32m~~~~~[0m


[31mX [41;31m[[41;97mERROR[41;31m][0m [1mTS18046: 'error' is of type 'unknown'.[0m [1m[35m[plugin angular-compiler][0m

    projects/loupe/src/app/dialogs/delete-photograph/delete-photograph.ts:72:52:
[37m      72 │ ...rror instanceof ServiceError && [32merror[37m.code === 'item_unavailable')
         ╵                                    [32m~~~~~[0m


[31mX [41;31m[[41;97mERROR[41;31m][0m [1mTS2571: Object is of type 'unknown'.[0m [1m[35m[plugin angular-compiler][0m

    projects/loupe/src/app/dialogs/delete-photograph/delete-photograph.ts:87:27:
[37m      87 │       const latest = await [32mthis.photographs[37m.get(photograph.id);
         ╵                            [32m~~~~~~~~~~~~~~~~[0m


[31mX [41;31m[[41;97mERROR[41;31m][0m [1mTS18046: 'error' is of type 'unknown'.[0m [1m[35m[plugin angular-compiler][0m

    projects/loupe/src/app/dialogs/delete-photograph/delete-photograph.ts:97:45:
[37m      97 │ ...rror instanceof ServiceError && [32merror[37m.code === 'item_unavailable')
         ╵                                    [32m~~~~~[0m


[31mX [41;31m[[41;97mERROR[41;31m][0m [1mTS2307: Cannot find module 'api' or its corresponding type declarations.[0m [1m[35m[plugin angular-compiler][0m

    projects/loupe/src/app/dialogs/regenerate-critique/regenerate-critique.ts:2:50:
[37m      2 │ import { OperationResult, PhotographResult } from [32m'api'[37m;
        ╵                                                   [32m~~~~~[0m


[31mX [41;31m[[41;97mERROR[41;31m][0m [1mTS2307: Cannot find module 'api' or its corresponding type declarations.[0m [1m[35m[plugin angular-compiler][0m

    projects/loupe/src/app/dialogs/unsaved-changes/unsaved-changes.ts:10:32:
[37m      10 │ import { SESSION_SERVICE } from [32m'api'[37m;
         ╵                                 [32m~~~~~[0m


[31mX [41;31m[[41;97mERROR[41;31m][0m [1mTS2571: Object is of type 'unknown'.[0m [1m[35m[plugin angular-compiler][0m

    projects/loupe/src/app/dialogs/unsaved-changes/unsaved-changes.ts:29:10:
[37m      29 │       if ([32mthis.session[37m.current() && this.dirty()()) {
         ╵           [32m~~~~~~~~~~~~[0m


[31mX [41;31m[[41;97mERROR[41;31m][0m [1mTS2571: Object is of type 'unknown'.[0m [1m[35m[plugin angular-compiler][0m

    projects/loupe/src/app/dialogs/unsaved-changes/unsaved-changes.ts:41:11:
[37m      41 │     return [32mthis.session[37m.current() && dirty ? this.confirmDiscard()...
         ╵            [32m~~~~~~~~~~~~[0m


[31mX [41;31m[[41;97mERROR[41;31m][0m [1mTS2307: Cannot find module 'api' or its corresponding type declarations.[0m [1m[35m[plugin angular-compiler][0m

    projects/loupe/src/app/pages/photograph-detail/photograph-detail-page.ts:3:83:
[37m      3 │ ...t, OperationResult, PhotographResult, SESSION_SERVICE } from [32m'api'[37m;
        ╵                                                                 [32m~~~~~[0m


[31mX [41;31m[[41;97mERROR[41;31m][0m [1mTS2571: Object is of type 'unknown'.[0m [1m[35m[plugin angular-compiler][0m

    projects/loupe/src/app/pages/photograph-detail/photograph-detail-page.ts:39:8:
[37m      39 │     if ([32mthis.session[37m.current() && (this.deleting() || this.request...
         ╵         [32m~~~~~~~~~~~~[0m


[31mX [41;31m[[41;97mERROR[41;31m][0m [1mTS2307: Cannot find module 'api' or its corresponding type declarations.[0m [1m[35m[plugin angular-compiler][0m

    projects/loupe/src/app/pages/photograph-upload/photograph-upload-page.ts:4:50:
[37m      4 │ import { OperationResult, PhotographResult } from [32m'api'[37m;
        ╵                                                   [32m~~~~~[0m


[31mX [41;31m[[41;97mERROR[41;31m][0m [1mTS2307: Cannot find module 'api' or its corresponding type declarations.[0m [1m[35m[plugin angular-compiler][0m

    projects/loupe/src/app/pages/reference-link/reference-link-page.ts:4:32:
[37m      4 │ import { ReferenceResult } from [32m'api'[37m;
        ╵                                 [32m~~~~~[0m


[31mX [41;31m[[41;97mERROR[41;31m][0m [1mTS2307: Cannot find module 'api' or its corresponding type declarations.[0m [1m[35m[plugin angular-compiler][0m

    projects/loupe/src/app/pages/reference-upload/reference-upload-page.ts:4:32:
[37m      4 │ import { ReferenceResult } from [32m'api'[37m;
        ╵                                 [32m~~~~~[0m


[31mX [41;31m[[41;97mERROR[41;31m][0m [1mTS2307: Cannot find module 'api' or its corresponding type declarations.[0m [1m[35m[plugin angular-compiler][0m

    projects/loupe/src/app/pages/sign-in/sign-in.ts:3:32:
[37m      3 │ import { SESSION_SERVICE } from [32m'api'[37m;
        ╵                                 [32m~~~~~[0m


[31mX [41;31m[[41;97mERROR[41;31m][0m [1mTS2571: Object is of type 'unknown'.[0m [1m[35m[plugin angular-compiler][0m

    projects/loupe/src/app/pages/sign-in/sign-in.ts:12:4:
[37m      12 │     [32mthis.session[37m.signIn(this.destination());
         ╵     [32m~~~~~~~~~~~~[0m


[31mX [41;31m[[41;97mERROR[41;31m][0m [1mTS2307: Cannot find module 'api' or its corresponding type declarations.[0m [1m[35m[plugin angular-compiler][0m

    projects/loupe/src/app/session.guard.ts:3:32:
[37m      3 │ import { SESSION_SERVICE } from [32m'api'[37m;
        ╵                                 [32m~~~~~[0m


[31mX [41;31m[[41;97mERROR[41;31m][0m [1mTS18046: 'session' is of type 'unknown'.[0m [1m[35m[plugin angular-compiler][0m

    projects/loupe/src/app/session.guard.ts:9:18:
[37m      9 │     return (await [32msession[37m.load())
        ╵                   [32m~~~~~~~[0m


[31mX [41;31m[[41;97mERROR[41;31m][0m [1mTS2307: Cannot find module 'api' or its corresponding type declarations.[0m [1m[35m[plugin angular-compiler][0m

    projects/loupe/src/testing/app.providers.ts:1:41:
[37m      1 │ import { REFERENCE_IMPORT_SERVICE } from [32m'api'[37m;
        ╵                                          [32m~~~~~[0m


[31mX [41;31m[[41;97mERROR[41;31m][0m [1mTS2307: Cannot find module 'api' or its corresponding type declarations.[0m [1m[35m[plugin angular-compiler][0m

    projects/loupe/src/testing/app.providers.ts:3:34:
[37m      3 │ import { REFERENCE_SERVICE } from [32m'api'[37m;
        ╵                                   [32m~~~~~[0m


[31mX [41;31m[[41;97mERROR[41;31m][0m [1mTS2307: Cannot find module 'api' or its corresponding type declarations.[0m [1m[35m[plugin angular-compiler][0m

    projects/loupe/src/testing/app.providers.ts:5:88:
[37m      5 │ ...HOTOGRAPH_SERVICE, DELETION_SERVICE, CRITIQUE_SERVICE } from [32m'api'[37m;
        ╵                                                                 [32m~~~~~[0m


[31mX [41;31m[[41;97mERROR[41;31m][0m [1mTS2307: Cannot find module 'api' or its corresponding type declarations.[0m [1m[35m[plugin angular-compiler][0m

    projects/loupe/src/testing/app.providers.ts:10:35:
[37m      10 │ import { COMPARISON_SERVICE } from [32m'api'[37m;
         ╵                                    [32m~~~~~[0m


[31mX [41;31m[[41;97mERROR[41;31m][0m [1mTS2307: Cannot find module 'api' or its corresponding type declarations.[0m [1m[35m[plugin angular-compiler][0m

    projects/loupe/src/testing/mock-comparison.service.ts:10:7:
[37m      10 │ } from [32m'api'[37m;
         ╵        [32m~~~~~[0m


[31mX [41;31m[[41;97mERROR[41;31m][0m [1mTS2307: Cannot find module 'api' or its corresponding type declarations.[0m [1m[35m[plugin angular-compiler][0m

    projects/loupe/src/testing/mock-critique.service.ts:9:7:
[37m      9 │ } from [32m'api'[37m;
        ╵        [32m~~~~~[0m


[31mX [41;31m[[41;97mERROR[41;31m][0m [1mTS2307: Cannot find module 'api' or its corresponding type declarations.[0m [1m[35m[plugin angular-compiler][0m

    projects/loupe/src/testing/mock-deletion.service.ts:2:63:
[37m      2 │ import { DeletionResult, IDeletionService, ServiceError } from [32m'api'[37m;
        ╵                                                                [32m~~~~~[0m


[31mX [41;31m[[41;97mERROR[41;31m][0m [1mTS2307: Cannot find module 'api' or its corresponding type declarations.[0m [1m[35m[plugin angular-compiler][0m

    projects/loupe/src/testing/mock-photograph.service.ts:10:7:
[37m      10 │ } from [32m'api'[37m;
         ╵        [32m~~~~~[0m


[31mX [41;31m[[41;97mERROR[41;31m][0m [1mTS2307: Cannot find module 'api' or its corresponding type declarations.[0m [1m[35m[plugin angular-compiler][0m

    projects/loupe/src/testing/mock-reference-import.service.ts:7:7:
[37m      7 │ } from [32m'api'[37m;
        ╵        [32m~~~~~[0m


[31mX [41;31m[[41;97mERROR[41;31m][0m [1mTS2307: Cannot find module 'api' or its corresponding type declarations.[0m [1m[35m[plugin angular-compiler][0m

    projects/loupe/src/testing/mock-reference.service.ts:1:70:
[37m      1 │ ...ReferenceMetadata, ReferenceLink, ReferenceLinkResult } from [32m'api'[37m;
        ╵                                                                 [32m~~~~~[0m


[31mX [41;31m[[41;97mERROR[41;31m][0m [1mTS2307: Cannot find module 'api' or its corresponding type declarations.[0m [1m[35m[plugin angular-compiler][0m

    projects/loupe/src/testing/mock-reference.service.ts:2:48:
[37m      2 │ import { ReferenceUpload, UploadProgress } from [32m'api'[37m;
        ╵                                                 [32m~~~~~[0m


[31mX [41;31m[[41;97mERROR[41;31m][0m [1mTS2307: Cannot find module 'api' or its corresponding type declarations.[0m [1m[35m[plugin angular-compiler][0m

    projects/loupe/src/testing/mock-reference.service.ts:4:80:
[37m      4 │ ...Service, ReferencePage, ReferenceResult, ServiceError } from [32m'api'[37m;
        ╵                                                                 [32m~~~~~[0m


[31mX [41;31m[[41;97mERROR[41;31m][0m [1mTS2307: Cannot find module 'api' or its corresponding type declarations.[0m [1m[35m[plugin angular-compiler][0m

    projects/loupe/src/testing/mock-session.service.ts:3:47:
[37m      3 │ import { ISessionService, SessionResult } from [32m'api'[37m;
        ╵                                                [32m~~~~~[0m


❯ Changes detected. Rebuilding...
✔ Changes detected. Rebuilding...
Initial chunk files | Names         |  Raw size
main.js             | main          | 464.15 kB | 
styles.css          | styles        |  23.65 kB | 

                    | Initial total | 487.80 kB

Application bundle generation complete. [1.264 seconds] - 2026-09-08T20:38:07.979Z

Page reload sent to client(s).
[2m4:38:08 p.m.[22m [31m[1m[vite][22m[39m [31m[2m(client)[22m[39m Pre-transform error: Failed to resolve import "components" from ".angular/vite-root/loupe/main.js". Does the file exist?
  Plugin: [35mvite:import-analysis[39m
  File: [36mC:/projects/loupe/frontend/.angular/vite-root/loupe/main.js[39m:515:49
[33m  513 |  
  514 |  // dist/domain/fesm2022/domain.mjs
  515 |  import { PhotographCard, CritiqueContent } from "components";
      |                                                   ^
  516 |  import { DatePipe, DecimalPipe } from "@angular/common";
  517 |  import * as i1 from "@angular/forms";[39m
[2m4:38:08 p.m.[22m [31m[1m[vite][22m[39m [31mInternal server error: Failed to resolve import "components" from ".angular/vite-root/loupe/main.js". Does the file exist?[39m
  Plugin: [35mvite:import-analysis[39m
  File: [36mC:/projects/loupe/frontend/.angular/vite-root/loupe/main.js[39m:515:49
[33m  513 |  
  514 |  // dist/domain/fesm2022/domain.mjs
  515 |  import { PhotographCard, CritiqueContent } from "components";
      |                                                   ^
  516 |  import { DatePipe, DecimalPipe } from "@angular/common";
  517 |  import * as i1 from "@angular/forms";[39m
      at TransformPluginContext._formatLog (file:///C:/projects/loupe/frontend/node_modules/vite/dist/node/chunks/node.js:30416:39)
      at TransformPluginContext.error (file:///C:/projects/loupe/frontend/node_modules/vite/dist/node/chunks/node.js:30413:14)
      at normalizeUrl (file:///C:/projects/loupe/frontend/node_modules/vite/dist/node/chunks/node.js:27438:18)
      at async file:///C:/projects/loupe/frontend/node_modules/vite/dist/node/chunks/node.js:27506:30
      at async Promise.all (index 11)
      at async TransformPluginContext.transform (file:///C:/projects/loupe/frontend/node_modules/vite/dist/node/chunks/node.js:27474:4)
      at async EnvironmentPluginContainer.transform (file:///C:/projects/loupe/frontend/node_modules/vite/dist/node/chunks/node.js:30201:14)
      at async loadAndTransform (file:///C:/projects/loupe/frontend/node_modules/vite/dist/node/chunks/node.js:20124:26)
      at async viteTransformMiddleware (file:///C:/projects/loupe/frontend/node_modules/vite/dist/node/chunks/node.js:24604:20)
❯ Changes detected. Rebuilding...
✔ Changes detected. Rebuilding...
Initial chunk files | Names         |  Raw size
main.js             | main          | 464.15 kB | 
styles.css          | styles        |  23.65 kB | 

                    | Initial total | 487.80 kB

Application bundle generation complete. [0.099 seconds] - 2026-09-08T20:38:10.015Z

❯ Changes detected. Rebuilding...
✔ Changes detected. Rebuilding...
Application bundle generation failed. [0.571 seconds] - 2026-09-08T20:38:13.160Z

[31mX [41;31m[[41;97mERROR[41;31m][0m [1mTS2591: Cannot find name 'domain'. Do you need to install type definitions for node? Try `npm i --save-dev @types/node` and then add 'node' to the types field in your tsconfig.[0m [1m[35m[plugin angular-compiler][0m

    projects/loupe/src/app/dialogs/regenerate-critique/regenerate-critique.ts:3:32:
[37m      3 │ import { RequestCritique } from [32m'domain'[37m;
        ╵                                 [32m~~~~~~~~[0m


[31mX [41;31m[[41;97mERROR[41;31m][0m [1mNG1010: 'imports' must be an array of components, directives, pipes, or NgModules.
  Value could not be determined statically.[0m [1m[35m[plugin angular-compiler][0m

    projects/loupe/src/app/dialogs/regenerate-critique/regenerate-critique.ts:7:12:
[37m      7 │   imports: [[32mRequestCritique[37m],
        ╵             [32m~~~~~~~~~~~~~~~[0m

  Unknown reference.

    projects/loupe/src/app/dialogs/regenerate-critique/regenerate-critique.ts:7:12:
[37m      7 │   imports: [[32mRequestCritique[37m],
        ╵             [32m~~~~~~~~~~~~~~~[0m


[31mX [41;31m[[41;97mERROR[41;31m][0m [1mTS2339: Property 'busy' does not exist on type '{}'.[0m [1m[35m[plugin angular-compiler][0m

    projects/loupe/src/app/dialogs/regenerate-critique/regenerate-critique.ts:17:52:
[37m      17 │ ...uted(() => !!(this.request()?.[32mbusy[37m() || this.request()?.reviewi...
         ╵                                  [32m~~~~[0m


[31mX [41;31m[[41;97mERROR[41;31m][0m [1mTS2339: Property 'reviewing' does not exist on type '{}'.[0m [1m[35m[plugin angular-compiler][0m

    projects/loupe/src/app/dialogs/regenerate-critique/regenerate-critique.ts:17:78:
[37m      17 │ ...(() => !!(this.request()?.busy() || this.request()?.[32mreviewing[37m()));
         ╵                                                        [32m~~~~~~~~~[0m


[31mX [41;31m[[41;97mERROR[41;31m][0m [1mTS2591: Cannot find name 'domain'. Do you need to install type definitions for node? Try `npm i --save-dev @types/node` and then add 'node' to the types field in your tsconfig.[0m [1m[35m[plugin angular-compiler][0m

    projects/loupe/src/app/dialogs/replace-attempt/replace-attempt.ts:2:30:
[37m      2 │ import { AttemptPicker } from [32m'domain'[37m;
        ╵                               [32m~~~~~~~~[0m


[31mX [41;31m[[41;97mERROR[41;31m][0m [1mNG1010: 'imports' must be an array of components, directives, pipes, or NgModules.
  Value could not be determined statically.[0m [1m[35m[plugin angular-compiler][0m

    projects/loupe/src/app/dialogs/replace-attempt/replace-attempt.ts:6:12:
[37m      6 │   imports: [[32mAttemptPicker[37m],
        ╵             [32m~~~~~~~~~~~~~[0m

  Unknown reference.

    projects/loupe/src/app/dialogs/replace-attempt/replace-attempt.ts:6:12:
[37m      6 │   imports: [[32mAttemptPicker[37m],
        ╵             [32m~~~~~~~~~~~~~[0m


[31mX [41;31m[[41;97mERROR[41;31m][0m [1mTS2591: Cannot find name 'domain'. Do you need to install type definitions for node? Try `npm i --save-dev @types/node` and then add 'node' to the types field in your tsconfig.[0m [1m[35m[plugin angular-compiler][0m

    projects/loupe/src/app/pages/compare/compare-page.ts:3:49:
[37m      3 │ import { AttemptComparison, AttemptPicker } from [32m'domain'[37m;
        ╵                                                  [32m~~~~~~~~[0m


[31mX [41;31m[[41;97mERROR[41;31m][0m [1mNG1010: 'imports' must be an array of components, directives, pipes, or NgModules.
  Value could not be determined statically.[0m [1m[35m[plugin angular-compiler][0m

    projects/loupe/src/app/pages/compare/compare-page.ts:8:24:
[37m      8 │   imports: [RouterLink, [32mAttemptComparison[37m, AttemptPicker, ReplaceAt...
        ╵                         [32m~~~~~~~~~~~~~~~~~[0m

  Unknown reference.

    projects/loupe/src/app/pages/compare/compare-page.ts:8:24:
[37m      8 │   imports: [RouterLink, [32mAttemptComparison[37m, AttemptPicker, ReplaceAt...
        ╵                         [32m~~~~~~~~~~~~~~~~~[0m


[31mX [41;31m[[41;97mERROR[41;31m][0m [1mNG1010: 'imports' must be an array of components, directives, pipes, or NgModules.
  Value could not be determined statically.[0m [1m[35m[plugin angular-compiler][0m

    projects/loupe/src/app/pages/compare/compare-page.ts:8:43:
[37m      8 │ ...ts: [RouterLink, AttemptComparison, [32mAttemptPicker[37m, ReplaceAttempt],
        ╵                                        [32m~~~~~~~~~~~~~[0m

  Unknown reference.

    projects/loupe/src/app/pages/compare/compare-page.ts:8:43:
[37m      8 │ ...ts: [RouterLink, AttemptComparison, [32mAttemptPicker[37m, ReplaceAttempt],
        ╵                                        [32m~~~~~~~~~~~~~[0m


[31mX [41;31m[[41;97mERROR[41;31m][0m [1mTS2591: Cannot find name 'domain'. Do you need to install type definitions for node? Try `npm i --save-dev @types/node` and then add 'node' to the types field in your tsconfig.[0m [1m[35m[plugin angular-compiler][0m

    projects/loupe/src/app/pages/deletion/deletion-page.ts:3:31:
[37m      3 │ import { DeletionStatus } from [32m'domain'[37m;
        ╵                                [32m~~~~~~~~[0m


[31mX [41;31m[[41;97mERROR[41;31m][0m [1mNG1010: 'imports' must be an array of components, directives, pipes, or NgModules.
  Value could not be determined statically.[0m [1m[35m[plugin angular-compiler][0m

    projects/loupe/src/app/pages/deletion/deletion-page.ts:7:24:
[37m      7 │   imports: [RouterLink, [32mDeletionStatus[37m],
        ╵                         [32m~~~~~~~~~~~~~~[0m

  Unknown reference.

    projects/loupe/src/app/pages/deletion/deletion-page.ts:7:24:
[37m      7 │   imports: [RouterLink, [32mDeletionStatus[37m],
        ╵                         [32m~~~~~~~~~~~~~~[0m


[31mX [41;31m[[41;97mERROR[41;31m][0m [1mTS2591: Cannot find name 'domain'. Do you need to install type definitions for node? Try `npm i --save-dev @types/node` and then add 'node' to the types field in your tsconfig.[0m [1m[35m[plugin angular-compiler][0m

    projects/loupe/src/app/pages/inspiration/inspiration-page.ts:3:36:
[37m      3 │ import { ReferenceCollection } from [32m'domain'[37m;
        ╵                                     [32m~~~~~~~~[0m


[31mX [41;31m[[41;97mERROR[41;31m][0m [1mNG1010: 'imports' must be an array of components, directives, pipes, or NgModules.
  Value could not be determined statically.[0m [1m[35m[plugin angular-compiler][0m

    projects/loupe/src/app/pages/inspiration/inspiration-page.ts:6:12:
[37m      6 │   imports: [[32mReferenceCollection[37m, RouterLink],
        ╵             [32m~~~~~~~~~~~~~~~~~~~[0m

  Unknown reference.

    projects/loupe/src/app/pages/inspiration/inspiration-page.ts:6:12:
[37m      6 │   imports: [[32mReferenceCollection[37m, RouterLink],
        ╵             [32m~~~~~~~~~~~~~~~~~~~[0m


[31mX [41;31m[[41;97mERROR[41;31m][0m [1mTS2591: Cannot find name 'domain'. Do you need to install type definitions for node? Try `npm i --save-dev @types/node` and then add 'node' to the types field in your tsconfig.[0m [1m[35m[plugin angular-compiler][0m

    projects/loupe/src/app/pages/my-work/my-work.ts:2:37:
[37m      2 │ import { PhotographCollection } from [32m'domain'[37m;
        ╵                                      [32m~~~~~~~~[0m


[31mX [41;31m[[41;97mERROR[41;31m][0m [1mNG1010: 'imports' must be an array of components, directives, pipes, or NgModules.
  Value could not be determined statically.[0m [1m[35m[plugin angular-compiler][0m

    projects/loupe/src/app/pages/my-work/my-work.ts:7:12:
[37m      7 │   imports: [[32mPhotographCollection[37m, RouterLink],
        ╵             [32m~~~~~~~~~~~~~~~~~~~~[0m

  Unknown reference.

    projects/loupe/src/app/pages/my-work/my-work.ts:7:12:
[37m      7 │   imports: [[32mPhotographCollection[37m, RouterLink],
        ╵             [32m~~~~~~~~~~~~~~~~~~~~[0m


[31mX [41;31m[[41;97mERROR[41;31m][0m [1mTS2591: Cannot find name 'domain'. Do you need to install type definitions for node? Try `npm i --save-dev @types/node` and then add 'node' to the types field in your tsconfig.[0m [1m[35m[plugin angular-compiler][0m

    projects/loupe/src/app/pages/photograph-detail/photograph-detail-page.ts:4:33:
[37m      4 │ import { PhotographDetail } from [32m'domain'[37m;
        ╵                                  [32m~~~~~~~~[0m


[31mX [41;31m[[41;97mERROR[41;31m][0m [1mNG1010: 'imports' must be an array of components, directives, pipes, or NgModules.
  Value could not be determined statically.[0m [1m[35m[plugin angular-compiler][0m

    projects/loupe/src/app/pages/photograph-detail/photograph-detail-page.ts:11:24:
[37m      11 │   imports: [RouterLink, [32mPhotographDetail[37m, UnsavedChanges, DeletePh...
         ╵                         [32m~~~~~~~~~~~~~~~~[0m

  Unknown reference.

    projects/loupe/src/app/pages/photograph-detail/photograph-detail-page.ts:11:24:
[37m      11 │   imports: [RouterLink, [32mPhotographDetail[37m, UnsavedChanges, DeletePh...
         ╵                         [32m~~~~~~~~~~~~~~~~[0m


[31mX [41;31m[[41;97mERROR[41;31m][0m [1mTS2339: Property 'dirty' does not exist on type '{}'.[0m [1m[35m[plugin angular-compiler][0m

    projects/loupe/src/app/pages/photograph-detail/photograph-detail-page.ts:24:70:
[37m      24 │ ...uted(() => !this.deletion() && (this.detail()?.[32mdirty[37m() ?? false));
         ╵                                                   [32m~~~~~[0m


[31mX [41;31m[[41;97mERROR[41;31m][0m [1mTS2339: Property 'followCritique' does not exist on type '{}'.[0m [1m[35m[plugin angular-compiler][0m

    projects/loupe/src/app/pages/photograph-detail/photograph-detail-page.ts:29:19:
[37m      29 │     this.detail()?.[32mfollowCritique[37m(operation);
         ╵                    [32m~~~~~~~~~~~~~~[0m


[31mX [41;31m[[41;97mERROR[41;31m][0m [1mTS2339: Property 'photo' does not exist on type '{}'.[0m [1m[35m[plugin angular-compiler][0m

    projects/loupe/src/app/pages/photograph-detail/photograph-detail-page.ts:32:47:
[37m      32 │     if (photo.id === this.id()) this.detail()?.[32mphoto[37m.set(photo);
         ╵                                                [32m~~~~~[0m


[31mX [41;31m[[41;97mERROR[41;31m][0m [1mTS2591: Cannot find name 'domain'. Do you need to install type definitions for node? Try `npm i --save-dev @types/node` and then add 'node' to the types field in your tsconfig.[0m [1m[35m[plugin angular-compiler][0m

    projects/loupe/src/app/pages/photograph-upload/photograph-upload-page.ts:3:50:
[37m      3 │ import { PhotographUpload, RequestCritique } from [32m'domain'[37m;
        ╵                                                   [32m~~~~~~~~[0m


[31mX [41;31m[[41;97mERROR[41;31m][0m [1mNG1010: 'imports' must be an array of components, directives, pipes, or NgModules.
  Value could not be determined statically.[0m [1m[35m[plugin angular-compiler][0m

    projects/loupe/src/app/pages/photograph-upload/photograph-upload-page.ts:9:24:
[37m      9 │   imports: [RouterLink, [32mPhotographUpload[37m, UnsavedChanges, RequestCr...
        ╵                         [32m~~~~~~~~~~~~~~~~[0m

  Unknown reference.

    projects/loupe/src/app/pages/photograph-upload/photograph-upload-page.ts:9:24:
[37m      9 │   imports: [RouterLink, [32mPhotographUpload[37m, UnsavedChanges, RequestCr...
        ╵                         [32m~~~~~~~~~~~~~~~~[0m


[31mX [41;31m[[41;97mERROR[41;31m][0m [1mNG1010: 'imports' must be an array of components, directives, pipes, or NgModules.
  Value could not be determined statically.[0m [1m[35m[plugin angular-compiler][0m

    projects/loupe/src/app/pages/photograph-upload/photograph-upload-page.ts:9:58:
[37m      9 │ ...s: [RouterLink, PhotographUpload, UnsavedChanges, [32mRequestCritique[37m],
        ╵                                                      [32m~~~~~~~~~~~~~~~[0m

  Unknown reference.

    projects/loupe/src/app/pages/photograph-upload/photograph-upload-page.ts:9:58:
[37m      9 │ ...s: [RouterLink, PhotographUpload, UnsavedChanges, [32mRequestCritique[37m],
        ╵                                                      [32m~~~~~~~~~~~~~~~[0m


[31mX [41;31m[[41;97mERROR[41;31m][0m [1mTS2339: Property 'dirty' does not exist on type '{}'.[0m [1m[35m[plugin angular-compiler][0m

    projects/loupe/src/app/pages/photograph-upload/photograph-upload-page.ts:19:38:
[37m      19 │   readonly dirty = () => this.form()?.[32mdirty[37m() ?? false;
         ╵                                       [32m~~~~~[0m


[31mX [41;31m[[41;97mERROR[41;31m][0m [1mTS2339: Property 'dirty' does not exist on type '{}'.[0m [1m[35m[plugin angular-compiler][0m

    projects/loupe/src/app/pages/photograph-upload/photograph-upload-page.ts:21:47:
[37m      21 │     return this.dialog().canLeave(this.form()?.[32mdirty[37m() ?? false);
         ╵                                                [32m~~~~~[0m


[31mX [41;31m[[41;97mERROR[41;31m][0m [1mTS2339: Property 'requestCritique' does not exist on type '{}'.[0m [1m[35m[plugin angular-compiler][0m

    projects/loupe/src/app/pages/photograph-upload/photograph-upload-page.ts:24:21:
[37m      24 │     if (this.form()?.[32mrequestCritique[37m()) {
         ╵                      [32m~~~~~~~~~~~~~~~[0m


[31mX [41;31m[[41;97mERROR[41;31m][0m [1mTS2591: Cannot find name 'domain'. Do you need to install type definitions for node? Try `npm i --save-dev @types/node` and then add 'node' to the types field in your tsconfig.[0m [1m[35m[plugin angular-compiler][0m

    projects/loupe/src/app/pages/reference-detail/reference-detail-page.ts:4:37:
[37m      4 │ import { ReferenceDetailPanel } from [32m'domain'[37m;
        ╵                                      [32m~~~~~~~~[0m


[31mX [41;31m[[41;97mERROR[41;31m][0m [1mNG1010: 'imports' must be an array of components, directives, pipes, or NgModules.
  Value could not be determined statically.[0m [1m[35m[plugin angular-compiler][0m

    projects/loupe/src/app/pages/reference-detail/reference-detail-page.ts:7:24:
[37m      7 │   imports: [RouterLink, [32mReferenceDetailPanel[37m, UnsavedChanges],
        ╵                         [32m~~~~~~~~~~~~~~~~~~~~[0m

  Unknown reference.

    projects/loupe/src/app/pages/reference-detail/reference-detail-page.ts:7:24:
[37m      7 │   imports: [RouterLink, [32mReferenceDetailPanel[37m, UnsavedChanges],
        ╵                         [32m~~~~~~~~~~~~~~~~~~~~[0m


[31mX [41;31m[[41;97mERROR[41;31m][0m [1mTS2339: Property 'dirty' does not exist on type '{}'.[0m [1m[35m[plugin angular-compiler][0m

    projects/loupe/src/app/pages/reference-detail/reference-detail-page.ts:14:40:
[37m      14 │   readonly dirty = () => this.detail()?.[32mdirty[37m() ?? false;
         ╵                                         [32m~~~~~[0m


[31mX [41;31m[[41;97mERROR[41;31m][0m [1mTS2591: Cannot find name 'domain'. Do you need to install type definitions for node? Try `npm i --save-dev @types/node` and then add 'node' to the types field in your tsconfig.[0m [1m[35m[plugin angular-compiler][0m

    projects/loupe/src/app/pages/reference-link/reference-link-page.ts:3:35:
[37m      3 │ import { ReferenceLinkPanel } from [32m'domain'[37m;
        ╵                                    [32m~~~~~~~~[0m


[31mX [41;31m[[41;97mERROR[41;31m][0m [1mNG1010: 'imports' must be an array of components, directives, pipes, or NgModules.
  Value could not be determined statically.[0m [1m[35m[plugin angular-compiler][0m

    projects/loupe/src/app/pages/reference-link/reference-link-page.ts:9:24:
[37m      9 │   imports: [RouterLink, [32mReferenceLinkPanel[37m, UnsavedChanges],
        ╵                         [32m~~~~~~~~~~~~~~~~~~[0m

  Unknown reference.

    projects/loupe/src/app/pages/reference-link/reference-link-page.ts:9:24:
[37m      9 │   imports: [RouterLink, [32mReferenceLinkPanel[37m, UnsavedChanges],
        ╵                         [32m~~~~~~~~~~~~~~~~~~[0m


[31mX [41;31m[[41;97mERROR[41;31m][0m [1mTS2339: Property 'dirty' does not exist on type '{}'.[0m [1m[35m[plugin angular-compiler][0m

    projects/loupe/src/app/pages/reference-link/reference-link-page.ts:17:38:
[37m      17 │   readonly dirty = () => this.form()?.[32mdirty[37m() ?? false;
         ╵                                       [32m~~~~~[0m


[31mX [41;31m[[41;97mERROR[41;31m][0m [1mTS2591: Cannot find name 'domain'. Do you need to install type definitions for node? Try `npm i --save-dev @types/node` and then add 'node' to the types field in your tsconfig.[0m [1m[35m[plugin angular-compiler][0m

    projects/loupe/src/app/pages/reference-upload/reference-upload-page.ts:3:36:
[37m      3 │ import { ReferenceImagePanel } from [32m'domain'[37m;
        ╵                                     [32m~~~~~~~~[0m


[31mX [41;31m[[41;97mERROR[41;31m][0m [1mNG1010: 'imports' must be an array of components, directives, pipes, or NgModules.
  Value could not be determined statically.[0m [1m[35m[plugin angular-compiler][0m

    projects/loupe/src/app/pages/reference-upload/reference-upload-page.ts:9:24:
[37m      9 │   imports: [RouterLink, [32mReferenceImagePanel[37m, UnsavedChanges],
        ╵                         [32m~~~~~~~~~~~~~~~~~~~[0m

  Unknown reference.

    projects/loupe/src/app/pages/reference-upload/reference-upload-page.ts:9:24:
[37m      9 │   imports: [RouterLink, [32mReferenceImagePanel[37m, UnsavedChanges],
        ╵                         [32m~~~~~~~~~~~~~~~~~~~[0m


[31mX [41;31m[[41;97mERROR[41;31m][0m [1mTS2339: Property 'dirty' does not exist on type '{}'.[0m [1m[35m[plugin angular-compiler][0m

    projects/loupe/src/app/pages/reference-upload/reference-upload-page.ts:17:38:
[37m      17 │   readonly dirty = () => this.form()?.[32mdirty[37m() ?? false;
         ╵                                       [32m~~~~~[0m


❯ Changes detected. Rebuilding...
✔ Changes detected. Rebuilding...
Application bundle generation failed. [0.002 seconds] - 2026-09-08T20:38:17.437Z

[31mX [41;31m[[41;97mERROR[41;31m][0m [1mTS2591: Cannot find name 'domain'. Do you need to install type definitions for node? Try `npm i --save-dev @types/node` and then add 'node' to the types field in your tsconfig.[0m [1m[35m[plugin angular-compiler][0m

    projects/loupe/src/app/dialogs/regenerate-critique/regenerate-critique.ts:3:32:
[37m      3 │ import { RequestCritique } from [32m'domain'[37m;
        ╵                                 [32m~~~~~~~~[0m


[31mX [41;31m[[41;97mERROR[41;31m][0m [1mNG1010: 'imports' must be an array of components, directives, pipes, or NgModules.
  Value could not be determined statically.[0m [1m[35m[plugin angular-compiler][0m

    projects/loupe/src/app/dialogs/regenerate-critique/regenerate-critique.ts:7:12:
[37m      7 │   imports: [[32mRequestCritique[37m],
        ╵             [32m~~~~~~~~~~~~~~~[0m

  Unknown reference.

    projects/loupe/src/app/dialogs/regenerate-critique/regenerate-critique.ts:7:12:
[37m      7 │   imports: [[32mRequestCritique[37m],
        ╵             [32m~~~~~~~~~~~~~~~[0m


[31mX [41;31m[[41;97mERROR[41;31m][0m [1mTS2339: Property 'busy' does not exist on type '{}'.[0m [1m[35m[plugin angular-compiler][0m

    projects/loupe/src/app/dialogs/regenerate-critique/regenerate-critique.ts:17:52:
[37m      17 │ ...uted(() => !!(this.request()?.[32mbusy[37m() || this.request()?.reviewi...
         ╵                                  [32m~~~~[0m


[31mX [41;31m[[41;97mERROR[41;31m][0m [1mTS2339: Property 'reviewing' does not exist on type '{}'.[0m [1m[35m[plugin angular-compiler][0m

    projects/loupe/src/app/dialogs/regenerate-critique/regenerate-critique.ts:17:78:
[37m      17 │ ...(() => !!(this.request()?.busy() || this.request()?.[32mreviewing[37m()));
         ╵                                                        [32m~~~~~~~~~[0m


[31mX [41;31m[[41;97mERROR[41;31m][0m [1mTS2591: Cannot find name 'domain'. Do you need to install type definitions for node? Try `npm i --save-dev @types/node` and then add 'node' to the types field in your tsconfig.[0m [1m[35m[plugin angular-compiler][0m

    projects/loupe/src/app/dialogs/replace-attempt/replace-attempt.ts:2:30:
[37m      2 │ import { AttemptPicker } from [32m'domain'[37m;
        ╵                               [32m~~~~~~~~[0m


[31mX [41;31m[[41;97mERROR[41;31m][0m [1mNG1010: 'imports' must be an array of components, directives, pipes, or NgModules.
  Value could not be determined statically.[0m [1m[35m[plugin angular-compiler][0m

    projects/loupe/src/app/dialogs/replace-attempt/replace-attempt.ts:6:12:
[37m      6 │   imports: [[32mAttemptPicker[37m],
        ╵             [32m~~~~~~~~~~~~~[0m

  Unknown reference.

    projects/loupe/src/app/dialogs/replace-attempt/replace-attempt.ts:6:12:
[37m      6 │   imports: [[32mAttemptPicker[37m],
        ╵             [32m~~~~~~~~~~~~~[0m


[31mX [41;31m[[41;97mERROR[41;31m][0m [1mTS2591: Cannot find name 'domain'. Do you need to install type definitions for node? Try `npm i --save-dev @types/node` and then add 'node' to the types field in your tsconfig.[0m [1m[35m[plugin angular-compiler][0m

    projects/loupe/src/app/pages/compare/compare-page.ts:3:49:
[37m      3 │ import { AttemptComparison, AttemptPicker } from [32m'domain'[37m;
        ╵                                                  [32m~~~~~~~~[0m


[31mX [41;31m[[41;97mERROR[41;31m][0m [1mNG1010: 'imports' must be an array of components, directives, pipes, or NgModules.
  Value could not be determined statically.[0m [1m[35m[plugin angular-compiler][0m

    projects/loupe/src/app/pages/compare/compare-page.ts:8:24:
[37m      8 │   imports: [RouterLink, [32mAttemptComparison[37m, AttemptPicker, ReplaceAt...
        ╵                         [32m~~~~~~~~~~~~~~~~~[0m

  Unknown reference.

    projects/loupe/src/app/pages/compare/compare-page.ts:8:24:
[37m      8 │   imports: [RouterLink, [32mAttemptComparison[37m, AttemptPicker, ReplaceAt...
        ╵                         [32m~~~~~~~~~~~~~~~~~[0m


[31mX [41;31m[[41;97mERROR[41;31m][0m [1mNG1010: 'imports' must be an array of components, directives, pipes, or NgModules.
  Value could not be determined statically.[0m [1m[35m[plugin angular-compiler][0m

    projects/loupe/src/app/pages/compare/compare-page.ts:8:43:
[37m      8 │ ...ts: [RouterLink, AttemptComparison, [32mAttemptPicker[37m, ReplaceAttempt],
        ╵                                        [32m~~~~~~~~~~~~~[0m

  Unknown reference.

    projects/loupe/src/app/pages/compare/compare-page.ts:8:43:
[37m      8 │ ...ts: [RouterLink, AttemptComparison, [32mAttemptPicker[37m, ReplaceAttempt],
        ╵                                        [32m~~~~~~~~~~~~~[0m


[31mX [41;31m[[41;97mERROR[41;31m][0m [1mTS2591: Cannot find name 'domain'. Do you need to install type definitions for node? Try `npm i --save-dev @types/node` and then add 'node' to the types field in your tsconfig.[0m [1m[35m[plugin angular-compiler][0m

    projects/loupe/src/app/pages/deletion/deletion-page.ts:3:31:
[37m      3 │ import { DeletionStatus } from [32m'domain'[37m;
        ╵                                [32m~~~~~~~~[0m


[31mX [41;31m[[41;97mERROR[41;31m][0m [1mNG1010: 'imports' must be an array of components, directives, pipes, or NgModules.
  Value could not be determined statically.[0m [1m[35m[plugin angular-compiler][0m

    projects/loupe/src/app/pages/deletion/deletion-page.ts:7:24:
[37m      7 │   imports: [RouterLink, [32mDeletionStatus[37m],
        ╵                         [32m~~~~~~~~~~~~~~[0m

  Unknown reference.

    projects/loupe/src/app/pages/deletion/deletion-page.ts:7:24:
[37m      7 │   imports: [RouterLink, [32mDeletionStatus[37m],
        ╵                         [32m~~~~~~~~~~~~~~[0m


[31mX [41;31m[[41;97mERROR[41;31m][0m [1mTS2591: Cannot find name 'domain'. Do you need to install type definitions for node? Try `npm i --save-dev @types/node` and then add 'node' to the types field in your tsconfig.[0m [1m[35m[plugin angular-compiler][0m

    projects/loupe/src/app/pages/inspiration/inspiration-page.ts:3:36:
[37m      3 │ import { ReferenceCollection } from [32m'domain'[37m;
        ╵                                     [32m~~~~~~~~[0m


[31mX [41;31m[[41;97mERROR[41;31m][0m [1mNG1010: 'imports' must be an array of components, directives, pipes, or NgModules.
  Value could not be determined statically.[0m [1m[35m[plugin angular-compiler][0m

    projects/loupe/src/app/pages/inspiration/inspiration-page.ts:6:12:
[37m      6 │   imports: [[32mReferenceCollection[37m, RouterLink],
        ╵             [32m~~~~~~~~~~~~~~~~~~~[0m

  Unknown reference.

    projects/loupe/src/app/pages/inspiration/inspiration-page.ts:6:12:
[37m      6 │   imports: [[32mReferenceCollection[37m, RouterLink],
        ╵             [32m~~~~~~~~~~~~~~~~~~~[0m


[31mX [41;31m[[41;97mERROR[41;31m][0m [1mTS2591: Cannot find name 'domain'. Do you need to install type definitions for node? Try `npm i --save-dev @types/node` and then add 'node' to the types field in your tsconfig.[0m [1m[35m[plugin angular-compiler][0m

    projects/loupe/src/app/pages/my-work/my-work.ts:2:37:
[37m      2 │ import { PhotographCollection } from [32m'domain'[37m;
        ╵                                      [32m~~~~~~~~[0m


[31mX [41;31m[[41;97mERROR[41;31m][0m [1mNG1010: 'imports' must be an array of components, directives, pipes, or NgModules.
  Value could not be determined statically.[0m [1m[35m[plugin angular-compiler][0m

    projects/loupe/src/app/pages/my-work/my-work.ts:7:12:
[37m      7 │   imports: [[32mPhotographCollection[37m, RouterLink],
        ╵             [32m~~~~~~~~~~~~~~~~~~~~[0m

  Unknown reference.

    projects/loupe/src/app/pages/my-work/my-work.ts:7:12:
[37m      7 │   imports: [[32mPhotographCollection[37m, RouterLink],
        ╵             [32m~~~~~~~~~~~~~~~~~~~~[0m


[31mX [41;31m[[41;97mERROR[41;31m][0m [1mTS2591: Cannot find name 'domain'. Do you need to install type definitions for node? Try `npm i --save-dev @types/node` and then add 'node' to the types field in your tsconfig.[0m [1m[35m[plugin angular-compiler][0m

    projects/loupe/src/app/pages/photograph-detail/photograph-detail-page.ts:4:33:
[37m      4 │ import { PhotographDetail } from [32m'domain'[37m;
        ╵                                  [32m~~~~~~~~[0m


[31mX [41;31m[[41;97mERROR[41;31m][0m [1mNG1010: 'imports' must be an array of components, directives, pipes, or NgModules.
  Value could not be determined statically.[0m [1m[35m[plugin angular-compiler][0m

    projects/loupe/src/app/pages/photograph-detail/photograph-detail-page.ts:11:24:
[37m      11 │   imports: [RouterLink, [32mPhotographDetail[37m, UnsavedChanges, DeletePh...
         ╵                         [32m~~~~~~~~~~~~~~~~[0m

  Unknown reference.

    projects/loupe/src/app/pages/photograph-detail/photograph-detail-page.ts:11:24:
[37m      11 │   imports: [RouterLink, [32mPhotographDetail[37m, UnsavedChanges, DeletePh...
         ╵                         [32m~~~~~~~~~~~~~~~~[0m


[31mX [41;31m[[41;97mERROR[41;31m][0m [1mTS2339: Property 'dirty' does not exist on type '{}'.[0m [1m[35m[plugin angular-compiler][0m

    projects/loupe/src/app/pages/photograph-detail/photograph-detail-page.ts:24:70:
[37m      24 │ ...uted(() => !this.deletion() && (this.detail()?.[32mdirty[37m() ?? false));
         ╵                                                   [32m~~~~~[0m


[31mX [41;31m[[41;97mERROR[41;31m][0m [1mTS2339: Property 'followCritique' does not exist on type '{}'.[0m [1m[35m[plugin angular-compiler][0m

    projects/loupe/src/app/pages/photograph-detail/photograph-detail-page.ts:29:19:
[37m      29 │     this.detail()?.[32mfollowCritique[37m(operation);
         ╵                    [32m~~~~~~~~~~~~~~[0m


[31mX [41;31m[[41;97mERROR[41;31m][0m [1mTS2339: Property 'photo' does not exist on type '{}'.[0m [1m[35m[plugin angular-compiler][0m

    projects/loupe/src/app/pages/photograph-detail/photograph-detail-page.ts:32:47:
[37m      32 │     if (photo.id === this.id()) this.detail()?.[32mphoto[37m.set(photo);
         ╵                                                [32m~~~~~[0m


[31mX [41;31m[[41;97mERROR[41;31m][0m [1mTS2591: Cannot find name 'domain'. Do you need to install type definitions for node? Try `npm i --save-dev @types/node` and then add 'node' to the types field in your tsconfig.[0m [1m[35m[plugin angular-compiler][0m

    projects/loupe/src/app/pages/photograph-upload/photograph-upload-page.ts:3:50:
[37m      3 │ import { PhotographUpload, RequestCritique } from [32m'domain'[37m;
        ╵                                                   [32m~~~~~~~~[0m


[31mX [41;31m[[41;97mERROR[41;31m][0m [1mNG1010: 'imports' must be an array of components, directives, pipes, or NgModules.
  Value could not be determined statically.[0m [1m[35m[plugin angular-compiler][0m

    projects/loupe/src/app/pages/photograph-upload/photograph-upload-page.ts:9:24:
[37m      9 │   imports: [RouterLink, [32mPhotographUpload[37m, UnsavedChanges, RequestCr...
        ╵                         [32m~~~~~~~~~~~~~~~~[0m

  Unknown reference.

    projects/loupe/src/app/pages/photograph-upload/photograph-upload-page.ts:9:24:
[37m      9 │   imports: [RouterLink, [32mPhotographUpload[37m, UnsavedChanges, RequestCr...
        ╵                         [32m~~~~~~~~~~~~~~~~[0m


[31mX [41;31m[[41;97mERROR[41;31m][0m [1mNG1010: 'imports' must be an array of components, directives, pipes, or NgModules.
  Value could not be determined statically.[0m [1m[35m[plugin angular-compiler][0m

    projects/loupe/src/app/pages/photograph-upload/photograph-upload-page.ts:9:58:
[37m      9 │ ...s: [RouterLink, PhotographUpload, UnsavedChanges, [32mRequestCritique[37m],
        ╵                                                      [32m~~~~~~~~~~~~~~~[0m

  Unknown reference.

    projects/loupe/src/app/pages/photograph-upload/photograph-upload-page.ts:9:58:
[37m      9 │ ...s: [RouterLink, PhotographUpload, UnsavedChanges, [32mRequestCritique[37m],
        ╵                                                      [32m~~~~~~~~~~~~~~~[0m


[31mX [41;31m[[41;97mERROR[41;31m][0m [1mTS2339: Property 'dirty' does not exist on type '{}'.[0m [1m[35m[plugin angular-compiler][0m

    projects/loupe/src/app/pages/photograph-upload/photograph-upload-page.ts:19:38:
[37m      19 │   readonly dirty = () => this.form()?.[32mdirty[37m() ?? false;
         ╵                                       [32m~~~~~[0m


[31mX [41;31m[[41;97mERROR[41;31m][0m [1mTS2339: Property 'dirty' does not exist on type '{}'.[0m [1m[35m[plugin angular-compiler][0m

    projects/loupe/src/app/pages/photograph-upload/photograph-upload-page.ts:21:47:
[37m      21 │     return this.dialog().canLeave(this.form()?.[32mdirty[37m() ?? false);
         ╵                                                [32m~~~~~[0m


[31mX [41;31m[[41;97mERROR[41;31m][0m [1mTS2339: Property 'requestCritique' does not exist on type '{}'.[0m [1m[35m[plugin angular-compiler][0m

    projects/loupe/src/app/pages/photograph-upload/photograph-upload-page.ts:24:21:
[37m      24 │     if (this.form()?.[32mrequestCritique[37m()) {
         ╵                      [32m~~~~~~~~~~~~~~~[0m


[31mX [41;31m[[41;97mERROR[41;31m][0m [1mTS2591: Cannot find name 'domain'. Do you need to install type definitions for node? Try `npm i --save-dev @types/node` and then add 'node' to the types field in your tsconfig.[0m [1m[35m[plugin angular-compiler][0m

    projects/loupe/src/app/pages/reference-detail/reference-detail-page.ts:4:37:
[37m      4 │ import { ReferenceDetailPanel } from [32m'domain'[37m;
        ╵                                      [32m~~~~~~~~[0m


[31mX [41;31m[[41;97mERROR[41;31m][0m [1mNG1010: 'imports' must be an array of components, directives, pipes, or NgModules.
  Value could not be determined statically.[0m [1m[35m[plugin angular-compiler][0m

    projects/loupe/src/app/pages/reference-detail/reference-detail-page.ts:7:24:
[37m      7 │   imports: [RouterLink, [32mReferenceDetailPanel[37m, UnsavedChanges],
        ╵                         [32m~~~~~~~~~~~~~~~~~~~~[0m

  Unknown reference.

    projects/loupe/src/app/pages/reference-detail/reference-detail-page.ts:7:24:
[37m      7 │   imports: [RouterLink, [32mReferenceDetailPanel[37m, UnsavedChanges],
        ╵                         [32m~~~~~~~~~~~~~~~~~~~~[0m


[31mX [41;31m[[41;97mERROR[41;31m][0m [1mTS2339: Property 'dirty' does not exist on type '{}'.[0m [1m[35m[plugin angular-compiler][0m

    projects/loupe/src/app/pages/reference-detail/reference-detail-page.ts:14:40:
[37m      14 │   readonly dirty = () => this.detail()?.[32mdirty[37m() ?? false;
         ╵                                         [32m~~~~~[0m


[31mX [41;31m[[41;97mERROR[41;31m][0m [1mTS2591: Cannot find name 'domain'. Do you need to install type definitions for node? Try `npm i --save-dev @types/node` and then add 'node' to the types field in your tsconfig.[0m [1m[35m[plugin angular-compiler][0m

    projects/loupe/src/app/pages/reference-link/reference-link-page.ts:3:35:
[37m      3 │ import { ReferenceLinkPanel } from [32m'domain'[37m;
        ╵                                    [32m~~~~~~~~[0m


[31mX [41;31m[[41;97mERROR[41;31m][0m [1mNG1010: 'imports' must be an array of components, directives, pipes, or NgModules.
  Value could not be determined statically.[0m [1m[35m[plugin angular-compiler][0m

    projects/loupe/src/app/pages/reference-link/reference-link-page.ts:9:24:
[37m      9 │   imports: [RouterLink, [32mReferenceLinkPanel[37m, UnsavedChanges],
        ╵                         [32m~~~~~~~~~~~~~~~~~~[0m

  Unknown reference.

    projects/loupe/src/app/pages/reference-link/reference-link-page.ts:9:24:
[37m      9 │   imports: [RouterLink, [32mReferenceLinkPanel[37m, UnsavedChanges],
        ╵                         [32m~~~~~~~~~~~~~~~~~~[0m


[31mX [41;31m[[41;97mERROR[41;31m][0m [1mTS2339: Property 'dirty' does not exist on type '{}'.[0m [1m[35m[plugin angular-compiler][0m

    projects/loupe/src/app/pages/reference-link/reference-link-page.ts:17:38:
[37m      17 │   readonly dirty = () => this.form()?.[32mdirty[37m() ?? false;
         ╵                                       [32m~~~~~[0m


[31mX [41;31m[[41;97mERROR[41;31m][0m [1mTS2591: Cannot find name 'domain'. Do you need to install type definitions for node? Try `npm i --save-dev @types/node` and then add 'node' to the types field in your tsconfig.[0m [1m[35m[plugin angular-compiler][0m

    projects/loupe/src/app/pages/reference-upload/reference-upload-page.ts:3:36:
[37m      3 │ import { ReferenceImagePanel } from [32m'domain'[37m;
        ╵                                     [32m~~~~~~~~[0m


[31mX [41;31m[[41;97mERROR[41;31m][0m [1mNG1010: 'imports' must be an array of components, directives, pipes, or NgModules.
  Value could not be determined statically.[0m [1m[35m[plugin angular-compiler][0m

    projects/loupe/src/app/pages/reference-upload/reference-upload-page.ts:9:24:
[37m      9 │   imports: [RouterLink, [32mReferenceImagePanel[37m, UnsavedChanges],
        ╵                         [32m~~~~~~~~~~~~~~~~~~~[0m

  Unknown reference.

    projects/loupe/src/app/pages/reference-upload/reference-upload-page.ts:9:24:
[37m      9 │   imports: [RouterLink, [32mReferenceImagePanel[37m, UnsavedChanges],
        ╵                         [32m~~~~~~~~~~~~~~~~~~~[0m


[31mX [41;31m[[41;97mERROR[41;31m][0m [1mTS2339: Property 'dirty' does not exist on type '{}'.[0m [1m[35m[plugin angular-compiler][0m

    projects/loupe/src/app/pages/reference-upload/reference-upload-page.ts:17:38:
[37m      17 │   readonly dirty = () => this.form()?.[32mdirty[37m() ?? false;
         ╵                                       [32m~~~~~[0m


❯ Changes detected. Rebuilding...
✔ Changes detected. Rebuilding...
Application bundle generation failed. [0.002 seconds] - 2026-09-08T20:38:39.365Z

[31mX [41;31m[[41;97mERROR[41;31m][0m [1mTS2591: Cannot find name 'domain'. Do you need to install type definitions for node? Try `npm i --save-dev @types/node` and then add 'node' to the types field in your tsconfig.[0m [1m[35m[plugin angular-compiler][0m

    projects/loupe/src/app/dialogs/regenerate-critique/regenerate-critique.ts:3:32:
[37m      3 │ import { RequestCritique } from [32m'domain'[37m;
        ╵                                 [32m~~~~~~~~[0m


[31mX [41;31m[[41;97mERROR[41;31m][0m [1mNG1010: 'imports' must be an array of components, directives, pipes, or NgModules.
  Value could not be determined statically.[0m [1m[35m[plugin angular-compiler][0m

    projects/loupe/src/app/dialogs/regenerate-critique/regenerate-critique.ts:7:12:
[37m      7 │   imports: [[32mRequestCritique[37m],
        ╵             [32m~~~~~~~~~~~~~~~[0m

  Unknown reference.

    projects/loupe/src/app/dialogs/regenerate-critique/regenerate-critique.ts:7:12:
[37m      7 │   imports: [[32mRequestCritique[37m],
        ╵             [32m~~~~~~~~~~~~~~~[0m


[31mX [41;31m[[41;97mERROR[41;31m][0m [1mTS2339: Property 'busy' does not exist on type '{}'.[0m [1m[35m[plugin angular-compiler][0m

    projects/loupe/src/app/dialogs/regenerate-critique/regenerate-critique.ts:17:52:
[37m      17 │ ...uted(() => !!(this.request()?.[32mbusy[37m() || this.request()?.reviewi...
         ╵                                  [32m~~~~[0m


[31mX [41;31m[[41;97mERROR[41;31m][0m [1mTS2339: Property 'reviewing' does not exist on type '{}'.[0m [1m[35m[plugin angular-compiler][0m

    projects/loupe/src/app/dialogs/regenerate-critique/regenerate-critique.ts:17:78:
[37m      17 │ ...(() => !!(this.request()?.busy() || this.request()?.[32mreviewing[37m()));
         ╵                                                        [32m~~~~~~~~~[0m


[31mX [41;31m[[41;97mERROR[41;31m][0m [1mTS2591: Cannot find name 'domain'. Do you need to install type definitions for node? Try `npm i --save-dev @types/node` and then add 'node' to the types field in your tsconfig.[0m [1m[35m[plugin angular-compiler][0m

    projects/loupe/src/app/dialogs/replace-attempt/replace-attempt.ts:2:30:
[37m      2 │ import { AttemptPicker } from [32m'domain'[37m;
        ╵                               [32m~~~~~~~~[0m


[31mX [41;31m[[41;97mERROR[41;31m][0m [1mNG1010: 'imports' must be an array of components, directives, pipes, or NgModules.
  Value could not be determined statically.[0m [1m[35m[plugin angular-compiler][0m

    projects/loupe/src/app/dialogs/replace-attempt/replace-attempt.ts:6:12:
[37m      6 │   imports: [[32mAttemptPicker[37m],
        ╵             [32m~~~~~~~~~~~~~[0m

  Unknown reference.

    projects/loupe/src/app/dialogs/replace-attempt/replace-attempt.ts:6:12:
[37m      6 │   imports: [[32mAttemptPicker[37m],
        ╵             [32m~~~~~~~~~~~~~[0m


[31mX [41;31m[[41;97mERROR[41;31m][0m [1mTS2591: Cannot find name 'domain'. Do you need to install type definitions for node? Try `npm i --save-dev @types/node` and then add 'node' to the types field in your tsconfig.[0m [1m[35m[plugin angular-compiler][0m

    projects/loupe/src/app/pages/compare/compare-page.ts:3:49:
[37m      3 │ import { AttemptComparison, AttemptPicker } from [32m'domain'[37m;
        ╵                                                  [32m~~~~~~~~[0m


[31mX [41;31m[[41;97mERROR[41;31m][0m [1mNG1010: 'imports' must be an array of components, directives, pipes, or NgModules.
  Value could not be determined statically.[0m [1m[35m[plugin angular-compiler][0m

    projects/loupe/src/app/pages/compare/compare-page.ts:8:24:
[37m      8 │   imports: [RouterLink, [32mAttemptComparison[37m, AttemptPicker, ReplaceAt...
        ╵                         [32m~~~~~~~~~~~~~~~~~[0m

  Unknown reference.

    projects/loupe/src/app/pages/compare/compare-page.ts:8:24:
[37m      8 │   imports: [RouterLink, [32mAttemptComparison[37m, AttemptPicker, ReplaceAt...
        ╵                         [32m~~~~~~~~~~~~~~~~~[0m


[31mX [41;31m[[41;97mERROR[41;31m][0m [1mNG1010: 'imports' must be an array of components, directives, pipes, or NgModules.
  Value could not be determined statically.[0m [1m[35m[plugin angular-compiler][0m

    projects/loupe/src/app/pages/compare/compare-page.ts:8:43:
[37m      8 │ ...ts: [RouterLink, AttemptComparison, [32mAttemptPicker[37m, ReplaceAttempt],
        ╵                                        [32m~~~~~~~~~~~~~[0m

  Unknown reference.

    projects/loupe/src/app/pages/compare/compare-page.ts:8:43:
[37m      8 │ ...ts: [RouterLink, AttemptComparison, [32mAttemptPicker[37m, ReplaceAttempt],
        ╵                                        [32m~~~~~~~~~~~~~[0m


[31mX [41;31m[[41;97mERROR[41;31m][0m [1mTS2591: Cannot find name 'domain'. Do you need to install type definitions for node? Try `npm i --save-dev @types/node` and then add 'node' to the types field in your tsconfig.[0m [1m[35m[plugin angular-compiler][0m

    projects/loupe/src/app/pages/deletion/deletion-page.ts:3:31:
[37m      3 │ import { DeletionStatus } from [32m'domain'[37m;
        ╵                                [32m~~~~~~~~[0m


[31mX [41;31m[[41;97mERROR[41;31m][0m [1mNG1010: 'imports' must be an array of components, directives, pipes, or NgModules.
  Value could not be determined statically.[0m [1m[35m[plugin angular-compiler][0m

    projects/loupe/src/app/pages/deletion/deletion-page.ts:7:24:
[37m      7 │   imports: [RouterLink, [32mDeletionStatus[37m],
        ╵                         [32m~~~~~~~~~~~~~~[0m

  Unknown reference.

    projects/loupe/src/app/pages/deletion/deletion-page.ts:7:24:
[37m      7 │   imports: [RouterLink, [32mDeletionStatus[37m],
        ╵                         [32m~~~~~~~~~~~~~~[0m


[31mX [41;31m[[41;97mERROR[41;31m][0m [1mTS2591: Cannot find name 'domain'. Do you need to install type definitions for node? Try `npm i --save-dev @types/node` and then add 'node' to the types field in your tsconfig.[0m [1m[35m[plugin angular-compiler][0m

    projects/loupe/src/app/pages/inspiration/inspiration-page.ts:3:36:
[37m      3 │ import { ReferenceCollection } from [32m'domain'[37m;
        ╵                                     [32m~~~~~~~~[0m


[31mX [41;31m[[41;97mERROR[41;31m][0m [1mNG1010: 'imports' must be an array of components, directives, pipes, or NgModules.
  Value could not be determined statically.[0m [1m[35m[plugin angular-compiler][0m

    projects/loupe/src/app/pages/inspiration/inspiration-page.ts:6:12:
[37m      6 │   imports: [[32mReferenceCollection[37m, RouterLink],
        ╵             [32m~~~~~~~~~~~~~~~~~~~[0m

  Unknown reference.

    projects/loupe/src/app/pages/inspiration/inspiration-page.ts:6:12:
[37m      6 │   imports: [[32mReferenceCollection[37m, RouterLink],
        ╵             [32m~~~~~~~~~~~~~~~~~~~[0m


[31mX [41;31m[[41;97mERROR[41;31m][0m [1mTS2591: Cannot find name 'domain'. Do you need to install type definitions for node? Try `npm i --save-dev @types/node` and then add 'node' to the types field in your tsconfig.[0m [1m[35m[plugin angular-compiler][0m

    projects/loupe/src/app/pages/my-work/my-work.ts:2:37:
[37m      2 │ import { PhotographCollection } from [32m'domain'[37m;
        ╵                                      [32m~~~~~~~~[0m


[31mX [41;31m[[41;97mERROR[41;31m][0m [1mNG1010: 'imports' must be an array of components, directives, pipes, or NgModules.
  Value could not be determined statically.[0m [1m[35m[plugin angular-compiler][0m

    projects/loupe/src/app/pages/my-work/my-work.ts:7:12:
[37m      7 │   imports: [[32mPhotographCollection[37m, RouterLink],
        ╵             [32m~~~~~~~~~~~~~~~~~~~~[0m

  Unknown reference.

    projects/loupe/src/app/pages/my-work/my-work.ts:7:12:
[37m      7 │   imports: [[32mPhotographCollection[37m, RouterLink],
        ╵             [32m~~~~~~~~~~~~~~~~~~~~[0m


[31mX [41;31m[[41;97mERROR[41;31m][0m [1mTS2591: Cannot find name 'domain'. Do you need to install type definitions for node? Try `npm i --save-dev @types/node` and then add 'node' to the types field in your tsconfig.[0m [1m[35m[plugin angular-compiler][0m

    projects/loupe/src/app/pages/photograph-detail/photograph-detail-page.ts:4:33:
[37m      4 │ import { PhotographDetail } from [32m'domain'[37m;
        ╵                                  [32m~~~~~~~~[0m


[31mX [41;31m[[41;97mERROR[41;31m][0m [1mNG1010: 'imports' must be an array of components, directives, pipes, or NgModules.
  Value could not be determined statically.[0m [1m[35m[plugin angular-compiler][0m

    projects/loupe/src/app/pages/photograph-detail/photograph-detail-page.ts:11:24:
[37m      11 │   imports: [RouterLink, [32mPhotographDetail[37m, UnsavedChanges, DeletePh...
         ╵                         [32m~~~~~~~~~~~~~~~~[0m

  Unknown reference.

    projects/loupe/src/app/pages/photograph-detail/photograph-detail-page.ts:11:24:
[37m      11 │   imports: [RouterLink, [32mPhotographDetail[37m, UnsavedChanges, DeletePh...
         ╵                         [32m~~~~~~~~~~~~~~~~[0m


[31mX [41;31m[[41;97mERROR[41;31m][0m [1mTS2339: Property 'dirty' does not exist on type '{}'.[0m [1m[35m[plugin angular-compiler][0m

    projects/loupe/src/app/pages/photograph-detail/photograph-detail-page.ts:24:70:
[37m      24 │ ...uted(() => !this.deletion() && (this.detail()?.[32mdirty[37m() ?? false));
         ╵                                                   [32m~~~~~[0m


[31mX [41;31m[[41;97mERROR[41;31m][0m [1mTS2339: Property 'followCritique' does not exist on type '{}'.[0m [1m[35m[plugin angular-compiler][0m

    projects/loupe/src/app/pages/photograph-detail/photograph-detail-page.ts:29:19:
[37m      29 │     this.detail()?.[32mfollowCritique[37m(operation);
         ╵                    [32m~~~~~~~~~~~~~~[0m


[31mX [41;31m[[41;97mERROR[41;31m][0m [1mTS2339: Property 'photo' does not exist on type '{}'.[0m [1m[35m[plugin angular-compiler][0m

    projects/loupe/src/app/pages/photograph-detail/photograph-detail-page.ts:32:47:
[37m      32 │     if (photo.id === this.id()) this.detail()?.[32mphoto[37m.set(photo);
         ╵                                                [32m~~~~~[0m


[31mX [41;31m[[41;97mERROR[41;31m][0m [1mTS2591: Cannot find name 'domain'. Do you need to install type definitions for node? Try `npm i --save-dev @types/node` and then add 'node' to the types field in your tsconfig.[0m [1m[35m[plugin angular-compiler][0m

    projects/loupe/src/app/pages/photograph-upload/photograph-upload-page.ts:3:50:
[37m      3 │ import { PhotographUpload, RequestCritique } from [32m'domain'[37m;
        ╵                                                   [32m~~~~~~~~[0m


[31mX [41;31m[[41;97mERROR[41;31m][0m [1mNG1010: 'imports' must be an array of components, directives, pipes, or NgModules.
  Value could not be determined statically.[0m [1m[35m[plugin angular-compiler][0m

    projects/loupe/src/app/pages/photograph-upload/photograph-upload-page.ts:9:24:
[37m      9 │   imports: [RouterLink, [32mPhotographUpload[37m, UnsavedChanges, RequestCr...
        ╵                         [32m~~~~~~~~~~~~~~~~[0m

  Unknown reference.

    projects/loupe/src/app/pages/photograph-upload/photograph-upload-page.ts:9:24:
[37m      9 │   imports: [RouterLink, [32mPhotographUpload[37m, UnsavedChanges, RequestCr...
        ╵                         [32m~~~~~~~~~~~~~~~~[0m


[31mX [41;31m[[41;97mERROR[41;31m][0m [1mNG1010: 'imports' must be an array of components, directives, pipes, or NgModules.
  Value could not be determined statically.[0m [1m[35m[plugin angular-compiler][0m

    projects/loupe/src/app/pages/photograph-upload/photograph-upload-page.ts:9:58:
[37m      9 │ ...s: [RouterLink, PhotographUpload, UnsavedChanges, [32mRequestCritique[37m],
        ╵                                                      [32m~~~~~~~~~~~~~~~[0m

  Unknown reference.

    projects/loupe/src/app/pages/photograph-upload/photograph-upload-page.ts:9:58:
[37m      9 │ ...s: [RouterLink, PhotographUpload, UnsavedChanges, [32mRequestCritique[37m],
        ╵                                                      [32m~~~~~~~~~~~~~~~[0m


[31mX [41;31m[[41;97mERROR[41;31m][0m [1mTS2339: Property 'dirty' does not exist on type '{}'.[0m [1m[35m[plugin angular-compiler][0m

    projects/loupe/src/app/pages/photograph-upload/photograph-upload-page.ts:19:38:
[37m      19 │   readonly dirty = () => this.form()?.[32mdirty[37m() ?? false;
         ╵                                       [32m~~~~~[0m


[31mX [41;31m[[41;97mERROR[41;31m][0m [1mTS2339: Property 'dirty' does not exist on type '{}'.[0m [1m[35m[plugin angular-compiler][0m

    projects/loupe/src/app/pages/photograph-upload/photograph-upload-page.ts:21:47:
[37m      21 │     return this.dialog().canLeave(this.form()?.[32mdirty[37m() ?? false);
         ╵                                                [32m~~~~~[0m


[31mX [41;31m[[41;97mERROR[41;31m][0m [1mTS2339: Property 'requestCritique' does not exist on type '{}'.[0m [1m[35m[plugin angular-compiler][0m

    projects/loupe/src/app/pages/photograph-upload/photograph-upload-page.ts:24:21:
[37m      24 │     if (this.form()?.[32mrequestCritique[37m()) {
         ╵                      [32m~~~~~~~~~~~~~~~[0m


[31mX [41;31m[[41;97mERROR[41;31m][0m [1mTS2591: Cannot find name 'domain'. Do you need to install type definitions for node? Try `npm i --save-dev @types/node` and then add 'node' to the types field in your tsconfig.[0m [1m[35m[plugin angular-compiler][0m

    projects/loupe/src/app/pages/reference-detail/reference-detail-page.ts:4:37:
[37m      4 │ import { ReferenceDetailPanel } from [32m'domain'[37m;
        ╵                                      [32m~~~~~~~~[0m


[31mX [41;31m[[41;97mERROR[41;31m][0m [1mNG1010: 'imports' must be an array of components, directives, pipes, or NgModules.
  Value could not be determined statically.[0m [1m[35m[plugin angular-compiler][0m

    projects/loupe/src/app/pages/reference-detail/reference-detail-page.ts:7:24:
[37m      7 │   imports: [RouterLink, [32mReferenceDetailPanel[37m, UnsavedChanges],
        ╵                         [32m~~~~~~~~~~~~~~~~~~~~[0m

  Unknown reference.

    projects/loupe/src/app/pages/reference-detail/reference-detail-page.ts:7:24:
[37m      7 │   imports: [RouterLink, [32mReferenceDetailPanel[37m, UnsavedChanges],
        ╵                         [32m~~~~~~~~~~~~~~~~~~~~[0m


[31mX [41;31m[[41;97mERROR[41;31m][0m [1mTS2339: Property 'dirty' does not exist on type '{}'.[0m [1m[35m[plugin angular-compiler][0m

    projects/loupe/src/app/pages/reference-detail/reference-detail-page.ts:14:40:
[37m      14 │   readonly dirty = () => this.detail()?.[32mdirty[37m() ?? false;
         ╵                                         [32m~~~~~[0m


[31mX [41;31m[[41;97mERROR[41;31m][0m [1mTS2591: Cannot find name 'domain'. Do you need to install type definitions for node? Try `npm i --save-dev @types/node` and then add 'node' to the types field in your tsconfig.[0m [1m[35m[plugin angular-compiler][0m

    projects/loupe/src/app/pages/reference-link/reference-link-page.ts:3:35:
[37m      3 │ import { ReferenceLinkPanel } from [32m'domain'[37m;
        ╵                                    [32m~~~~~~~~[0m


[31mX [41;31m[[41;97mERROR[41;31m][0m [1mNG1010: 'imports' must be an array of components, directives, pipes, or NgModules.
  Value could not be determined statically.[0m [1m[35m[plugin angular-compiler][0m

    projects/loupe/src/app/pages/reference-link/reference-link-page.ts:9:24:
[37m      9 │   imports: [RouterLink, [32mReferenceLinkPanel[37m, UnsavedChanges],
        ╵                         [32m~~~~~~~~~~~~~~~~~~[0m

  Unknown reference.

    projects/loupe/src/app/pages/reference-link/reference-link-page.ts:9:24:
[37m      9 │   imports: [RouterLink, [32mReferenceLinkPanel[37m, UnsavedChanges],
        ╵                         [32m~~~~~~~~~~~~~~~~~~[0m


[31mX [41;31m[[41;97mERROR[41;31m][0m [1mTS2339: Property 'dirty' does not exist on type '{}'.[0m [1m[35m[plugin angular-compiler][0m

    projects/loupe/src/app/pages/reference-link/reference-link-page.ts:17:38:
[37m      17 │   readonly dirty = () => this.form()?.[32mdirty[37m() ?? false;
         ╵                                       [32m~~~~~[0m


[31mX [41;31m[[41;97mERROR[41;31m][0m [1mTS2591: Cannot find name 'domain'. Do you need to install type definitions for node? Try `npm i --save-dev @types/node` and then add 'node' to the types field in your tsconfig.[0m [1m[35m[plugin angular-compiler][0m

    projects/loupe/src/app/pages/reference-upload/reference-upload-page.ts:3:36:
[37m      3 │ import { ReferenceImagePanel } from [32m'domain'[37m;
        ╵                                     [32m~~~~~~~~[0m


[31mX [41;31m[[41;97mERROR[41;31m][0m [1mNG1010: 'imports' must be an array of components, directives, pipes, or NgModules.
  Value could not be determined statically.[0m [1m[35m[plugin angular-compiler][0m

    projects/loupe/src/app/pages/reference-upload/reference-upload-page.ts:9:24:
[37m      9 │   imports: [RouterLink, [32mReferenceImagePanel[37m, UnsavedChanges],
        ╵                         [32m~~~~~~~~~~~~~~~~~~~[0m

  Unknown reference.

    projects/loupe/src/app/pages/reference-upload/reference-upload-page.ts:9:24:
[37m      9 │   imports: [RouterLink, [32mReferenceImagePanel[37m, UnsavedChanges],
        ╵                         [32m~~~~~~~~~~~~~~~~~~~[0m


[31mX [41;31m[[41;97mERROR[41;31m][0m [1mTS2339: Property 'dirty' does not exist on type '{}'.[0m [1m[35m[plugin angular-compiler][0m

    projects/loupe/src/app/pages/reference-upload/reference-upload-page.ts:17:38:
[37m      17 │   readonly dirty = () => this.form()?.[32mdirty[37m() ?? false;
         ╵                                       [32m~~~~~[0m


❯ Changes detected. Rebuilding...
✔ Changes detected. Rebuilding...
Application bundle generation failed. [1.157 seconds] - 2026-09-08T20:38:42.688Z

[31mX [41;31m[[41;97mERROR[41;31m][0m [1mTS2571: Object is of type 'unknown'.[0m [1m[35m[plugin angular-compiler][0m

    projects/loupe/src/app/app.html:2:13:
[37m      2 │ @if (session.[32mcurrent[37m(); as user) {
        ╵              [32m~~~~~~~[0m

  Error occurs in the template of component App.

    projects/loupe/src/app/app.ts:10:15:
[37m      10 │   templateUrl: [32m'./app.html'[37m,
         ╵                [32m~~~~~~~~~~~~[0m


[31mX [41;31m[[41;97mERROR[41;31m][0m [1mTS2571: Object is of type 'unknown'.[0m [1m[35m[plugin angular-compiler][0m

    projects/loupe/src/app/app.html:2:13:
[37m      2 │ @if (session.[32mcurrent[37m(); as user) {
        ╵              [32m~~~~~~~[0m

  Error occurs in the template of component App.

    projects/loupe/src/app/app.ts:10:15:
[37m      10 │   templateUrl: [32m'./app.html'[37m,
         ╵                [32m~~~~~~~~~~~~[0m


[31mX [41;31m[[41;97mERROR[41;31m][0m [1mTS2307: Cannot find module 'api' or its corresponding type declarations.[0m [1m[35m[plugin angular-compiler][0m

    projects/loupe/src/app/app.providers.ts:1:65:
[37m      1 │ ...rt { REFERENCE_IMPORT_SERVICE, ReferenceImportService } from [32m'api'[37m;
        ╵                                                                 [32m~~~~~[0m


[31mX [41;31m[[41;97mERROR[41;31m][0m [1mTS2307: Cannot find module 'api' or its corresponding type declarations.[0m [1m[35m[plugin angular-compiler][0m

    projects/loupe/src/app/app.providers.ts:2:52:
[37m      2 │ import { REFERENCE_SERVICE, ReferenceService } from [32m'api'[37m;
        ╵                                                     [32m~~~~~[0m


[31mX [41;31m[[41;97mERROR[41;31m][0m [1mTS2307: Cannot find module 'api' or its corresponding type declarations.[0m [1m[35m[plugin angular-compiler][0m

    projects/loupe/src/app/app.providers.ts:4:87:
[37m      4 │ ...SessionService, PHOTOGRAPH_SERVICE, PhotographService } from [32m'api'[37m;
        ╵                                                                 [32m~~~~~[0m


[31mX [41;31m[[41;97mERROR[41;31m][0m [1mTS2307: Cannot find module 'api' or its corresponding type declarations.[0m [1m[35m[plugin angular-compiler][0m

    projects/loupe/src/app/app.providers.ts:5:50:
[37m      5 │ import { DELETION_SERVICE, DeletionService } from [32m'api'[37m;
        ╵                                                   [32m~~~~~[0m


[31mX [41;31m[[41;97mERROR[41;31m][0m [1mTS2307: Cannot find module 'api' or its corresponding type declarations.[0m [1m[35m[plugin angular-compiler][0m

    projects/loupe/src/app/app.providers.ts:6:50:
[37m      6 │ import { CRITIQUE_SERVICE, CritiqueService } from [32m'api'[37m;
        ╵                                                   [32m~~~~~[0m


[31mX [41;31m[[41;97mERROR[41;31m][0m [1mTS2307: Cannot find module 'api' or its corresponding type declarations.[0m [1m[35m[plugin angular-compiler][0m

    projects/loupe/src/app/app.providers.ts:7:54:
[37m      7 │ import { COMPARISON_SERVICE, ComparisonService } from [32m'api'[37m;
        ╵                                                       [32m~~~~~[0m


[31mX [41;31m[[41;97mERROR[41;31m][0m [1mTS2307: Cannot find module 'api' or its corresponding type declarations.[0m [1m[35m[plugin angular-compiler][0m

    projects/loupe/src/app/app.ts:4:32:
[37m      4 │ import { SESSION_SERVICE } from [32m'api'[37m;
        ╵                                 [32m~~~~~[0m


[31mX [41;31m[[41;97mERROR[41;31m][0m [1mTS2571: Object is of type 'unknown'.[0m [1m[35m[plugin angular-compiler][0m

    projects/loupe/src/app/app.ts:38:12:
[37m      38 │       await [32mthis.session[37m.signOut();
         ╵             [32m~~~~~~~~~~~~[0m


[31mX [41;31m[[41;97mERROR[41;31m][0m [1mTS2307: Cannot find module 'api' or its corresponding type declarations.[0m [1m[35m[plugin angular-compiler][0m

    projects/loupe/src/app/dialogs/delete-photograph/delete-photograph.ts:18:7:
[37m      18 │ } from [32m'api'[37m;
         ╵        [32m~~~~~[0m


[31mX [41;31m[[41;97mERROR[41;31m][0m [1mTS2571: Object is of type 'unknown'.[0m [1m[35m[plugin angular-compiler][0m

    projects/loupe/src/app/dialogs/delete-photograph/delete-photograph.ts:62:27:
[37m      62 │       const result = await [32mthis.service[37m.deletePhotograph(photograp...
         ╵                            [32m~~~~~~~~~~~~[0m


[31mX [41;31m[[41;97mERROR[41;31m][0m [1mTS18046: 'error' is of type 'unknown'.[0m [1m[35m[plugin angular-compiler][0m

    projects/loupe/src/app/dialogs/delete-photograph/delete-photograph.ts:69:45:
[37m      69 │ ...r instanceof ServiceError && [32merror[37m.code === 'revision_conflict') {
         ╵                                 [32m~~~~~[0m


[31mX [41;31m[[41;97mERROR[41;31m][0m [1mTS18046: 'error' is of type 'unknown'.[0m [1m[35m[plugin angular-compiler][0m

    projects/loupe/src/app/dialogs/delete-photograph/delete-photograph.ts:72:52:
[37m      72 │ ...rror instanceof ServiceError && [32merror[37m.code === 'item_unavailable')
         ╵                                    [32m~~~~~[0m


[31mX [41;31m[[41;97mERROR[41;31m][0m [1mTS2571: Object is of type 'unknown'.[0m [1m[35m[plugin angular-compiler][0m

    projects/loupe/src/app/dialogs/delete-photograph/delete-photograph.ts:87:27:
[37m      87 │       const latest = await [32mthis.photographs[37m.get(photograph.id);
         ╵                            [32m~~~~~~~~~~~~~~~~[0m


[31mX [41;31m[[41;97mERROR[41;31m][0m [1mTS18046: 'error' is of type 'unknown'.[0m [1m[35m[plugin angular-compiler][0m

    projects/loupe/src/app/dialogs/delete-photograph/delete-photograph.ts:97:45:
[37m      97 │ ...rror instanceof ServiceError && [32merror[37m.code === 'item_unavailable')
         ╵                                    [32m~~~~~[0m


[31mX [41;31m[[41;97mERROR[41;31m][0m [1mTS2307: Cannot find module 'api' or its corresponding type declarations.[0m [1m[35m[plugin angular-compiler][0m

    projects/loupe/src/app/dialogs/regenerate-critique/regenerate-critique.ts:2:50:
[37m      2 │ import { OperationResult, PhotographResult } from [32m'api'[37m;
        ╵                                                   [32m~~~~~[0m


[31mX [41;31m[[41;97mERROR[41;31m][0m [1mTS2307: Cannot find module 'api' or its corresponding type declarations.[0m [1m[35m[plugin angular-compiler][0m

    projects/loupe/src/app/dialogs/unsaved-changes/unsaved-changes.ts:10:32:
[37m      10 │ import { SESSION_SERVICE } from [32m'api'[37m;
         ╵                                 [32m~~~~~[0m


[31mX [41;31m[[41;97mERROR[41;31m][0m [1mTS2571: Object is of type 'unknown'.[0m [1m[35m[plugin angular-compiler][0m

    projects/loupe/src/app/dialogs/unsaved-changes/unsaved-changes.ts:29:10:
[37m      29 │       if ([32mthis.session[37m.current() && this.dirty()()) {
         ╵           [32m~~~~~~~~~~~~[0m


[31mX [41;31m[[41;97mERROR[41;31m][0m [1mTS2571: Object is of type 'unknown'.[0m [1m[35m[plugin angular-compiler][0m

    projects/loupe/src/app/dialogs/unsaved-changes/unsaved-changes.ts:41:11:
[37m      41 │     return [32mthis.session[37m.current() && dirty ? this.confirmDiscard()...
         ╵            [32m~~~~~~~~~~~~[0m


[31mX [41;31m[[41;97mERROR[41;31m][0m [1mTS2307: Cannot find module 'api' or its corresponding type declarations.[0m [1m[35m[plugin angular-compiler][0m

    projects/loupe/src/app/pages/photograph-detail/photograph-detail-page.ts:3:83:
[37m      3 │ ...t, OperationResult, PhotographResult, SESSION_SERVICE } from [32m'api'[37m;
        ╵                                                                 [32m~~~~~[0m


[31mX [41;31m[[41;97mERROR[41;31m][0m [1mTS2571: Object is of type 'unknown'.[0m [1m[35m[plugin angular-compiler][0m

    projects/loupe/src/app/pages/photograph-detail/photograph-detail-page.ts:39:8:
[37m      39 │     if ([32mthis.session[37m.current() && (this.deleting() || this.request...
         ╵         [32m~~~~~~~~~~~~[0m


[31mX [41;31m[[41;97mERROR[41;31m][0m [1mTS2307: Cannot find module 'api' or its corresponding type declarations.[0m [1m[35m[plugin angular-compiler][0m

    projects/loupe/src/app/pages/photograph-upload/photograph-upload-page.ts:4:50:
[37m      4 │ import { OperationResult, PhotographResult } from [32m'api'[37m;
        ╵                                                   [32m~~~~~[0m


[31mX [41;31m[[41;97mERROR[41;31m][0m [1mTS2307: Cannot find module 'api' or its corresponding type declarations.[0m [1m[35m[plugin angular-compiler][0m

    projects/loupe/src/app/pages/reference-link/reference-link-page.ts:4:32:
[37m      4 │ import { ReferenceResult } from [32m'api'[37m;
        ╵                                 [32m~~~~~[0m


[31mX [41;31m[[41;97mERROR[41;31m][0m [1mTS2307: Cannot find module 'api' or its corresponding type declarations.[0m [1m[35m[plugin angular-compiler][0m

    projects/loupe/src/app/pages/reference-upload/reference-upload-page.ts:4:32:
[37m      4 │ import { ReferenceResult } from [32m'api'[37m;
        ╵                                 [32m~~~~~[0m


[31mX [41;31m[[41;97mERROR[41;31m][0m [1mTS2307: Cannot find module 'api' or its corresponding type declarations.[0m [1m[35m[plugin angular-compiler][0m

    projects/loupe/src/app/pages/sign-in/sign-in.ts:3:32:
[37m      3 │ import { SESSION_SERVICE } from [32m'api'[37m;
        ╵                                 [32m~~~~~[0m


[31mX [41;31m[[41;97mERROR[41;31m][0m [1mTS2571: Object is of type 'unknown'.[0m [1m[35m[plugin angular-compiler][0m

    projects/loupe/src/app/pages/sign-in/sign-in.ts:12:4:
[37m      12 │     [32mthis.session[37m.signIn(this.destination());
         ╵     [32m~~~~~~~~~~~~[0m


[31mX [41;31m[[41;97mERROR[41;31m][0m [1mTS2307: Cannot find module 'api' or its corresponding type declarations.[0m [1m[35m[plugin angular-compiler][0m

    projects/loupe/src/app/session.guard.ts:3:32:
[37m      3 │ import { SESSION_SERVICE } from [32m'api'[37m;
        ╵                                 [32m~~~~~[0m


[31mX [41;31m[[41;97mERROR[41;31m][0m [1mTS18046: 'session' is of type 'unknown'.[0m [1m[35m[plugin angular-compiler][0m

    projects/loupe/src/app/session.guard.ts:9:18:
[37m      9 │     return (await [32msession[37m.load())
        ╵                   [32m~~~~~~~[0m


[31mX [41;31m[[41;97mERROR[41;31m][0m [1mTS2307: Cannot find module 'api' or its corresponding type declarations.[0m [1m[35m[plugin angular-compiler][0m

    projects/loupe/src/testing/app.providers.ts:1:41:
[37m      1 │ import { REFERENCE_IMPORT_SERVICE } from [32m'api'[37m;
        ╵                                          [32m~~~~~[0m


[31mX [41;31m[[41;97mERROR[41;31m][0m [1mTS2307: Cannot find module 'api' or its corresponding type declarations.[0m [1m[35m[plugin angular-compiler][0m

    projects/loupe/src/testing/app.providers.ts:3:34:
[37m      3 │ import { REFERENCE_SERVICE } from [32m'api'[37m;
        ╵                                   [32m~~~~~[0m


[31mX [41;31m[[41;97mERROR[41;31m][0m [1mTS2307: Cannot find module 'api' or its corresponding type declarations.[0m [1m[35m[plugin angular-compiler][0m

    projects/loupe/src/testing/app.providers.ts:5:88:
[37m      5 │ ...HOTOGRAPH_SERVICE, DELETION_SERVICE, CRITIQUE_SERVICE } from [32m'api'[37m;
        ╵                                                                 [32m~~~~~[0m


[31mX [41;31m[[41;97mERROR[41;31m][0m [1mTS2307: Cannot find module 'api' or its corresponding type declarations.[0m [1m[35m[plugin angular-compiler][0m

    projects/loupe/src/testing/app.providers.ts:10:35:
[37m      10 │ import { COMPARISON_SERVICE } from [32m'api'[37m;
         ╵                                    [32m~~~~~[0m


[31mX [41;31m[[41;97mERROR[41;31m][0m [1mTS2307: Cannot find module 'api' or its corresponding type declarations.[0m [1m[35m[plugin angular-compiler][0m

    projects/loupe/src/testing/mock-comparison.service.ts:10:7:
[37m      10 │ } from [32m'api'[37m;
         ╵        [32m~~~~~[0m


[31mX [41;31m[[41;97mERROR[41;31m][0m [1mTS2307: Cannot find module 'api' or its corresponding type declarations.[0m [1m[35m[plugin angular-compiler][0m

    projects/loupe/src/testing/mock-critique.service.ts:9:7:
[37m      9 │ } from [32m'api'[37m;
        ╵        [32m~~~~~[0m


[31mX [41;31m[[41;97mERROR[41;31m][0m [1mTS2307: Cannot find module 'api' or its corresponding type declarations.[0m [1m[35m[plugin angular-compiler][0m

    projects/loupe/src/testing/mock-deletion.service.ts:2:63:
[37m      2 │ import { DeletionResult, IDeletionService, ServiceError } from [32m'api'[37m;
        ╵                                                                [32m~~~~~[0m


[31mX [41;31m[[41;97mERROR[41;31m][0m [1mTS2307: Cannot find module 'api' or its corresponding type declarations.[0m [1m[35m[plugin angular-compiler][0m

    projects/loupe/src/testing/mock-photograph.service.ts:10:7:
[37m      10 │ } from [32m'api'[37m;
         ╵        [32m~~~~~[0m


[31mX [41;31m[[41;97mERROR[41;31m][0m [1mTS2307: Cannot find module 'api' or its corresponding type declarations.[0m [1m[35m[plugin angular-compiler][0m

    projects/loupe/src/testing/mock-reference-import.service.ts:7:7:
[37m      7 │ } from [32m'api'[37m;
        ╵        [32m~~~~~[0m


[31mX [41;31m[[41;97mERROR[41;31m][0m [1mTS2307: Cannot find module 'api' or its corresponding type declarations.[0m [1m[35m[plugin angular-compiler][0m

    projects/loupe/src/testing/mock-reference.service.ts:1:70:
[37m      1 │ ...ReferenceMetadata, ReferenceLink, ReferenceLinkResult } from [32m'api'[37m;
        ╵                                                                 [32m~~~~~[0m


[31mX [41;31m[[41;97mERROR[41;31m][0m [1mTS2307: Cannot find module 'api' or its corresponding type declarations.[0m [1m[35m[plugin angular-compiler][0m

    projects/loupe/src/testing/mock-reference.service.ts:2:48:
[37m      2 │ import { ReferenceUpload, UploadProgress } from [32m'api'[37m;
        ╵                                                 [32m~~~~~[0m


[31mX [41;31m[[41;97mERROR[41;31m][0m [1mTS2307: Cannot find module 'api' or its corresponding type declarations.[0m [1m[35m[plugin angular-compiler][0m

    projects/loupe/src/testing/mock-reference.service.ts:4:80:
[37m      4 │ ...Service, ReferencePage, ReferenceResult, ServiceError } from [32m'api'[37m;
        ╵                                                                 [32m~~~~~[0m


[31mX [41;31m[[41;97mERROR[41;31m][0m [1mTS2307: Cannot find module 'api' or its corresponding type declarations.[0m [1m[35m[plugin angular-compiler][0m

    projects/loupe/src/testing/mock-session.service.ts:3:47:
[37m      3 │ import { ISessionService, SessionResult } from [32m'api'[37m;
        ╵                                                [32m~~~~~[0m


❯ Changes detected. Rebuilding...
✔ Changes detected. Rebuilding...
Application bundle generation failed. [0.002 seconds] - 2026-09-08T20:38:44.428Z

[31mX [41;31m[[41;97mERROR[41;31m][0m [1mTS2571: Object is of type 'unknown'.[0m [1m[35m[plugin angular-compiler][0m

    projects/loupe/src/app/app.html:2:13:
[37m      2 │ @if (session.[32mcurrent[37m(); as user) {
        ╵              [32m~~~~~~~[0m

  Error occurs in the template of component App.

    projects/loupe/src/app/app.ts:10:15:
[37m      10 │   templateUrl: [32m'./app.html'[37m,
         ╵                [32m~~~~~~~~~~~~[0m


[31mX [41;31m[[41;97mERROR[41;31m][0m [1mTS2571: Object is of type 'unknown'.[0m [1m[35m[plugin angular-compiler][0m

    projects/loupe/src/app/app.html:2:13:
[37m      2 │ @if (session.[32mcurrent[37m(); as user) {
        ╵              [32m~~~~~~~[0m

  Error occurs in the template of component App.

    projects/loupe/src/app/app.ts:10:15:
[37m      10 │   templateUrl: [32m'./app.html'[37m,
         ╵                [32m~~~~~~~~~~~~[0m


[31mX [41;31m[[41;97mERROR[41;31m][0m [1mTS2307: Cannot find module 'api' or its corresponding type declarations.[0m [1m[35m[plugin angular-compiler][0m

    projects/loupe/src/app/app.providers.ts:1:65:
[37m      1 │ ...rt { REFERENCE_IMPORT_SERVICE, ReferenceImportService } from [32m'api'[37m;
        ╵                                                                 [32m~~~~~[0m


[31mX [41;31m[[41;97mERROR[41;31m][0m [1mTS2307: Cannot find module 'api' or its corresponding type declarations.[0m [1m[35m[plugin angular-compiler][0m

    projects/loupe/src/app/app.providers.ts:2:52:
[37m      2 │ import { REFERENCE_SERVICE, ReferenceService } from [32m'api'[37m;
        ╵                                                     [32m~~~~~[0m


[31mX [41;31m[[41;97mERROR[41;31m][0m [1mTS2307: Cannot find module 'api' or its corresponding type declarations.[0m [1m[35m[plugin angular-compiler][0m

    projects/loupe/src/app/app.providers.ts:4:87:
[37m      4 │ ...SessionService, PHOTOGRAPH_SERVICE, PhotographService } from [32m'api'[37m;
        ╵                                                                 [32m~~~~~[0m


[31mX [41;31m[[41;97mERROR[41;31m][0m [1mTS2307: Cannot find module 'api' or its corresponding type declarations.[0m [1m[35m[plugin angular-compiler][0m

    projects/loupe/src/app/app.providers.ts:5:50:
[37m      5 │ import { DELETION_SERVICE, DeletionService } from [32m'api'[37m;
        ╵                                                   [32m~~~~~[0m


[31mX [41;31m[[41;97mERROR[41;31m][0m [1mTS2307: Cannot find module 'api' or its corresponding type declarations.[0m [1m[35m[plugin angular-compiler][0m

    projects/loupe/src/app/app.providers.ts:6:50:
[37m      6 │ import { CRITIQUE_SERVICE, CritiqueService } from [32m'api'[37m;
        ╵                                                   [32m~~~~~[0m


[31mX [41;31m[[41;97mERROR[41;31m][0m [1mTS2307: Cannot find module 'api' or its corresponding type declarations.[0m [1m[35m[plugin angular-compiler][0m

    projects/loupe/src/app/app.providers.ts:7:54:
[37m      7 │ import { COMPARISON_SERVICE, ComparisonService } from [32m'api'[37m;
        ╵                                                       [32m~~~~~[0m


[31mX [41;31m[[41;97mERROR[41;31m][0m [1mTS2307: Cannot find module 'api' or its corresponding type declarations.[0m [1m[35m[plugin angular-compiler][0m

    projects/loupe/src/app/app.ts:4:32:
[37m      4 │ import { SESSION_SERVICE } from [32m'api'[37m;
        ╵                                 [32m~~~~~[0m


[31mX [41;31m[[41;97mERROR[41;31m][0m [1mTS2571: Object is of type 'unknown'.[0m [1m[35m[plugin angular-compiler][0m

    projects/loupe/src/app/app.ts:38:12:
[37m      38 │       await [32mthis.session[37m.signOut();
         ╵             [32m~~~~~~~~~~~~[0m


[31mX [41;31m[[41;97mERROR[41;31m][0m [1mTS2307: Cannot find module 'api' or its corresponding type declarations.[0m [1m[35m[plugin angular-compiler][0m

    projects/loupe/src/app/dialogs/delete-photograph/delete-photograph.ts:18:7:
[37m      18 │ } from [32m'api'[37m;
         ╵        [32m~~~~~[0m


[31mX [41;31m[[41;97mERROR[41;31m][0m [1mTS2571: Object is of type 'unknown'.[0m [1m[35m[plugin angular-compiler][0m

    projects/loupe/src/app/dialogs/delete-photograph/delete-photograph.ts:62:27:
[37m      62 │       const result = await [32mthis.service[37m.deletePhotograph(photograp...
         ╵                            [32m~~~~~~~~~~~~[0m


[31mX [41;31m[[41;97mERROR[41;31m][0m [1mTS18046: 'error' is of type 'unknown'.[0m [1m[35m[plugin angular-compiler][0m

    projects/loupe/src/app/dialogs/delete-photograph/delete-photograph.ts:69:45:
[37m      69 │ ...r instanceof ServiceError && [32merror[37m.code === 'revision_conflict') {
         ╵                                 [32m~~~~~[0m


[31mX [41;31m[[41;97mERROR[41;31m][0m [1mTS18046: 'error' is of type 'unknown'.[0m [1m[35m[plugin angular-compiler][0m

    projects/loupe/src/app/dialogs/delete-photograph/delete-photograph.ts:72:52:
[37m      72 │ ...rror instanceof ServiceError && [32merror[37m.code === 'item_unavailable')
         ╵                                    [32m~~~~~[0m


[31mX [41;31m[[41;97mERROR[41;31m][0m [1mTS2571: Object is of type 'unknown'.[0m [1m[35m[plugin angular-compiler][0m

    projects/loupe/src/app/dialogs/delete-photograph/delete-photograph.ts:87:27:
[37m      87 │       const latest = await [32mthis.photographs[37m.get(photograph.id);
         ╵                            [32m~~~~~~~~~~~~~~~~[0m


[31mX [41;31m[[41;97mERROR[41;31m][0m [1mTS18046: 'error' is of type 'unknown'.[0m [1m[35m[plugin angular-compiler][0m

    projects/loupe/src/app/dialogs/delete-photograph/delete-photograph.ts:97:45:
[37m      97 │ ...rror instanceof ServiceError && [32merror[37m.code === 'item_unavailable')
         ╵                                    [32m~~~~~[0m


[31mX [41;31m[[41;97mERROR[41;31m][0m [1mTS2307: Cannot find module 'api' or its corresponding type declarations.[0m [1m[35m[plugin angular-compiler][0m

    projects/loupe/src/app/dialogs/regenerate-critique/regenerate-critique.ts:2:50:
[37m      2 │ import { OperationResult, PhotographResult } from [32m'api'[37m;
        ╵                                                   [32m~~~~~[0m


[31mX [41;31m[[41;97mERROR[41;31m][0m [1mTS2307: Cannot find module 'api' or its corresponding type declarations.[0m [1m[35m[plugin angular-compiler][0m

    projects/loupe/src/app/dialogs/unsaved-changes/unsaved-changes.ts:10:32:
[37m      10 │ import { SESSION_SERVICE } from [32m'api'[37m;
         ╵                                 [32m~~~~~[0m


[31mX [41;31m[[41;97mERROR[41;31m][0m [1mTS2571: Object is of type 'unknown'.[0m [1m[35m[plugin angular-compiler][0m

    projects/loupe/src/app/dialogs/unsaved-changes/unsaved-changes.ts:29:10:
[37m      29 │       if ([32mthis.session[37m.current() && this.dirty()()) {
         ╵           [32m~~~~~~~~~~~~[0m


[31mX [41;31m[[41;97mERROR[41;31m][0m [1mTS2571: Object is of type 'unknown'.[0m [1m[35m[plugin angular-compiler][0m

    projects/loupe/src/app/dialogs/unsaved-changes/unsaved-changes.ts:41:11:
[37m      41 │     return [32mthis.session[37m.current() && dirty ? this.confirmDiscard()...
         ╵            [32m~~~~~~~~~~~~[0m


[31mX [41;31m[[41;97mERROR[41;31m][0m [1mTS2307: Cannot find module 'api' or its corresponding type declarations.[0m [1m[35m[plugin angular-compiler][0m

    projects/loupe/src/app/pages/photograph-detail/photograph-detail-page.ts:3:83:
[37m      3 │ ...t, OperationResult, PhotographResult, SESSION_SERVICE } from [32m'api'[37m;
        ╵                                                                 [32m~~~~~[0m


[31mX [41;31m[[41;97mERROR[41;31m][0m [1mTS2571: Object is of type 'unknown'.[0m [1m[35m[plugin angular-compiler][0m

    projects/loupe/src/app/pages/photograph-detail/photograph-detail-page.ts:39:8:
[37m      39 │     if ([32mthis.session[37m.current() && (this.deleting() || this.request...
         ╵         [32m~~~~~~~~~~~~[0m


[31mX [41;31m[[41;97mERROR[41;31m][0m [1mTS2307: Cannot find module 'api' or its corresponding type declarations.[0m [1m[35m[plugin angular-compiler][0m

    projects/loupe/src/app/pages/photograph-upload/photograph-upload-page.ts:4:50:
[37m      4 │ import { OperationResult, PhotographResult } from [32m'api'[37m;
        ╵                                                   [32m~~~~~[0m


[31mX [41;31m[[41;97mERROR[41;31m][0m [1mTS2307: Cannot find module 'api' or its corresponding type declarations.[0m [1m[35m[plugin angular-compiler][0m

    projects/loupe/src/app/pages/reference-link/reference-link-page.ts:4:32:
[37m      4 │ import { ReferenceResult } from [32m'api'[37m;
        ╵                                 [32m~~~~~[0m


[31mX [41;31m[[41;97mERROR[41;31m][0m [1mTS2307: Cannot find module 'api' or its corresponding type declarations.[0m [1m[35m[plugin angular-compiler][0m

    projects/loupe/src/app/pages/reference-upload/reference-upload-page.ts:4:32:
[37m      4 │ import { ReferenceResult } from [32m'api'[37m;
        ╵                                 [32m~~~~~[0m


[31mX [41;31m[[41;97mERROR[41;31m][0m [1mTS2307: Cannot find module 'api' or its corresponding type declarations.[0m [1m[35m[plugin angular-compiler][0m

    projects/loupe/src/app/pages/sign-in/sign-in.ts:3:32:
[37m      3 │ import { SESSION_SERVICE } from [32m'api'[37m;
        ╵                                 [32m~~~~~[0m


[31mX [41;31m[[41;97mERROR[41;31m][0m [1mTS2571: Object is of type 'unknown'.[0m [1m[35m[plugin angular-compiler][0m

    projects/loupe/src/app/pages/sign-in/sign-in.ts:12:4:
[37m      12 │     [32mthis.session[37m.signIn(this.destination());
         ╵     [32m~~~~~~~~~~~~[0m


[31mX [41;31m[[41;97mERROR[41;31m][0m [1mTS2307: Cannot find module 'api' or its corresponding type declarations.[0m [1m[35m[plugin angular-compiler][0m

    projects/loupe/src/app/session.guard.ts:3:32:
[37m      3 │ import { SESSION_SERVICE } from [32m'api'[37m;
        ╵                                 [32m~~~~~[0m


[31mX [41;31m[[41;97mERROR[41;31m][0m [1mTS18046: 'session' is of type 'unknown'.[0m [1m[35m[plugin angular-compiler][0m

    projects/loupe/src/app/session.guard.ts:9:18:
[37m      9 │     return (await [32msession[37m.load())
        ╵                   [32m~~~~~~~[0m


[31mX [41;31m[[41;97mERROR[41;31m][0m [1mTS2307: Cannot find module 'api' or its corresponding type declarations.[0m [1m[35m[plugin angular-compiler][0m

    projects/loupe/src/testing/app.providers.ts:1:41:
[37m      1 │ import { REFERENCE_IMPORT_SERVICE } from [32m'api'[37m;
        ╵                                          [32m~~~~~[0m


[31mX [41;31m[[41;97mERROR[41;31m][0m [1mTS2307: Cannot find module 'api' or its corresponding type declarations.[0m [1m[35m[plugin angular-compiler][0m

    projects/loupe/src/testing/app.providers.ts:3:34:
[37m      3 │ import { REFERENCE_SERVICE } from [32m'api'[37m;
        ╵                                   [32m~~~~~[0m


[31mX [41;31m[[41;97mERROR[41;31m][0m [1mTS2307: Cannot find module 'api' or its corresponding type declarations.[0m [1m[35m[plugin angular-compiler][0m

    projects/loupe/src/testing/app.providers.ts:5:88:
[37m      5 │ ...HOTOGRAPH_SERVICE, DELETION_SERVICE, CRITIQUE_SERVICE } from [32m'api'[37m;
        ╵                                                                 [32m~~~~~[0m


[31mX [41;31m[[41;97mERROR[41;31m][0m [1mTS2307: Cannot find module 'api' or its corresponding type declarations.[0m [1m[35m[plugin angular-compiler][0m

    projects/loupe/src/testing/app.providers.ts:10:35:
[37m      10 │ import { COMPARISON_SERVICE } from [32m'api'[37m;
         ╵                                    [32m~~~~~[0m


[31mX [41;31m[[41;97mERROR[41;31m][0m [1mTS2307: Cannot find module 'api' or its corresponding type declarations.[0m [1m[35m[plugin angular-compiler][0m

    projects/loupe/src/testing/mock-comparison.service.ts:10:7:
[37m      10 │ } from [32m'api'[37m;
         ╵        [32m~~~~~[0m


[31mX [41;31m[[41;97mERROR[41;31m][0m [1mTS2307: Cannot find module 'api' or its corresponding type declarations.[0m [1m[35m[plugin angular-compiler][0m

    projects/loupe/src/testing/mock-critique.service.ts:9:7:
[37m      9 │ } from [32m'api'[37m;
        ╵        [32m~~~~~[0m


[31mX [41;31m[[41;97mERROR[41;31m][0m [1mTS2307: Cannot find module 'api' or its corresponding type declarations.[0m [1m[35m[plugin angular-compiler][0m

    projects/loupe/src/testing/mock-deletion.service.ts:2:63:
[37m      2 │ import { DeletionResult, IDeletionService, ServiceError } from [32m'api'[37m;
        ╵                                                                [32m~~~~~[0m


[31mX [41;31m[[41;97mERROR[41;31m][0m [1mTS2307: Cannot find module 'api' or its corresponding type declarations.[0m [1m[35m[plugin angular-compiler][0m

    projects/loupe/src/testing/mock-photograph.service.ts:10:7:
[37m      10 │ } from [32m'api'[37m;
         ╵        [32m~~~~~[0m


[31mX [41;31m[[41;97mERROR[41;31m][0m [1mTS2307: Cannot find module 'api' or its corresponding type declarations.[0m [1m[35m[plugin angular-compiler][0m

    projects/loupe/src/testing/mock-reference-import.service.ts:7:7:
[37m      7 │ } from [32m'api'[37m;
        ╵        [32m~~~~~[0m


[31mX [41;31m[[41;97mERROR[41;31m][0m [1mTS2307: Cannot find module 'api' or its corresponding type declarations.[0m [1m[35m[plugin angular-compiler][0m

    projects/loupe/src/testing/mock-reference.service.ts:1:70:
[37m      1 │ ...ReferenceMetadata, ReferenceLink, ReferenceLinkResult } from [32m'api'[37m;
        ╵                                                                 [32m~~~~~[0m


[31mX [41;31m[[41;97mERROR[41;31m][0m [1mTS2307: Cannot find module 'api' or its corresponding type declarations.[0m [1m[35m[plugin angular-compiler][0m

    projects/loupe/src/testing/mock-reference.service.ts:2:48:
[37m      2 │ import { ReferenceUpload, UploadProgress } from [32m'api'[37m;
        ╵                                                 [32m~~~~~[0m


[31mX [41;31m[[41;97mERROR[41;31m][0m [1mTS2307: Cannot find module 'api' or its corresponding type declarations.[0m [1m[35m[plugin angular-compiler][0m

    projects/loupe/src/testing/mock-reference.service.ts:4:80:
[37m      4 │ ...Service, ReferencePage, ReferenceResult, ServiceError } from [32m'api'[37m;
        ╵                                                                 [32m~~~~~[0m


[31mX [41;31m[[41;97mERROR[41;31m][0m [1mTS2307: Cannot find module 'api' or its corresponding type declarations.[0m [1m[35m[plugin angular-compiler][0m

    projects/loupe/src/testing/mock-session.service.ts:3:47:
[37m      3 │ import { ISessionService, SessionResult } from [32m'api'[37m;
        ╵                                                [32m~~~~~[0m


❯ Changes detected. Rebuilding...
✔ Changes detected. Rebuilding...
Initial chunk files | Names         |  Raw size
main.js             | main          | 464.15 kB | 
styles.css          | styles        |  23.65 kB | 

                    | Initial total | 487.80 kB

Application bundle generation complete. [1.098 seconds] - 2026-09-08T20:38:47.843Z

Page reload sent to client(s).
[2m4:38:47 p.m.[22m [31m[1m[vite][22m[39m [31m[2m(client)[22m[39m Pre-transform error: Failed to resolve import "components" from ".angular/vite-root/loupe/main.js". Does the file exist?
  Plugin: [35mvite:import-analysis[39m
  File: [36mC:/projects/loupe/frontend/.angular/vite-root/loupe/main.js[39m:515:49
[33m  513 |  
  514 |  // dist/domain/fesm2022/domain.mjs
  515 |  import { PhotographCard, CritiqueContent } from "components";
      |                                                   ^
  516 |  import { DatePipe, DecimalPipe } from "@angular/common";
  517 |  import * as i1 from "@angular/forms";[39m
[2m4:38:48 p.m.[22m [31m[1m[vite][22m[39m [31mInternal server error: Failed to resolve import "components" from ".angular/vite-root/loupe/main.js". Does the file exist?[39m
  Plugin: [35mvite:import-analysis[39m
  File: [36mC:/projects/loupe/frontend/.angular/vite-root/loupe/main.js[39m:515:49
[33m  513 |  
  514 |  // dist/domain/fesm2022/domain.mjs
  515 |  import { PhotographCard, CritiqueContent } from "components";
      |                                                   ^
  516 |  import { DatePipe, DecimalPipe } from "@angular/common";
  517 |  import * as i1 from "@angular/forms";[39m
      at TransformPluginContext._formatLog (file:///C:/projects/loupe/frontend/node_modules/vite/dist/node/chunks/node.js:30416:39)
      at TransformPluginContext.error (file:///C:/projects/loupe/frontend/node_modules/vite/dist/node/chunks/node.js:30413:14)
      at normalizeUrl (file:///C:/projects/loupe/frontend/node_modules/vite/dist/node/chunks/node.js:27438:18)
      at async file:///C:/projects/loupe/frontend/node_modules/vite/dist/node/chunks/node.js:27506:30
      at async Promise.all (index 11)
      at async TransformPluginContext.transform (file:///C:/projects/loupe/frontend/node_modules/vite/dist/node/chunks/node.js:27474:4)
      at async EnvironmentPluginContainer.transform (file:///C:/projects/loupe/frontend/node_modules/vite/dist/node/chunks/node.js:30201:14)
      at async loadAndTransform (file:///C:/projects/loupe/frontend/node_modules/vite/dist/node/chunks/node.js:20124:26)
      at async viteTransformMiddleware (file:///C:/projects/loupe/frontend/node_modules/vite/dist/node/chunks/node.js:24604:20)
❯ Changes detected. Rebuilding...
✔ Changes detected. Rebuilding...
Initial chunk files | Names         |  Raw size
main.js             | main          | 464.15 kB | 
styles.css          | styles        |  23.65 kB | 

                    | Initial total | 487.80 kB

Application bundle generation complete. [0.025 seconds] - 2026-09-08T20:38:49.589Z

❯ Changes detected. Rebuilding...
✔ Changes detected. Rebuilding...
Application bundle generation failed. [0.961 seconds] - 2026-09-08T20:38:54.117Z

[31mX [41;31m[[41;97mERROR[41;31m][0m [1mTS2591: Cannot find name 'domain'. Do you need to install type definitions for node? Try `npm i --save-dev @types/node` and then add 'node' to the types field in your tsconfig.[0m [1m[35m[plugin angular-compiler][0m

    projects/loupe/src/app/dialogs/regenerate-critique/regenerate-critique.ts:3:32:
[37m      3 │ import { RequestCritique } from [32m'domain'[37m;
        ╵                                 [32m~~~~~~~~[0m


[31mX [41;31m[[41;97mERROR[41;31m][0m [1mNG1010: 'imports' must be an array of components, directives, pipes, or NgModules.
  Value could not be determined statically.[0m [1m[35m[plugin angular-compiler][0m

    projects/loupe/src/app/dialogs/regenerate-critique/regenerate-critique.ts:7:12:
[37m      7 │   imports: [[32mRequestCritique[37m],
        ╵             [32m~~~~~~~~~~~~~~~[0m

  Unknown reference.

    projects/loupe/src/app/dialogs/regenerate-critique/regenerate-critique.ts:7:12:
[37m      7 │   imports: [[32mRequestCritique[37m],
        ╵             [32m~~~~~~~~~~~~~~~[0m


[31mX [41;31m[[41;97mERROR[41;31m][0m [1mTS2339: Property 'busy' does not exist on type '{}'.[0m [1m[35m[plugin angular-compiler][0m

    projects/loupe/src/app/dialogs/regenerate-critique/regenerate-critique.ts:17:52:
[37m      17 │ ...uted(() => !!(this.request()?.[32mbusy[37m() || this.request()?.reviewi...
         ╵                                  [32m~~~~[0m


[31mX [41;31m[[41;97mERROR[41;31m][0m [1mTS2339: Property 'reviewing' does not exist on type '{}'.[0m [1m[35m[plugin angular-compiler][0m

    projects/loupe/src/app/dialogs/regenerate-critique/regenerate-critique.ts:17:78:
[37m      17 │ ...(() => !!(this.request()?.busy() || this.request()?.[32mreviewing[37m()));
         ╵                                                        [32m~~~~~~~~~[0m


[31mX [41;31m[[41;97mERROR[41;31m][0m [1mTS2591: Cannot find name 'domain'. Do you need to install type definitions for node? Try `npm i --save-dev @types/node` and then add 'node' to the types field in your tsconfig.[0m [1m[35m[plugin angular-compiler][0m

    projects/loupe/src/app/dialogs/replace-attempt/replace-attempt.ts:2:30:
[37m      2 │ import { AttemptPicker } from [32m'domain'[37m;
        ╵                               [32m~~~~~~~~[0m


[31mX [41;31m[[41;97mERROR[41;31m][0m [1mNG1010: 'imports' must be an array of components, directives, pipes, or NgModules.
  Value could not be determined statically.[0m [1m[35m[plugin angular-compiler][0m

    projects/loupe/src/app/dialogs/replace-attempt/replace-attempt.ts:6:12:
[37m      6 │   imports: [[32mAttemptPicker[37m],
        ╵             [32m~~~~~~~~~~~~~[0m

  Unknown reference.

    projects/loupe/src/app/dialogs/replace-attempt/replace-attempt.ts:6:12:
[37m      6 │   imports: [[32mAttemptPicker[37m],
        ╵             [32m~~~~~~~~~~~~~[0m


[31mX [41;31m[[41;97mERROR[41;31m][0m [1mTS2591: Cannot find name 'domain'. Do you need to install type definitions for node? Try `npm i --save-dev @types/node` and then add 'node' to the types field in your tsconfig.[0m [1m[35m[plugin angular-compiler][0m

    projects/loupe/src/app/pages/compare/compare-page.ts:3:49:
[37m      3 │ import { AttemptComparison, AttemptPicker } from [32m'domain'[37m;
        ╵                                                  [32m~~~~~~~~[0m


[31mX [41;31m[[41;97mERROR[41;31m][0m [1mNG1010: 'imports' must be an array of components, directives, pipes, or NgModules.
  Value could not be determined statically.[0m [1m[35m[plugin angular-compiler][0m

    projects/loupe/src/app/pages/compare/compare-page.ts:8:24:
[37m      8 │   imports: [RouterLink, [32mAttemptComparison[37m, AttemptPicker, ReplaceAt...
        ╵                         [32m~~~~~~~~~~~~~~~~~[0m

  Unknown reference.

    projects/loupe/src/app/pages/compare/compare-page.ts:8:24:
[37m      8 │   imports: [RouterLink, [32mAttemptComparison[37m, AttemptPicker, ReplaceAt...
        ╵                         [32m~~~~~~~~~~~~~~~~~[0m


[31mX [41;31m[[41;97mERROR[41;31m][0m [1mNG1010: 'imports' must be an array of components, directives, pipes, or NgModules.
  Value could not be determined statically.[0m [1m[35m[plugin angular-compiler][0m

    projects/loupe/src/app/pages/compare/compare-page.ts:8:43:
[37m      8 │ ...ts: [RouterLink, AttemptComparison, [32mAttemptPicker[37m, ReplaceAttempt],
        ╵                                        [32m~~~~~~~~~~~~~[0m

  Unknown reference.

    projects/loupe/src/app/pages/compare/compare-page.ts:8:43:
[37m      8 │ ...ts: [RouterLink, AttemptComparison, [32mAttemptPicker[37m, ReplaceAttempt],
        ╵                                        [32m~~~~~~~~~~~~~[0m


[31mX [41;31m[[41;97mERROR[41;31m][0m [1mTS2591: Cannot find name 'domain'. Do you need to install type definitions for node? Try `npm i --save-dev @types/node` and then add 'node' to the types field in your tsconfig.[0m [1m[35m[plugin angular-compiler][0m

    projects/loupe/src/app/pages/deletion/deletion-page.ts:3:31:
[37m      3 │ import { DeletionStatus } from [32m'domain'[37m;
        ╵                                [32m~~~~~~~~[0m


[31mX [41;31m[[41;97mERROR[41;31m][0m [1mNG1010: 'imports' must be an array of components, directives, pipes, or NgModules.
  Value could not be determined statically.[0m [1m[35m[plugin angular-compiler][0m

    projects/loupe/src/app/pages/deletion/deletion-page.ts:7:24:
[37m      7 │   imports: [RouterLink, [32mDeletionStatus[37m],
        ╵                         [32m~~~~~~~~~~~~~~[0m

  Unknown reference.

    projects/loupe/src/app/pages/deletion/deletion-page.ts:7:24:
[37m      7 │   imports: [RouterLink, [32mDeletionStatus[37m],
        ╵                         [32m~~~~~~~~~~~~~~[0m


[31mX [41;31m[[41;97mERROR[41;31m][0m [1mTS2591: Cannot find name 'domain'. Do you need to install type definitions for node? Try `npm i --save-dev @types/node` and then add 'node' to the types field in your tsconfig.[0m [1m[35m[plugin angular-compiler][0m

    projects/loupe/src/app/pages/inspiration/inspiration-page.ts:3:36:
[37m      3 │ import { ReferenceCollection } from [32m'domain'[37m;
        ╵                                     [32m~~~~~~~~[0m


[31mX [41;31m[[41;97mERROR[41;31m][0m [1mNG1010: 'imports' must be an array of components, directives, pipes, or NgModules.
  Value could not be determined statically.[0m [1m[35m[plugin angular-compiler][0m

    projects/loupe/src/app/pages/inspiration/inspiration-page.ts:6:12:
[37m      6 │   imports: [[32mReferenceCollection[37m, RouterLink],
        ╵             [32m~~~~~~~~~~~~~~~~~~~[0m

  Unknown reference.

    projects/loupe/src/app/pages/inspiration/inspiration-page.ts:6:12:
[37m      6 │   imports: [[32mReferenceCollection[37m, RouterLink],
        ╵             [32m~~~~~~~~~~~~~~~~~~~[0m


[31mX [41;31m[[41;97mERROR[41;31m][0m [1mTS2591: Cannot find name 'domain'. Do you need to install type definitions for node? Try `npm i --save-dev @types/node` and then add 'node' to the types field in your tsconfig.[0m [1m[35m[plugin angular-compiler][0m

    projects/loupe/src/app/pages/my-work/my-work.ts:2:37:
[37m      2 │ import { PhotographCollection } from [32m'domain'[37m;
        ╵                                      [32m~~~~~~~~[0m


[31mX [41;31m[[41;97mERROR[41;31m][0m [1mNG1010: 'imports' must be an array of components, directives, pipes, or NgModules.
  Value could not be determined statically.[0m [1m[35m[plugin angular-compiler][0m

    projects/loupe/src/app/pages/my-work/my-work.ts:7:12:
[37m      7 │   imports: [[32mPhotographCollection[37m, RouterLink],
        ╵             [32m~~~~~~~~~~~~~~~~~~~~[0m

  Unknown reference.

    projects/loupe/src/app/pages/my-work/my-work.ts:7:12:
[37m      7 │   imports: [[32mPhotographCollection[37m, RouterLink],
        ╵             [32m~~~~~~~~~~~~~~~~~~~~[0m


[31mX [41;31m[[41;97mERROR[41;31m][0m [1mTS2591: Cannot find name 'domain'. Do you need to install type definitions for node? Try `npm i --save-dev @types/node` and then add 'node' to the types field in your tsconfig.[0m [1m[35m[plugin angular-compiler][0m

    projects/loupe/src/app/pages/photograph-detail/photograph-detail-page.ts:4:33:
[37m      4 │ import { PhotographDetail } from [32m'domain'[37m;
        ╵                                  [32m~~~~~~~~[0m


[31mX [41;31m[[41;97mERROR[41;31m][0m [1mNG1010: 'imports' must be an array of components, directives, pipes, or NgModules.
  Value could not be determined statically.[0m [1m[35m[plugin angular-compiler][0m

    projects/loupe/src/app/pages/photograph-detail/photograph-detail-page.ts:11:24:
[37m      11 │   imports: [RouterLink, [32mPhotographDetail[37m, UnsavedChanges, DeletePh...
         ╵                         [32m~~~~~~~~~~~~~~~~[0m

  Unknown reference.

    projects/loupe/src/app/pages/photograph-detail/photograph-detail-page.ts:11:24:
[37m      11 │   imports: [RouterLink, [32mPhotographDetail[37m, UnsavedChanges, DeletePh...
         ╵                         [32m~~~~~~~~~~~~~~~~[0m


[31mX [41;31m[[41;97mERROR[41;31m][0m [1mTS2339: Property 'dirty' does not exist on type '{}'.[0m [1m[35m[plugin angular-compiler][0m

    projects/loupe/src/app/pages/photograph-detail/photograph-detail-page.ts:24:70:
[37m      24 │ ...uted(() => !this.deletion() && (this.detail()?.[32mdirty[37m() ?? false));
         ╵                                                   [32m~~~~~[0m


[31mX [41;31m[[41;97mERROR[41;31m][0m [1mTS2339: Property 'followCritique' does not exist on type '{}'.[0m [1m[35m[plugin angular-compiler][0m

    projects/loupe/src/app/pages/photograph-detail/photograph-detail-page.ts:29:19:
[37m      29 │     this.detail()?.[32mfollowCritique[37m(operation);
         ╵                    [32m~~~~~~~~~~~~~~[0m


[31mX [41;31m[[41;97mERROR[41;31m][0m [1mTS2339: Property 'photo' does not exist on type '{}'.[0m [1m[35m[plugin angular-compiler][0m

    projects/loupe/src/app/pages/photograph-detail/photograph-detail-page.ts:32:47:
[37m      32 │     if (photo.id === this.id()) this.detail()?.[32mphoto[37m.set(photo);
         ╵                                                [32m~~~~~[0m


[31mX [41;31m[[41;97mERROR[41;31m][0m [1mTS2591: Cannot find name 'domain'. Do you need to install type definitions for node? Try `npm i --save-dev @types/node` and then add 'node' to the types field in your tsconfig.[0m [1m[35m[plugin angular-compiler][0m

    projects/loupe/src/app/pages/photograph-upload/photograph-upload-page.ts:3:50:
[37m      3 │ import { PhotographUpload, RequestCritique } from [32m'domain'[37m;
        ╵                                                   [32m~~~~~~~~[0m


[31mX [41;31m[[41;97mERROR[41;31m][0m [1mNG1010: 'imports' must be an array of components, directives, pipes, or NgModules.
  Value could not be determined statically.[0m [1m[35m[plugin angular-compiler][0m

    projects/loupe/src/app/pages/photograph-upload/photograph-upload-page.ts:9:24:
[37m      9 │   imports: [RouterLink, [32mPhotographUpload[37m, UnsavedChanges, RequestCr...
        ╵                         [32m~~~~~~~~~~~~~~~~[0m

  Unknown reference.

    projects/loupe/src/app/pages/photograph-upload/photograph-upload-page.ts:9:24:
[37m      9 │   imports: [RouterLink, [32mPhotographUpload[37m, UnsavedChanges, RequestCr...
        ╵                         [32m~~~~~~~~~~~~~~~~[0m


[31mX [41;31m[[41;97mERROR[41;31m][0m [1mNG1010: 'imports' must be an array of components, directives, pipes, or NgModules.
  Value could not be determined statically.[0m [1m[35m[plugin angular-compiler][0m

    projects/loupe/src/app/pages/photograph-upload/photograph-upload-page.ts:9:58:
[37m      9 │ ...s: [RouterLink, PhotographUpload, UnsavedChanges, [32mRequestCritique[37m],
        ╵                                                      [32m~~~~~~~~~~~~~~~[0m

  Unknown reference.

    projects/loupe/src/app/pages/photograph-upload/photograph-upload-page.ts:9:58:
[37m      9 │ ...s: [RouterLink, PhotographUpload, UnsavedChanges, [32mRequestCritique[37m],
        ╵                                                      [32m~~~~~~~~~~~~~~~[0m


[31mX [41;31m[[41;97mERROR[41;31m][0m [1mTS2339: Property 'dirty' does not exist on type '{}'.[0m [1m[35m[plugin angular-compiler][0m

    projects/loupe/src/app/pages/photograph-upload/photograph-upload-page.ts:19:38:
[37m      19 │   readonly dirty = () => this.form()?.[32mdirty[37m() ?? false;
         ╵                                       [32m~~~~~[0m


[31mX [41;31m[[41;97mERROR[41;31m][0m [1mTS2339: Property 'dirty' does not exist on type '{}'.[0m [1m[35m[plugin angular-compiler][0m

    projects/loupe/src/app/pages/photograph-upload/photograph-upload-page.ts:21:47:
[37m      21 │     return this.dialog().canLeave(this.form()?.[32mdirty[37m() ?? false);
         ╵                                                [32m~~~~~[0m


[31mX [41;31m[[41;97mERROR[41;31m][0m [1mTS2339: Property 'requestCritique' does not exist on type '{}'.[0m [1m[35m[plugin angular-compiler][0m

    projects/loupe/src/app/pages/photograph-upload/photograph-upload-page.ts:24:21:
[37m      24 │     if (this.form()?.[32mrequestCritique[37m()) {
         ╵                      [32m~~~~~~~~~~~~~~~[0m


[31mX [41;31m[[41;97mERROR[41;31m][0m [1mTS2591: Cannot find name 'domain'. Do you need to install type definitions for node? Try `npm i --save-dev @types/node` and then add 'node' to the types field in your tsconfig.[0m [1m[35m[plugin angular-compiler][0m

    projects/loupe/src/app/pages/reference-detail/reference-detail-page.ts:4:37:
[37m      4 │ import { ReferenceDetailPanel } from [32m'domain'[37m;
        ╵                                      [32m~~~~~~~~[0m


[31mX [41;31m[[41;97mERROR[41;31m][0m [1mNG1010: 'imports' must be an array of components, directives, pipes, or NgModules.
  Value could not be determined statically.[0m [1m[35m[plugin angular-compiler][0m

    projects/loupe/src/app/pages/reference-detail/reference-detail-page.ts:7:24:
[37m      7 │   imports: [RouterLink, [32mReferenceDetailPanel[37m, UnsavedChanges],
        ╵                         [32m~~~~~~~~~~~~~~~~~~~~[0m

  Unknown reference.

    projects/loupe/src/app/pages/reference-detail/reference-detail-page.ts:7:24:
[37m      7 │   imports: [RouterLink, [32mReferenceDetailPanel[37m, UnsavedChanges],
        ╵                         [32m~~~~~~~~~~~~~~~~~~~~[0m


[31mX [41;31m[[41;97mERROR[41;31m][0m [1mTS2339: Property 'dirty' does not exist on type '{}'.[0m [1m[35m[plugin angular-compiler][0m

    projects/loupe/src/app/pages/reference-detail/reference-detail-page.ts:14:40:
[37m      14 │   readonly dirty = () => this.detail()?.[32mdirty[37m() ?? false;
         ╵                                         [32m~~~~~[0m


[31mX [41;31m[[41;97mERROR[41;31m][0m [1mTS2591: Cannot find name 'domain'. Do you need to install type definitions for node? Try `npm i --save-dev @types/node` and then add 'node' to the types field in your tsconfig.[0m [1m[35m[plugin angular-compiler][0m

    projects/loupe/src/app/pages/reference-link/reference-link-page.ts:3:35:
[37m      3 │ import { ReferenceLinkPanel } from [32m'domain'[37m;
        ╵                                    [32m~~~~~~~~[0m


[31mX [41;31m[[41;97mERROR[41;31m][0m [1mNG1010: 'imports' must be an array of components, directives, pipes, or NgModules.
  Value could not be determined statically.[0m [1m[35m[plugin angular-compiler][0m

    projects/loupe/src/app/pages/reference-link/reference-link-page.ts:9:24:
[37m      9 │   imports: [RouterLink, [32mReferenceLinkPanel[37m, UnsavedChanges],
        ╵                         [32m~~~~~~~~~~~~~~~~~~[0m

  Unknown reference.

    projects/loupe/src/app/pages/reference-link/reference-link-page.ts:9:24:
[37m      9 │   imports: [RouterLink, [32mReferenceLinkPanel[37m, UnsavedChanges],
        ╵                         [32m~~~~~~~~~~~~~~~~~~[0m


[31mX [41;31m[[41;97mERROR[41;31m][0m [1mTS2339: Property 'dirty' does not exist on type '{}'.[0m [1m[35m[plugin angular-compiler][0m

    projects/loupe/src/app/pages/reference-link/reference-link-page.ts:17:38:
[37m      17 │   readonly dirty = () => this.form()?.[32mdirty[37m() ?? false;
         ╵                                       [32m~~~~~[0m


[31mX [41;31m[[41;97mERROR[41;31m][0m [1mTS2591: Cannot find name 'domain'. Do you need to install type definitions for node? Try `npm i --save-dev @types/node` and then add 'node' to the types field in your tsconfig.[0m [1m[35m[plugin angular-compiler][0m

    projects/loupe/src/app/pages/reference-upload/reference-upload-page.ts:3:36:
[37m      3 │ import { ReferenceImagePanel } from [32m'domain'[37m;
        ╵                                     [32m~~~~~~~~[0m


[31mX [41;31m[[41;97mERROR[41;31m][0m [1mNG1010: 'imports' must be an array of components, directives, pipes, or NgModules.
  Value could not be determined statically.[0m [1m[35m[plugin angular-compiler][0m

    projects/loupe/src/app/pages/reference-upload/reference-upload-page.ts:9:24:
[37m      9 │   imports: [RouterLink, [32mReferenceImagePanel[37m, UnsavedChanges],
        ╵                         [32m~~~~~~~~~~~~~~~~~~~[0m

  Unknown reference.

    projects/loupe/src/app/pages/reference-upload/reference-upload-page.ts:9:24:
[37m      9 │   imports: [RouterLink, [32mReferenceImagePanel[37m, UnsavedChanges],
        ╵                         [32m~~~~~~~~~~~~~~~~~~~[0m


[31mX [41;31m[[41;97mERROR[41;31m][0m [1mTS2339: Property 'dirty' does not exist on type '{}'.[0m [1m[35m[plugin angular-compiler][0m

    projects/loupe/src/app/pages/reference-upload/reference-upload-page.ts:17:38:
[37m      17 │   readonly dirty = () => this.form()?.[32mdirty[37m() ?? false;
         ╵                                       [32m~~~~~[0m


❯ Changes detected. Rebuilding...
✔ Changes detected. Rebuilding...
Application bundle generation failed. [0.003 seconds] - 2026-09-08T20:39:01.524Z

[31mX [41;31m[[41;97mERROR[41;31m][0m [1mTS2591: Cannot find name 'domain'. Do you need to install type definitions for node? Try `npm i --save-dev @types/node` and then add 'node' to the types field in your tsconfig.[0m [1m[35m[plugin angular-compiler][0m

    projects/loupe/src/app/dialogs/regenerate-critique/regenerate-critique.ts:3:32:
[37m      3 │ import { RequestCritique } from [32m'domain'[37m;
        ╵                                 [32m~~~~~~~~[0m


[31mX [41;31m[[41;97mERROR[41;31m][0m [1mNG1010: 'imports' must be an array of components, directives, pipes, or NgModules.
  Value could not be determined statically.[0m [1m[35m[plugin angular-compiler][0m

    projects/loupe/src/app/dialogs/regenerate-critique/regenerate-critique.ts:7:12:
[37m      7 │   imports: [[32mRequestCritique[37m],
        ╵             [32m~~~~~~~~~~~~~~~[0m

  Unknown reference.

    projects/loupe/src/app/dialogs/regenerate-critique/regenerate-critique.ts:7:12:
[37m      7 │   imports: [[32mRequestCritique[37m],
        ╵             [32m~~~~~~~~~~~~~~~[0m


[31mX [41;31m[[41;97mERROR[41;31m][0m [1mTS2339: Property 'busy' does not exist on type '{}'.[0m [1m[35m[plugin angular-compiler][0m

    projects/loupe/src/app/dialogs/regenerate-critique/regenerate-critique.ts:17:52:
[37m      17 │ ...uted(() => !!(this.request()?.[32mbusy[37m() || this.request()?.reviewi...
         ╵                                  [32m~~~~[0m


[31mX [41;31m[[41;97mERROR[41;31m][0m [1mTS2339: Property 'reviewing' does not exist on type '{}'.[0m [1m[35m[plugin angular-compiler][0m

    projects/loupe/src/app/dialogs/regenerate-critique/regenerate-critique.ts:17:78:
[37m      17 │ ...(() => !!(this.request()?.busy() || this.request()?.[32mreviewing[37m()));
         ╵                                                        [32m~~~~~~~~~[0m


[31mX [41;31m[[41;97mERROR[41;31m][0m [1mTS2591: Cannot find name 'domain'. Do you need to install type definitions for node? Try `npm i --save-dev @types/node` and then add 'node' to the types field in your tsconfig.[0m [1m[35m[plugin angular-compiler][0m

    projects/loupe/src/app/dialogs/replace-attempt/replace-attempt.ts:2:30:
[37m      2 │ import { AttemptPicker } from [32m'domain'[37m;
        ╵                               [32m~~~~~~~~[0m


[31mX [41;31m[[41;97mERROR[41;31m][0m [1mNG1010: 'imports' must be an array of components, directives, pipes, or NgModules.
  Value could not be determined statically.[0m [1m[35m[plugin angular-compiler][0m

    projects/loupe/src/app/dialogs/replace-attempt/replace-attempt.ts:6:12:
[37m      6 │   imports: [[32mAttemptPicker[37m],
        ╵             [32m~~~~~~~~~~~~~[0m

  Unknown reference.

    projects/loupe/src/app/dialogs/replace-attempt/replace-attempt.ts:6:12:
[37m      6 │   imports: [[32mAttemptPicker[37m],
        ╵             [32m~~~~~~~~~~~~~[0m


[31mX [41;31m[[41;97mERROR[41;31m][0m [1mTS2591: Cannot find name 'domain'. Do you need to install type definitions for node? Try `npm i --save-dev @types/node` and then add 'node' to the types field in your tsconfig.[0m [1m[35m[plugin angular-compiler][0m

    projects/loupe/src/app/pages/compare/compare-page.ts:3:49:
[37m      3 │ import { AttemptComparison, AttemptPicker } from [32m'domain'[37m;
        ╵                                                  [32m~~~~~~~~[0m


[31mX [41;31m[[41;97mERROR[41;31m][0m [1mNG1010: 'imports' must be an array of components, directives, pipes, or NgModules.
  Value could not be determined statically.[0m [1m[35m[plugin angular-compiler][0m

    projects/loupe/src/app/pages/compare/compare-page.ts:8:24:
[37m      8 │   imports: [RouterLink, [32mAttemptComparison[37m, AttemptPicker, ReplaceAt...
        ╵                         [32m~~~~~~~~~~~~~~~~~[0m

  Unknown reference.

    projects/loupe/src/app/pages/compare/compare-page.ts:8:24:
[37m      8 │   imports: [RouterLink, [32mAttemptComparison[37m, AttemptPicker, ReplaceAt...
        ╵                         [32m~~~~~~~~~~~~~~~~~[0m


[31mX [41;31m[[41;97mERROR[41;31m][0m [1mNG1010: 'imports' must be an array of components, directives, pipes, or NgModules.
  Value could not be determined statically.[0m [1m[35m[plugin angular-compiler][0m

    projects/loupe/src/app/pages/compare/compare-page.ts:8:43:
[37m      8 │ ...ts: [RouterLink, AttemptComparison, [32mAttemptPicker[37m, ReplaceAttempt],
        ╵                                        [32m~~~~~~~~~~~~~[0m

  Unknown reference.

    projects/loupe/src/app/pages/compare/compare-page.ts:8:43:
[37m      8 │ ...ts: [RouterLink, AttemptComparison, [32mAttemptPicker[37m, ReplaceAttempt],
        ╵                                        [32m~~~~~~~~~~~~~[0m


[31mX [41;31m[[41;97mERROR[41;31m][0m [1mTS2591: Cannot find name 'domain'. Do you need to install type definitions for node? Try `npm i --save-dev @types/node` and then add 'node' to the types field in your tsconfig.[0m [1m[35m[plugin angular-compiler][0m

    projects/loupe/src/app/pages/deletion/deletion-page.ts:3:31:
[37m      3 │ import { DeletionStatus } from [32m'domain'[37m;
        ╵                                [32m~~~~~~~~[0m


[31mX [41;31m[[41;97mERROR[41;31m][0m [1mNG1010: 'imports' must be an array of components, directives, pipes, or NgModules.
  Value could not be determined statically.[0m [1m[35m[plugin angular-compiler][0m

    projects/loupe/src/app/pages/deletion/deletion-page.ts:7:24:
[37m      7 │   imports: [RouterLink, [32mDeletionStatus[37m],
        ╵                         [32m~~~~~~~~~~~~~~[0m

  Unknown reference.

    projects/loupe/src/app/pages/deletion/deletion-page.ts:7:24:
[37m      7 │   imports: [RouterLink, [32mDeletionStatus[37m],
        ╵                         [32m~~~~~~~~~~~~~~[0m


[31mX [41;31m[[41;97mERROR[41;31m][0m [1mTS2591: Cannot find name 'domain'. Do you need to install type definitions for node? Try `npm i --save-dev @types/node` and then add 'node' to the types field in your tsconfig.[0m [1m[35m[plugin angular-compiler][0m

    projects/loupe/src/app/pages/inspiration/inspiration-page.ts:3:36:
[37m      3 │ import { ReferenceCollection } from [32m'domain'[37m;
        ╵                                     [32m~~~~~~~~[0m


[31mX [41;31m[[41;97mERROR[41;31m][0m [1mNG1010: 'imports' must be an array of components, directives, pipes, or NgModules.
  Value could not be determined statically.[0m [1m[35m[plugin angular-compiler][0m

    projects/loupe/src/app/pages/inspiration/inspiration-page.ts:6:12:
[37m      6 │   imports: [[32mReferenceCollection[37m, RouterLink],
        ╵             [32m~~~~~~~~~~~~~~~~~~~[0m

  Unknown reference.

    projects/loupe/src/app/pages/inspiration/inspiration-page.ts:6:12:
[37m      6 │   imports: [[32mReferenceCollection[37m, RouterLink],
        ╵             [32m~~~~~~~~~~~~~~~~~~~[0m


[31mX [41;31m[[41;97mERROR[41;31m][0m [1mTS2591: Cannot find name 'domain'. Do you need to install type definitions for node? Try `npm i --save-dev @types/node` and then add 'node' to the types field in your tsconfig.[0m [1m[35m[plugin angular-compiler][0m

    projects/loupe/src/app/pages/my-work/my-work.ts:2:37:
[37m      2 │ import { PhotographCollection } from [32m'domain'[37m;
        ╵                                      [32m~~~~~~~~[0m


[31mX [41;31m[[41;97mERROR[41;31m][0m [1mNG1010: 'imports' must be an array of components, directives, pipes, or NgModules.
  Value could not be determined statically.[0m [1m[35m[plugin angular-compiler][0m

    projects/loupe/src/app/pages/my-work/my-work.ts:7:12:
[37m      7 │   imports: [[32mPhotographCollection[37m, RouterLink],
        ╵             [32m~~~~~~~~~~~~~~~~~~~~[0m

  Unknown reference.

    projects/loupe/src/app/pages/my-work/my-work.ts:7:12:
[37m      7 │   imports: [[32mPhotographCollection[37m, RouterLink],
        ╵             [32m~~~~~~~~~~~~~~~~~~~~[0m


[31mX [41;31m[[41;97mERROR[41;31m][0m [1mTS2591: Cannot find name 'domain'. Do you need to install type definitions for node? Try `npm i --save-dev @types/node` and then add 'node' to the types field in your tsconfig.[0m [1m[35m[plugin angular-compiler][0m

    projects/loupe/src/app/pages/photograph-detail/photograph-detail-page.ts:4:33:
[37m      4 │ import { PhotographDetail } from [32m'domain'[37m;
        ╵                                  [32m~~~~~~~~[0m


[31mX [41;31m[[41;97mERROR[41;31m][0m [1mNG1010: 'imports' must be an array of components, directives, pipes, or NgModules.
  Value could not be determined statically.[0m [1m[35m[plugin angular-compiler][0m

    projects/loupe/src/app/pages/photograph-detail/photograph-detail-page.ts:11:24:
[37m      11 │   imports: [RouterLink, [32mPhotographDetail[37m, UnsavedChanges, DeletePh...
         ╵                         [32m~~~~~~~~~~~~~~~~[0m

  Unknown reference.

    projects/loupe/src/app/pages/photograph-detail/photograph-detail-page.ts:11:24:
[37m      11 │   imports: [RouterLink, [32mPhotographDetail[37m, UnsavedChanges, DeletePh...
         ╵                         [32m~~~~~~~~~~~~~~~~[0m


[31mX [41;31m[[41;97mERROR[41;31m][0m [1mTS2339: Property 'dirty' does not exist on type '{}'.[0m [1m[35m[plugin angular-compiler][0m

    projects/loupe/src/app/pages/photograph-detail/photograph-detail-page.ts:24:70:
[37m      24 │ ...uted(() => !this.deletion() && (this.detail()?.[32mdirty[37m() ?? false));
         ╵                                                   [32m~~~~~[0m


[31mX [41;31m[[41;97mERROR[41;31m][0m [1mTS2339: Property 'followCritique' does not exist on type '{}'.[0m [1m[35m[plugin angular-compiler][0m

    projects/loupe/src/app/pages/photograph-detail/photograph-detail-page.ts:29:19:
[37m      29 │     this.detail()?.[32mfollowCritique[37m(operation);
         ╵                    [32m~~~~~~~~~~~~~~[0m


[31mX [41;31m[[41;97mERROR[41;31m][0m [1mTS2339: Property 'photo' does not exist on type '{}'.[0m [1m[35m[plugin angular-compiler][0m

    projects/loupe/src/app/pages/photograph-detail/photograph-detail-page.ts:32:47:
[37m      32 │     if (photo.id === this.id()) this.detail()?.[32mphoto[37m.set(photo);
         ╵                                                [32m~~~~~[0m


[31mX [41;31m[[41;97mERROR[41;31m][0m [1mTS2591: Cannot find name 'domain'. Do you need to install type definitions for node? Try `npm i --save-dev @types/node` and then add 'node' to the types field in your tsconfig.[0m [1m[35m[plugin angular-compiler][0m

    projects/loupe/src/app/pages/photograph-upload/photograph-upload-page.ts:3:50:
[37m      3 │ import { PhotographUpload, RequestCritique } from [32m'domain'[37m;
        ╵                                                   [32m~~~~~~~~[0m


[31mX [41;31m[[41;97mERROR[41;31m][0m [1mNG1010: 'imports' must be an array of components, directives, pipes, or NgModules.
  Value could not be determined statically.[0m [1m[35m[plugin angular-compiler][0m

    projects/loupe/src/app/pages/photograph-upload/photograph-upload-page.ts:9:24:
[37m      9 │   imports: [RouterLink, [32mPhotographUpload[37m, UnsavedChanges, RequestCr...
        ╵                         [32m~~~~~~~~~~~~~~~~[0m

  Unknown reference.

    projects/loupe/src/app/pages/photograph-upload/photograph-upload-page.ts:9:24:
[37m      9 │   imports: [RouterLink, [32mPhotographUpload[37m, UnsavedChanges, RequestCr...
        ╵                         [32m~~~~~~~~~~~~~~~~[0m


[31mX [41;31m[[41;97mERROR[41;31m][0m [1mNG1010: 'imports' must be an array of components, directives, pipes, or NgModules.
  Value could not be determined statically.[0m [1m[35m[plugin angular-compiler][0m

    projects/loupe/src/app/pages/photograph-upload/photograph-upload-page.ts:9:58:
[37m      9 │ ...s: [RouterLink, PhotographUpload, UnsavedChanges, [32mRequestCritique[37m],
        ╵                                                      [32m~~~~~~~~~~~~~~~[0m

  Unknown reference.

    projects/loupe/src/app/pages/photograph-upload/photograph-upload-page.ts:9:58:
[37m      9 │ ...s: [RouterLink, PhotographUpload, UnsavedChanges, [32mRequestCritique[37m],
        ╵                                                      [32m~~~~~~~~~~~~~~~[0m


[31mX [41;31m[[41;97mERROR[41;31m][0m [1mTS2339: Property 'dirty' does not exist on type '{}'.[0m [1m[35m[plugin angular-compiler][0m

    projects/loupe/src/app/pages/photograph-upload/photograph-upload-page.ts:19:38:
[37m      19 │   readonly dirty = () => this.form()?.[32mdirty[37m() ?? false;
         ╵                                       [32m~~~~~[0m


[31mX [41;31m[[41;97mERROR[41;31m][0m [1mTS2339: Property 'dirty' does not exist on type '{}'.[0m [1m[35m[plugin angular-compiler][0m

    projects/loupe/src/app/pages/photograph-upload/photograph-upload-page.ts:21:47:
[37m      21 │     return this.dialog().canLeave(this.form()?.[32mdirty[37m() ?? false);
         ╵                                                [32m~~~~~[0m


[31mX [41;31m[[41;97mERROR[41;31m][0m [1mTS2339: Property 'requestCritique' does not exist on type '{}'.[0m [1m[35m[plugin angular-compiler][0m

    projects/loupe/src/app/pages/photograph-upload/photograph-upload-page.ts:24:21:
[37m      24 │     if (this.form()?.[32mrequestCritique[37m()) {
         ╵                      [32m~~~~~~~~~~~~~~~[0m


[31mX [41;31m[[41;97mERROR[41;31m][0m [1mTS2591: Cannot find name 'domain'. Do you need to install type definitions for node? Try `npm i --save-dev @types/node` and then add 'node' to the types field in your tsconfig.[0m [1m[35m[plugin angular-compiler][0m

    projects/loupe/src/app/pages/reference-detail/reference-detail-page.ts:4:37:
[37m      4 │ import { ReferenceDetailPanel } from [32m'domain'[37m;
        ╵                                      [32m~~~~~~~~[0m


[31mX [41;31m[[41;97mERROR[41;31m][0m [1mNG1010: 'imports' must be an array of components, directives, pipes, or NgModules.
  Value could not be determined statically.[0m [1m[35m[plugin angular-compiler][0m

    projects/loupe/src/app/pages/reference-detail/reference-detail-page.ts:7:24:
[37m      7 │   imports: [RouterLink, [32mReferenceDetailPanel[37m, UnsavedChanges],
        ╵                         [32m~~~~~~~~~~~~~~~~~~~~[0m

  Unknown reference.

    projects/loupe/src/app/pages/reference-detail/reference-detail-page.ts:7:24:
[37m      7 │   imports: [RouterLink, [32mReferenceDetailPanel[37m, UnsavedChanges],
        ╵                         [32m~~~~~~~~~~~~~~~~~~~~[0m


[31mX [41;31m[[41;97mERROR[41;31m][0m [1mTS2339: Property 'dirty' does not exist on type '{}'.[0m [1m[35m[plugin angular-compiler][0m

    projects/loupe/src/app/pages/reference-detail/reference-detail-page.ts:14:40:
[37m      14 │   readonly dirty = () => this.detail()?.[32mdirty[37m() ?? false;
         ╵                                         [32m~~~~~[0m


[31mX [41;31m[[41;97mERROR[41;31m][0m [1mTS2591: Cannot find name 'domain'. Do you need to install type definitions for node? Try `npm i --save-dev @types/node` and then add 'node' to the types field in your tsconfig.[0m [1m[35m[plugin angular-compiler][0m

    projects/loupe/src/app/pages/reference-link/reference-link-page.ts:3:35:
[37m      3 │ import { ReferenceLinkPanel } from [32m'domain'[37m;
        ╵                                    [32m~~~~~~~~[0m


[31mX [41;31m[[41;97mERROR[41;31m][0m [1mNG1010: 'imports' must be an array of components, directives, pipes, or NgModules.
  Value could not be determined statically.[0m [1m[35m[plugin angular-compiler][0m

    projects/loupe/src/app/pages/reference-link/reference-link-page.ts:9:24:
[37m      9 │   imports: [RouterLink, [32mReferenceLinkPanel[37m, UnsavedChanges],
        ╵                         [32m~~~~~~~~~~~~~~~~~~[0m

  Unknown reference.

    projects/loupe/src/app/pages/reference-link/reference-link-page.ts:9:24:
[37m      9 │   imports: [RouterLink, [32mReferenceLinkPanel[37m, UnsavedChanges],
        ╵                         [32m~~~~~~~~~~~~~~~~~~[0m


[31mX [41;31m[[41;97mERROR[41;31m][0m [1mTS2339: Property 'dirty' does not exist on type '{}'.[0m [1m[35m[plugin angular-compiler][0m

    projects/loupe/src/app/pages/reference-link/reference-link-page.ts:17:38:
[37m      17 │   readonly dirty = () => this.form()?.[32mdirty[37m() ?? false;
         ╵                                       [32m~~~~~[0m


[31mX [41;31m[[41;97mERROR[41;31m][0m [1mTS2591: Cannot find name 'domain'. Do you need to install type definitions for node? Try `npm i --save-dev @types/node` and then add 'node' to the types field in your tsconfig.[0m [1m[35m[plugin angular-compiler][0m

    projects/loupe/src/app/pages/reference-upload/reference-upload-page.ts:3:36:
[37m      3 │ import { ReferenceImagePanel } from [32m'domain'[37m;
        ╵                                     [32m~~~~~~~~[0m


[31mX [41;31m[[41;97mERROR[41;31m][0m [1mNG1010: 'imports' must be an array of components, directives, pipes, or NgModules.
  Value could not be determined statically.[0m [1m[35m[plugin angular-compiler][0m

    projects/loupe/src/app/pages/reference-upload/reference-upload-page.ts:9:24:
[37m      9 │   imports: [RouterLink, [32mReferenceImagePanel[37m, UnsavedChanges],
        ╵                         [32m~~~~~~~~~~~~~~~~~~~[0m

  Unknown reference.

    projects/loupe/src/app/pages/reference-upload/reference-upload-page.ts:9:24:
[37m      9 │   imports: [RouterLink, [32mReferenceImagePanel[37m, UnsavedChanges],
        ╵                         [32m~~~~~~~~~~~~~~~~~~~[0m


[31mX [41;31m[[41;97mERROR[41;31m][0m [1mTS2339: Property 'dirty' does not exist on type '{}'.[0m [1m[35m[plugin angular-compiler][0m

    projects/loupe/src/app/pages/reference-upload/reference-upload-page.ts:17:38:
[37m      17 │   readonly dirty = () => this.form()?.[32mdirty[37m() ?? false;
         ╵                                       [32m~~~~~[0m


❯ Changes detected. Rebuilding...
✔ Changes detected. Rebuilding...
Application bundle generation failed. [1.775 seconds] - 2026-09-08T20:53:13.953Z

[31mX [41;31m[[41;97mERROR[41;31m][0m [1mTS2571: Object is of type 'unknown'.[0m [1m[35m[plugin angular-compiler][0m

    projects/loupe/src/app/app.html:2:13:
[37m      2 │ @if (session.[32mcurrent[37m(); as user) {
        ╵              [32m~~~~~~~[0m

  Error occurs in the template of component App.

    projects/loupe/src/app/app.ts:10:15:
[37m      10 │   templateUrl: [32m'./app.html'[37m,
         ╵                [32m~~~~~~~~~~~~[0m


[31mX [41;31m[[41;97mERROR[41;31m][0m [1mTS2571: Object is of type 'unknown'.[0m [1m[35m[plugin angular-compiler][0m

    projects/loupe/src/app/app.html:2:13:
[37m      2 │ @if (session.[32mcurrent[37m(); as user) {
        ╵              [32m~~~~~~~[0m

  Error occurs in the template of component App.

    projects/loupe/src/app/app.ts:10:15:
[37m      10 │   templateUrl: [32m'./app.html'[37m,
         ╵                [32m~~~~~~~~~~~~[0m


[31mX [41;31m[[41;97mERROR[41;31m][0m [1mTS2307: Cannot find module 'api' or its corresponding type declarations.[0m [1m[35m[plugin angular-compiler][0m

    projects/loupe/src/app/app.providers.ts:1:65:
[37m      1 │ ...rt { REFERENCE_IMPORT_SERVICE, ReferenceImportService } from [32m'api'[37m;
        ╵                                                                 [32m~~~~~[0m


[31mX [41;31m[[41;97mERROR[41;31m][0m [1mTS2307: Cannot find module 'api' or its corresponding type declarations.[0m [1m[35m[plugin angular-compiler][0m

    projects/loupe/src/app/app.providers.ts:2:52:
[37m      2 │ import { REFERENCE_SERVICE, ReferenceService } from [32m'api'[37m;
        ╵                                                     [32m~~~~~[0m


[31mX [41;31m[[41;97mERROR[41;31m][0m [1mTS2307: Cannot find module 'api' or its corresponding type declarations.[0m [1m[35m[plugin angular-compiler][0m

    projects/loupe/src/app/app.providers.ts:4:87:
[37m      4 │ ...SessionService, PHOTOGRAPH_SERVICE, PhotographService } from [32m'api'[37m;
        ╵                                                                 [32m~~~~~[0m


[31mX [41;31m[[41;97mERROR[41;31m][0m [1mTS2307: Cannot find module 'api' or its corresponding type declarations.[0m [1m[35m[plugin angular-compiler][0m

    projects/loupe/src/app/app.providers.ts:5:50:
[37m      5 │ import { DELETION_SERVICE, DeletionService } from [32m'api'[37m;
        ╵                                                   [32m~~~~~[0m


[31mX [41;31m[[41;97mERROR[41;31m][0m [1mTS2307: Cannot find module 'api' or its corresponding type declarations.[0m [1m[35m[plugin angular-compiler][0m

    projects/loupe/src/app/app.providers.ts:6:50:
[37m      6 │ import { CRITIQUE_SERVICE, CritiqueService } from [32m'api'[37m;
        ╵                                                   [32m~~~~~[0m


[31mX [41;31m[[41;97mERROR[41;31m][0m [1mTS2307: Cannot find module 'api' or its corresponding type declarations.[0m [1m[35m[plugin angular-compiler][0m

    projects/loupe/src/app/app.providers.ts:7:54:
[37m      7 │ import { COMPARISON_SERVICE, ComparisonService } from [32m'api'[37m;
        ╵                                                       [32m~~~~~[0m


[31mX [41;31m[[41;97mERROR[41;31m][0m [1mTS2307: Cannot find module 'api' or its corresponding type declarations.[0m [1m[35m[plugin angular-compiler][0m

    projects/loupe/src/app/app.ts:4:32:
[37m      4 │ import { SESSION_SERVICE } from [32m'api'[37m;
        ╵                                 [32m~~~~~[0m


[31mX [41;31m[[41;97mERROR[41;31m][0m [1mTS2571: Object is of type 'unknown'.[0m [1m[35m[plugin angular-compiler][0m

    projects/loupe/src/app/app.ts:38:12:
[37m      38 │       await [32mthis.session[37m.signOut();
         ╵             [32m~~~~~~~~~~~~[0m


[31mX [41;31m[[41;97mERROR[41;31m][0m [1mTS2307: Cannot find module 'api' or its corresponding type declarations.[0m [1m[35m[plugin angular-compiler][0m

    projects/loupe/src/app/dialogs/delete-photograph/delete-photograph.ts:18:7:
[37m      18 │ } from [32m'api'[37m;
         ╵        [32m~~~~~[0m


[31mX [41;31m[[41;97mERROR[41;31m][0m [1mTS2571: Object is of type 'unknown'.[0m [1m[35m[plugin angular-compiler][0m

    projects/loupe/src/app/dialogs/delete-photograph/delete-photograph.ts:62:27:
[37m      62 │       const result = await [32mthis.service[37m.deletePhotograph(photograp...
         ╵                            [32m~~~~~~~~~~~~[0m


[31mX [41;31m[[41;97mERROR[41;31m][0m [1mTS18046: 'error' is of type 'unknown'.[0m [1m[35m[plugin angular-compiler][0m

    projects/loupe/src/app/dialogs/delete-photograph/delete-photograph.ts:69:45:
[37m      69 │ ...r instanceof ServiceError && [32merror[37m.code === 'revision_conflict') {
         ╵                                 [32m~~~~~[0m


[31mX [41;31m[[41;97mERROR[41;31m][0m [1mTS18046: 'error' is of type 'unknown'.[0m [1m[35m[plugin angular-compiler][0m

    projects/loupe/src/app/dialogs/delete-photograph/delete-photograph.ts:72:52:
[37m      72 │ ...rror instanceof ServiceError && [32merror[37m.code === 'item_unavailable')
         ╵                                    [32m~~~~~[0m


[31mX [41;31m[[41;97mERROR[41;31m][0m [1mTS2571: Object is of type 'unknown'.[0m [1m[35m[plugin angular-compiler][0m

    projects/loupe/src/app/dialogs/delete-photograph/delete-photograph.ts:87:27:
[37m      87 │       const latest = await [32mthis.photographs[37m.get(photograph.id);
         ╵                            [32m~~~~~~~~~~~~~~~~[0m


[31mX [41;31m[[41;97mERROR[41;31m][0m [1mTS18046: 'error' is of type 'unknown'.[0m [1m[35m[plugin angular-compiler][0m

    projects/loupe/src/app/dialogs/delete-photograph/delete-photograph.ts:97:45:
[37m      97 │ ...rror instanceof ServiceError && [32merror[37m.code === 'item_unavailable')
         ╵                                    [32m~~~~~[0m


[31mX [41;31m[[41;97mERROR[41;31m][0m [1mTS2307: Cannot find module 'api' or its corresponding type declarations.[0m [1m[35m[plugin angular-compiler][0m

    projects/loupe/src/app/dialogs/regenerate-critique/regenerate-critique.ts:2:50:
[37m      2 │ import { OperationResult, PhotographResult } from [32m'api'[37m;
        ╵                                                   [32m~~~~~[0m


[31mX [41;31m[[41;97mERROR[41;31m][0m [1mTS2307: Cannot find module 'api' or its corresponding type declarations.[0m [1m[35m[plugin angular-compiler][0m

    projects/loupe/src/app/dialogs/unsaved-changes/unsaved-changes.ts:10:32:
[37m      10 │ import { SESSION_SERVICE } from [32m'api'[37m;
         ╵                                 [32m~~~~~[0m


[31mX [41;31m[[41;97mERROR[41;31m][0m [1mTS2571: Object is of type 'unknown'.[0m [1m[35m[plugin angular-compiler][0m

    projects/loupe/src/app/dialogs/unsaved-changes/unsaved-changes.ts:29:10:
[37m      29 │       if ([32mthis.session[37m.current() && this.dirty()()) {
         ╵           [32m~~~~~~~~~~~~[0m


[31mX [41;31m[[41;97mERROR[41;31m][0m [1mTS2571: Object is of type 'unknown'.[0m [1m[35m[plugin angular-compiler][0m

    projects/loupe/src/app/dialogs/unsaved-changes/unsaved-changes.ts:41:11:
[37m      41 │     return [32mthis.session[37m.current() && dirty ? this.confirmDiscard()...
         ╵            [32m~~~~~~~~~~~~[0m


[31mX [41;31m[[41;97mERROR[41;31m][0m [1mTS2307: Cannot find module 'api' or its corresponding type declarations.[0m [1m[35m[plugin angular-compiler][0m

    projects/loupe/src/app/pages/photograph-detail/photograph-detail-page.ts:3:83:
[37m      3 │ ...t, OperationResult, PhotographResult, SESSION_SERVICE } from [32m'api'[37m;
        ╵                                                                 [32m~~~~~[0m


[31mX [41;31m[[41;97mERROR[41;31m][0m [1mTS2571: Object is of type 'unknown'.[0m [1m[35m[plugin angular-compiler][0m

    projects/loupe/src/app/pages/photograph-detail/photograph-detail-page.ts:39:8:
[37m      39 │     if ([32mthis.session[37m.current() && (this.deleting() || this.request...
         ╵         [32m~~~~~~~~~~~~[0m


[31mX [41;31m[[41;97mERROR[41;31m][0m [1mTS2307: Cannot find module 'api' or its corresponding type declarations.[0m [1m[35m[plugin angular-compiler][0m

    projects/loupe/src/app/pages/photograph-upload/photograph-upload-page.ts:4:50:
[37m      4 │ import { OperationResult, PhotographResult } from [32m'api'[37m;
        ╵                                                   [32m~~~~~[0m


[31mX [41;31m[[41;97mERROR[41;31m][0m [1mTS2307: Cannot find module 'api' or its corresponding type declarations.[0m [1m[35m[plugin angular-compiler][0m

    projects/loupe/src/app/pages/reference-link/reference-link-page.ts:4:32:
[37m      4 │ import { ReferenceResult } from [32m'api'[37m;
        ╵                                 [32m~~~~~[0m


[31mX [41;31m[[41;97mERROR[41;31m][0m [1mTS2307: Cannot find module 'api' or its corresponding type declarations.[0m [1m[35m[plugin angular-compiler][0m

    projects/loupe/src/app/pages/reference-upload/reference-upload-page.ts:4:32:
[37m      4 │ import { ReferenceResult } from [32m'api'[37m;
        ╵                                 [32m~~~~~[0m


[31mX [41;31m[[41;97mERROR[41;31m][0m [1mTS2307: Cannot find module 'api' or its corresponding type declarations.[0m [1m[35m[plugin angular-compiler][0m

    projects/loupe/src/app/pages/sign-in/sign-in.ts:3:32:
[37m      3 │ import { SESSION_SERVICE } from [32m'api'[37m;
        ╵                                 [32m~~~~~[0m


[31mX [41;31m[[41;97mERROR[41;31m][0m [1mTS2571: Object is of type 'unknown'.[0m [1m[35m[plugin angular-compiler][0m

    projects/loupe/src/app/pages/sign-in/sign-in.ts:12:4:
[37m      12 │     [32mthis.session[37m.signIn(this.destination());
         ╵     [32m~~~~~~~~~~~~[0m


[31mX [41;31m[[41;97mERROR[41;31m][0m [1mTS2307: Cannot find module 'api' or its corresponding type declarations.[0m [1m[35m[plugin angular-compiler][0m

    projects/loupe/src/app/session.guard.ts:3:32:
[37m      3 │ import { SESSION_SERVICE } from [32m'api'[37m;
        ╵                                 [32m~~~~~[0m


[31mX [41;31m[[41;97mERROR[41;31m][0m [1mTS18046: 'session' is of type 'unknown'.[0m [1m[35m[plugin angular-compiler][0m

    projects/loupe/src/app/session.guard.ts:9:18:
[37m      9 │     return (await [32msession[37m.load())
        ╵                   [32m~~~~~~~[0m


[31mX [41;31m[[41;97mERROR[41;31m][0m [1mTS2307: Cannot find module 'api' or its corresponding type declarations.[0m [1m[35m[plugin angular-compiler][0m

    projects/loupe/src/testing/app.providers.ts:1:41:
[37m      1 │ import { REFERENCE_IMPORT_SERVICE } from [32m'api'[37m;
        ╵                                          [32m~~~~~[0m


[31mX [41;31m[[41;97mERROR[41;31m][0m [1mTS2307: Cannot find module 'api' or its corresponding type declarations.[0m [1m[35m[plugin angular-compiler][0m

    projects/loupe/src/testing/app.providers.ts:3:34:
[37m      3 │ import { REFERENCE_SERVICE } from [32m'api'[37m;
        ╵                                   [32m~~~~~[0m


[31mX [41;31m[[41;97mERROR[41;31m][0m [1mTS2307: Cannot find module 'api' or its corresponding type declarations.[0m [1m[35m[plugin angular-compiler][0m

    projects/loupe/src/testing/app.providers.ts:5:88:
[37m      5 │ ...HOTOGRAPH_SERVICE, DELETION_SERVICE, CRITIQUE_SERVICE } from [32m'api'[37m;
        ╵                                                                 [32m~~~~~[0m


[31mX [41;31m[[41;97mERROR[41;31m][0m [1mTS2307: Cannot find module 'api' or its corresponding type declarations.[0m [1m[35m[plugin angular-compiler][0m

    projects/loupe/src/testing/app.providers.ts:10:35:
[37m      10 │ import { COMPARISON_SERVICE } from [32m'api'[37m;
         ╵                                    [32m~~~~~[0m


[31mX [41;31m[[41;97mERROR[41;31m][0m [1mTS2307: Cannot find module 'api' or its corresponding type declarations.[0m [1m[35m[plugin angular-compiler][0m

    projects/loupe/src/testing/mock-comparison.service.ts:10:7:
[37m      10 │ } from [32m'api'[37m;
         ╵        [32m~~~~~[0m


[31mX [41;31m[[41;97mERROR[41;31m][0m [1mTS2307: Cannot find module 'api' or its corresponding type declarations.[0m [1m[35m[plugin angular-compiler][0m

    projects/loupe/src/testing/mock-critique.service.ts:9:7:
[37m      9 │ } from [32m'api'[37m;
        ╵        [32m~~~~~[0m


[31mX [41;31m[[41;97mERROR[41;31m][0m [1mTS2307: Cannot find module 'api' or its corresponding type declarations.[0m [1m[35m[plugin angular-compiler][0m

    projects/loupe/src/testing/mock-deletion.service.ts:2:63:
[37m      2 │ import { DeletionResult, IDeletionService, ServiceError } from [32m'api'[37m;
        ╵                                                                [32m~~~~~[0m


[31mX [41;31m[[41;97mERROR[41;31m][0m [1mTS2307: Cannot find module 'api' or its corresponding type declarations.[0m [1m[35m[plugin angular-compiler][0m

    projects/loupe/src/testing/mock-photograph.service.ts:10:7:
[37m      10 │ } from [32m'api'[37m;
         ╵        [32m~~~~~[0m


[31mX [41;31m[[41;97mERROR[41;31m][0m [1mTS2307: Cannot find module 'api' or its corresponding type declarations.[0m [1m[35m[plugin angular-compiler][0m

    projects/loupe/src/testing/mock-reference-import.service.ts:7:7:
[37m      7 │ } from [32m'api'[37m;
        ╵        [32m~~~~~[0m


[31mX [41;31m[[41;97mERROR[41;31m][0m [1mTS2307: Cannot find module 'api' or its corresponding type declarations.[0m [1m[35m[plugin angular-compiler][0m

    projects/loupe/src/testing/mock-reference.service.ts:1:70:
[37m      1 │ ...ReferenceMetadata, ReferenceLink, ReferenceLinkResult } from [32m'api'[37m;
        ╵                                                                 [32m~~~~~[0m


[31mX [41;31m[[41;97mERROR[41;31m][0m [1mTS2307: Cannot find module 'api' or its corresponding type declarations.[0m [1m[35m[plugin angular-compiler][0m

    projects/loupe/src/testing/mock-reference.service.ts:2:48:
[37m      2 │ import { ReferenceUpload, UploadProgress } from [32m'api'[37m;
        ╵                                                 [32m~~~~~[0m


[31mX [41;31m[[41;97mERROR[41;31m][0m [1mTS2307: Cannot find module 'api' or its corresponding type declarations.[0m [1m[35m[plugin angular-compiler][0m

    projects/loupe/src/testing/mock-reference.service.ts:4:80:
[37m      4 │ ...Service, ReferencePage, ReferenceResult, ServiceError } from [32m'api'[37m;
        ╵                                                                 [32m~~~~~[0m


[31mX [41;31m[[41;97mERROR[41;31m][0m [1mTS2307: Cannot find module 'api' or its corresponding type declarations.[0m [1m[35m[plugin angular-compiler][0m

    projects/loupe/src/testing/mock-session.service.ts:3:47:
[37m      3 │ import { ISessionService, SessionResult } from [32m'api'[37m;
        ╵                                                [32m~~~~~[0m


❯ Changes detected. Rebuilding...
✔ Changes detected. Rebuilding...
Application bundle generation failed. [0.002 seconds] - 2026-09-08T20:53:15.211Z

[31mX [41;31m[[41;97mERROR[41;31m][0m [1mTS2571: Object is of type 'unknown'.[0m [1m[35m[plugin angular-compiler][0m

    projects/loupe/src/app/app.html:2:13:
[37m      2 │ @if (session.[32mcurrent[37m(); as user) {
        ╵              [32m~~~~~~~[0m

  Error occurs in the template of component App.

    projects/loupe/src/app/app.ts:10:15:
[37m      10 │   templateUrl: [32m'./app.html'[37m,
         ╵                [32m~~~~~~~~~~~~[0m


[31mX [41;31m[[41;97mERROR[41;31m][0m [1mTS2571: Object is of type 'unknown'.[0m [1m[35m[plugin angular-compiler][0m

    projects/loupe/src/app/app.html:2:13:
[37m      2 │ @if (session.[32mcurrent[37m(); as user) {
        ╵              [32m~~~~~~~[0m

  Error occurs in the template of component App.

    projects/loupe/src/app/app.ts:10:15:
[37m      10 │   templateUrl: [32m'./app.html'[37m,
         ╵                [32m~~~~~~~~~~~~[0m


[31mX [41;31m[[41;97mERROR[41;31m][0m [1mTS2307: Cannot find module 'api' or its corresponding type declarations.[0m [1m[35m[plugin angular-compiler][0m

    projects/loupe/src/app/app.providers.ts:1:65:
[37m      1 │ ...rt { REFERENCE_IMPORT_SERVICE, ReferenceImportService } from [32m'api'[37m;
        ╵                                                                 [32m~~~~~[0m


[31mX [41;31m[[41;97mERROR[41;31m][0m [1mTS2307: Cannot find module 'api' or its corresponding type declarations.[0m [1m[35m[plugin angular-compiler][0m

    projects/loupe/src/app/app.providers.ts:2:52:
[37m      2 │ import { REFERENCE_SERVICE, ReferenceService } from [32m'api'[37m;
        ╵                                                     [32m~~~~~[0m


[31mX [41;31m[[41;97mERROR[41;31m][0m [1mTS2307: Cannot find module 'api' or its corresponding type declarations.[0m [1m[35m[plugin angular-compiler][0m

    projects/loupe/src/app/app.providers.ts:4:87:
[37m      4 │ ...SessionService, PHOTOGRAPH_SERVICE, PhotographService } from [32m'api'[37m;
        ╵                                                                 [32m~~~~~[0m


[31mX [41;31m[[41;97mERROR[41;31m][0m [1mTS2307: Cannot find module 'api' or its corresponding type declarations.[0m [1m[35m[plugin angular-compiler][0m

    projects/loupe/src/app/app.providers.ts:5:50:
[37m      5 │ import { DELETION_SERVICE, DeletionService } from [32m'api'[37m;
        ╵                                                   [32m~~~~~[0m


[31mX [41;31m[[41;97mERROR[41;31m][0m [1mTS2307: Cannot find module 'api' or its corresponding type declarations.[0m [1m[35m[plugin angular-compiler][0m

    projects/loupe/src/app/app.providers.ts:6:50:
[37m      6 │ import { CRITIQUE_SERVICE, CritiqueService } from [32m'api'[37m;
        ╵                                                   [32m~~~~~[0m


[31mX [41;31m[[41;97mERROR[41;31m][0m [1mTS2307: Cannot find module 'api' or its corresponding type declarations.[0m [1m[35m[plugin angular-compiler][0m

    projects/loupe/src/app/app.providers.ts:7:54:
[37m      7 │ import { COMPARISON_SERVICE, ComparisonService } from [32m'api'[37m;
        ╵                                                       [32m~~~~~[0m


[31mX [41;31m[[41;97mERROR[41;31m][0m [1mTS2307: Cannot find module 'api' or its corresponding type declarations.[0m [1m[35m[plugin angular-compiler][0m

    projects/loupe/src/app/app.ts:4:32:
[37m      4 │ import { SESSION_SERVICE } from [32m'api'[37m;
        ╵                                 [32m~~~~~[0m


[31mX [41;31m[[41;97mERROR[41;31m][0m [1mTS2571: Object is of type 'unknown'.[0m [1m[35m[plugin angular-compiler][0m

    projects/loupe/src/app/app.ts:38:12:
[37m      38 │       await [32mthis.session[37m.signOut();
         ╵             [32m~~~~~~~~~~~~[0m


[31mX [41;31m[[41;97mERROR[41;31m][0m [1mTS2307: Cannot find module 'api' or its corresponding type declarations.[0m [1m[35m[plugin angular-compiler][0m

    projects/loupe/src/app/dialogs/delete-photograph/delete-photograph.ts:18:7:
[37m      18 │ } from [32m'api'[37m;
         ╵        [32m~~~~~[0m


[31mX [41;31m[[41;97mERROR[41;31m][0m [1mTS2571: Object is of type 'unknown'.[0m [1m[35m[plugin angular-compiler][0m

    projects/loupe/src/app/dialogs/delete-photograph/delete-photograph.ts:62:27:
[37m      62 │       const result = await [32mthis.service[37m.deletePhotograph(photograp...
         ╵                            [32m~~~~~~~~~~~~[0m


[31mX [41;31m[[41;97mERROR[41;31m][0m [1mTS18046: 'error' is of type 'unknown'.[0m [1m[35m[plugin angular-compiler][0m

    projects/loupe/src/app/dialogs/delete-photograph/delete-photograph.ts:69:45:
[37m      69 │ ...r instanceof ServiceError && [32merror[37m.code === 'revision_conflict') {
         ╵                                 [32m~~~~~[0m


[31mX [41;31m[[41;97mERROR[41;31m][0m [1mTS18046: 'error' is of type 'unknown'.[0m [1m[35m[plugin angular-compiler][0m

    projects/loupe/src/app/dialogs/delete-photograph/delete-photograph.ts:72:52:
[37m      72 │ ...rror instanceof ServiceError && [32merror[37m.code === 'item_unavailable')
         ╵                                    [32m~~~~~[0m


[31mX [41;31m[[41;97mERROR[41;31m][0m [1mTS2571: Object is of type 'unknown'.[0m [1m[35m[plugin angular-compiler][0m

    projects/loupe/src/app/dialogs/delete-photograph/delete-photograph.ts:87:27:
[37m      87 │       const latest = await [32mthis.photographs[37m.get(photograph.id);
         ╵                            [32m~~~~~~~~~~~~~~~~[0m


[31mX [41;31m[[41;97mERROR[41;31m][0m [1mTS18046: 'error' is of type 'unknown'.[0m [1m[35m[plugin angular-compiler][0m

    projects/loupe/src/app/dialogs/delete-photograph/delete-photograph.ts:97:45:
[37m      97 │ ...rror instanceof ServiceError && [32merror[37m.code === 'item_unavailable')
         ╵                                    [32m~~~~~[0m


[31mX [41;31m[[41;97mERROR[41;31m][0m [1mTS2307: Cannot find module 'api' or its corresponding type declarations.[0m [1m[35m[plugin angular-compiler][0m

    projects/loupe/src/app/dialogs/regenerate-critique/regenerate-critique.ts:2:50:
[37m      2 │ import { OperationResult, PhotographResult } from [32m'api'[37m;
        ╵                                                   [32m~~~~~[0m


[31mX [41;31m[[41;97mERROR[41;31m][0m [1mTS2307: Cannot find module 'api' or its corresponding type declarations.[0m [1m[35m[plugin angular-compiler][0m

    projects/loupe/src/app/dialogs/unsaved-changes/unsaved-changes.ts:10:32:
[37m      10 │ import { SESSION_SERVICE } from [32m'api'[37m;
         ╵                                 [32m~~~~~[0m


[31mX [41;31m[[41;97mERROR[41;31m][0m [1mTS2571: Object is of type 'unknown'.[0m [1m[35m[plugin angular-compiler][0m

    projects/loupe/src/app/dialogs/unsaved-changes/unsaved-changes.ts:29:10:
[37m      29 │       if ([32mthis.session[37m.current() && this.dirty()()) {
         ╵           [32m~~~~~~~~~~~~[0m


[31mX [41;31m[[41;97mERROR[41;31m][0m [1mTS2571: Object is of type 'unknown'.[0m [1m[35m[plugin angular-compiler][0m

    projects/loupe/src/app/dialogs/unsaved-changes/unsaved-changes.ts:41:11:
[37m      41 │     return [32mthis.session[37m.current() && dirty ? this.confirmDiscard()...
         ╵            [32m~~~~~~~~~~~~[0m


[31mX [41;31m[[41;97mERROR[41;31m][0m [1mTS2307: Cannot find module 'api' or its corresponding type declarations.[0m [1m[35m[plugin angular-compiler][0m

    projects/loupe/src/app/pages/photograph-detail/photograph-detail-page.ts:3:83:
[37m      3 │ ...t, OperationResult, PhotographResult, SESSION_SERVICE } from [32m'api'[37m;
        ╵                                                                 [32m~~~~~[0m


[31mX [41;31m[[41;97mERROR[41;31m][0m [1mTS2571: Object is of type 'unknown'.[0m [1m[35m[plugin angular-compiler][0m

    projects/loupe/src/app/pages/photograph-detail/photograph-detail-page.ts:39:8:
[37m      39 │     if ([32mthis.session[37m.current() && (this.deleting() || this.request...
         ╵         [32m~~~~~~~~~~~~[0m


[31mX [41;31m[[41;97mERROR[41;31m][0m [1mTS2307: Cannot find module 'api' or its corresponding type declarations.[0m [1m[35m[plugin angular-compiler][0m

    projects/loupe/src/app/pages/photograph-upload/photograph-upload-page.ts:4:50:
[37m      4 │ import { OperationResult, PhotographResult } from [32m'api'[37m;
        ╵                                                   [32m~~~~~[0m


[31mX [41;31m[[41;97mERROR[41;31m][0m [1mTS2307: Cannot find module 'api' or its corresponding type declarations.[0m [1m[35m[plugin angular-compiler][0m

    projects/loupe/src/app/pages/reference-link/reference-link-page.ts:4:32:
[37m      4 │ import { ReferenceResult } from [32m'api'[37m;
        ╵                                 [32m~~~~~[0m


[31mX [41;31m[[41;97mERROR[41;31m][0m [1mTS2307: Cannot find module 'api' or its corresponding type declarations.[0m [1m[35m[plugin angular-compiler][0m

    projects/loupe/src/app/pages/reference-upload/reference-upload-page.ts:4:32:
[37m      4 │ import { ReferenceResult } from [32m'api'[37m;
        ╵                                 [32m~~~~~[0m


[31mX [41;31m[[41;97mERROR[41;31m][0m [1mTS2307: Cannot find module 'api' or its corresponding type declarations.[0m [1m[35m[plugin angular-compiler][0m

    projects/loupe/src/app/pages/sign-in/sign-in.ts:3:32:
[37m      3 │ import { SESSION_SERVICE } from [32m'api'[37m;
        ╵                                 [32m~~~~~[0m


[31mX [41;31m[[41;97mERROR[41;31m][0m [1mTS2571: Object is of type 'unknown'.[0m [1m[35m[plugin angular-compiler][0m

    projects/loupe/src/app/pages/sign-in/sign-in.ts:12:4:
[37m      12 │     [32mthis.session[37m.signIn(this.destination());
         ╵     [32m~~~~~~~~~~~~[0m


[31mX [41;31m[[41;97mERROR[41;31m][0m [1mTS2307: Cannot find module 'api' or its corresponding type declarations.[0m [1m[35m[plugin angular-compiler][0m

    projects/loupe/src/app/session.guard.ts:3:32:
[37m      3 │ import { SESSION_SERVICE } from [32m'api'[37m;
        ╵                                 [32m~~~~~[0m


[31mX [41;31m[[41;97mERROR[41;31m][0m [1mTS18046: 'session' is of type 'unknown'.[0m [1m[35m[plugin angular-compiler][0m

    projects/loupe/src/app/session.guard.ts:9:18:
[37m      9 │     return (await [32msession[37m.load())
        ╵                   [32m~~~~~~~[0m


[31mX [41;31m[[41;97mERROR[41;31m][0m [1mTS2307: Cannot find module 'api' or its corresponding type declarations.[0m [1m[35m[plugin angular-compiler][0m

    projects/loupe/src/testing/app.providers.ts:1:41:
[37m      1 │ import { REFERENCE_IMPORT_SERVICE } from [32m'api'[37m;
        ╵                                          [32m~~~~~[0m


[31mX [41;31m[[41;97mERROR[41;31m][0m [1mTS2307: Cannot find module 'api' or its corresponding type declarations.[0m [1m[35m[plugin angular-compiler][0m

    projects/loupe/src/testing/app.providers.ts:3:34:
[37m      3 │ import { REFERENCE_SERVICE } from [32m'api'[37m;
        ╵                                   [32m~~~~~[0m


[31mX [41;31m[[41;97mERROR[41;31m][0m [1mTS2307: Cannot find module 'api' or its corresponding type declarations.[0m [1m[35m[plugin angular-compiler][0m

    projects/loupe/src/testing/app.providers.ts:5:88:
[37m      5 │ ...HOTOGRAPH_SERVICE, DELETION_SERVICE, CRITIQUE_SERVICE } from [32m'api'[37m;
        ╵                                                                 [32m~~~~~[0m


[31mX [41;31m[[41;97mERROR[41;31m][0m [1mTS2307: Cannot find module 'api' or its corresponding type declarations.[0m [1m[35m[plugin angular-compiler][0m

    projects/loupe/src/testing/app.providers.ts:10:35:
[37m      10 │ import { COMPARISON_SERVICE } from [32m'api'[37m;
         ╵                                    [32m~~~~~[0m


[31mX [41;31m[[41;97mERROR[41;31m][0m [1mTS2307: Cannot find module 'api' or its corresponding type declarations.[0m [1m[35m[plugin angular-compiler][0m

    projects/loupe/src/testing/mock-comparison.service.ts:10:7:
[37m      10 │ } from [32m'api'[37m;
         ╵        [32m~~~~~[0m


[31mX [41;31m[[41;97mERROR[41;31m][0m [1mTS2307: Cannot find module 'api' or its corresponding type declarations.[0m [1m[35m[plugin angular-compiler][0m

    projects/loupe/src/testing/mock-critique.service.ts:9:7:
[37m      9 │ } from [32m'api'[37m;
        ╵        [32m~~~~~[0m


[31mX [41;31m[[41;97mERROR[41;31m][0m [1mTS2307: Cannot find module 'api' or its corresponding type declarations.[0m [1m[35m[plugin angular-compiler][0m

    projects/loupe/src/testing/mock-deletion.service.ts:2:63:
[37m      2 │ import { DeletionResult, IDeletionService, ServiceError } from [32m'api'[37m;
        ╵                                                                [32m~~~~~[0m


[31mX [41;31m[[41;97mERROR[41;31m][0m [1mTS2307: Cannot find module 'api' or its corresponding type declarations.[0m [1m[35m[plugin angular-compiler][0m

    projects/loupe/src/testing/mock-photograph.service.ts:10:7:
[37m      10 │ } from [32m'api'[37m;
         ╵        [32m~~~~~[0m


[31mX [41;31m[[41;97mERROR[41;31m][0m [1mTS2307: Cannot find module 'api' or its corresponding type declarations.[0m [1m[35m[plugin angular-compiler][0m

    projects/loupe/src/testing/mock-reference-import.service.ts:7:7:
[37m      7 │ } from [32m'api'[37m;
        ╵        [32m~~~~~[0m


[31mX [41;31m[[41;97mERROR[41;31m][0m [1mTS2307: Cannot find module 'api' or its corresponding type declarations.[0m [1m[35m[plugin angular-compiler][0m

    projects/loupe/src/testing/mock-reference.service.ts:1:70:
[37m      1 │ ...ReferenceMetadata, ReferenceLink, ReferenceLinkResult } from [32m'api'[37m;
        ╵                                                                 [32m~~~~~[0m


[31mX [41;31m[[41;97mERROR[41;31m][0m [1mTS2307: Cannot find module 'api' or its corresponding type declarations.[0m [1m[35m[plugin angular-compiler][0m

    projects/loupe/src/testing/mock-reference.service.ts:2:48:
[37m      2 │ import { ReferenceUpload, UploadProgress } from [32m'api'[37m;
        ╵                                                 [32m~~~~~[0m


[31mX [41;31m[[41;97mERROR[41;31m][0m [1mTS2307: Cannot find module 'api' or its corresponding type declarations.[0m [1m[35m[plugin angular-compiler][0m

    projects/loupe/src/testing/mock-reference.service.ts:4:80:
[37m      4 │ ...Service, ReferencePage, ReferenceResult, ServiceError } from [32m'api'[37m;
        ╵                                                                 [32m~~~~~[0m


[31mX [41;31m[[41;97mERROR[41;31m][0m [1mTS2307: Cannot find module 'api' or its corresponding type declarations.[0m [1m[35m[plugin angular-compiler][0m

    projects/loupe/src/testing/mock-session.service.ts:3:47:
[37m      3 │ import { ISessionService, SessionResult } from [32m'api'[37m;
        ╵                                                [32m~~~~~[0m


❯ Changes detected. Rebuilding...
✔ Changes detected. Rebuilding...
Initial chunk files | Names         |  Raw size
main.js             | main          | 464.15 kB | 
styles.css          | styles        |  23.65 kB | 

                    | Initial total | 487.80 kB

Application bundle generation complete. [1.484 seconds] - 2026-09-08T20:53:18.978Z

Page reload sent to client(s).
[2m4:53:19 p.m.[22m [31m[1m[vite][22m[39m [31m[2m(client)[22m[39m Pre-transform error: Failed to resolve import "components" from ".angular/vite-root/loupe/main.js". Does the file exist?
  Plugin: [35mvite:import-analysis[39m
  File: [36mC:/projects/loupe/frontend/.angular/vite-root/loupe/main.js[39m:515:49
[33m  513 |  
  514 |  // dist/domain/fesm2022/domain.mjs
  515 |  import { PhotographCard, CritiqueContent } from "components";
      |                                                   ^
  516 |  import { DatePipe, DecimalPipe } from "@angular/common";
  517 |  import * as i1 from "@angular/forms";[39m
[2m4:53:19 p.m.[22m [31m[1m[vite][22m[39m [31mInternal server error: Failed to resolve import "components" from ".angular/vite-root/loupe/main.js". Does the file exist?[39m
  Plugin: [35mvite:import-analysis[39m
  File: [36mC:/projects/loupe/frontend/.angular/vite-root/loupe/main.js[39m:515:49
[33m  513 |  
  514 |  // dist/domain/fesm2022/domain.mjs
  515 |  import { PhotographCard, CritiqueContent } from "components";
      |                                                   ^
  516 |  import { DatePipe, DecimalPipe } from "@angular/common";
  517 |  import * as i1 from "@angular/forms";[39m
      at TransformPluginContext._formatLog (file:///C:/projects/loupe/frontend/node_modules/vite/dist/node/chunks/node.js:30416:39)
      at TransformPluginContext.error (file:///C:/projects/loupe/frontend/node_modules/vite/dist/node/chunks/node.js:30413:14)
      at normalizeUrl (file:///C:/projects/loupe/frontend/node_modules/vite/dist/node/chunks/node.js:27438:18)
      at async file:///C:/projects/loupe/frontend/node_modules/vite/dist/node/chunks/node.js:27506:30
      at async Promise.all (index 11)
      at async TransformPluginContext.transform (file:///C:/projects/loupe/frontend/node_modules/vite/dist/node/chunks/node.js:27474:4)
      at async EnvironmentPluginContainer.transform (file:///C:/projects/loupe/frontend/node_modules/vite/dist/node/chunks/node.js:30201:14)
      at async loadAndTransform (file:///C:/projects/loupe/frontend/node_modules/vite/dist/node/chunks/node.js:20124:26)
      at async viteTransformMiddleware (file:///C:/projects/loupe/frontend/node_modules/vite/dist/node/chunks/node.js:24604:20)
❯ Changes detected. Rebuilding...
✔ Changes detected. Rebuilding...
Initial chunk files | Names         |  Raw size
main.js             | main          | 464.15 kB | 
styles.css          | styles        |  23.65 kB | 

                    | Initial total | 487.80 kB

Application bundle generation complete. [0.033 seconds] - 2026-09-08T20:53:20.586Z

❯ Changes detected. Rebuilding...
✔ Changes detected. Rebuilding...
Application bundle generation failed. [0.582 seconds] - 2026-09-08T20:53:23.638Z

[31mX [41;31m[[41;97mERROR[41;31m][0m [1mTS2591: Cannot find name 'domain'. Do you need to install type definitions for node? Try `npm i --save-dev @types/node` and then add 'node' to the types field in your tsconfig.[0m [1m[35m[plugin angular-compiler][0m

    projects/loupe/src/app/dialogs/regenerate-critique/regenerate-critique.ts:3:32:
[37m      3 │ import { RequestCritique } from [32m'domain'[37m;
        ╵                                 [32m~~~~~~~~[0m


[31mX [41;31m[[41;97mERROR[41;31m][0m [1mNG1010: 'imports' must be an array of components, directives, pipes, or NgModules.
  Value could not be determined statically.[0m [1m[35m[plugin angular-compiler][0m

    projects/loupe/src/app/dialogs/regenerate-critique/regenerate-critique.ts:7:12:
[37m      7 │   imports: [[32mRequestCritique[37m],
        ╵             [32m~~~~~~~~~~~~~~~[0m

  Unknown reference.

    projects/loupe/src/app/dialogs/regenerate-critique/regenerate-critique.ts:7:12:
[37m      7 │   imports: [[32mRequestCritique[37m],
        ╵             [32m~~~~~~~~~~~~~~~[0m


[31mX [41;31m[[41;97mERROR[41;31m][0m [1mTS2339: Property 'busy' does not exist on type '{}'.[0m [1m[35m[plugin angular-compiler][0m

    projects/loupe/src/app/dialogs/regenerate-critique/regenerate-critique.ts:17:52:
[37m      17 │ ...uted(() => !!(this.request()?.[32mbusy[37m() || this.request()?.reviewi...
         ╵                                  [32m~~~~[0m


[31mX [41;31m[[41;97mERROR[41;31m][0m [1mTS2339: Property 'reviewing' does not exist on type '{}'.[0m [1m[35m[plugin angular-compiler][0m

    projects/loupe/src/app/dialogs/regenerate-critique/regenerate-critique.ts:17:78:
[37m      17 │ ...(() => !!(this.request()?.busy() || this.request()?.[32mreviewing[37m()));
         ╵                                                        [32m~~~~~~~~~[0m


[31mX [41;31m[[41;97mERROR[41;31m][0m [1mTS2591: Cannot find name 'domain'. Do you need to install type definitions for node? Try `npm i --save-dev @types/node` and then add 'node' to the types field in your tsconfig.[0m [1m[35m[plugin angular-compiler][0m

    projects/loupe/src/app/dialogs/replace-attempt/replace-attempt.ts:2:30:
[37m      2 │ import { AttemptPicker } from [32m'domain'[37m;
        ╵                               [32m~~~~~~~~[0m


[31mX [41;31m[[41;97mERROR[41;31m][0m [1mNG1010: 'imports' must be an array of components, directives, pipes, or NgModules.
  Value could not be determined statically.[0m [1m[35m[plugin angular-compiler][0m

    projects/loupe/src/app/dialogs/replace-attempt/replace-attempt.ts:6:12:
[37m      6 │   imports: [[32mAttemptPicker[37m],
        ╵             [32m~~~~~~~~~~~~~[0m

  Unknown reference.

    projects/loupe/src/app/dialogs/replace-attempt/replace-attempt.ts:6:12:
[37m      6 │   imports: [[32mAttemptPicker[37m],
        ╵             [32m~~~~~~~~~~~~~[0m


[31mX [41;31m[[41;97mERROR[41;31m][0m [1mTS2591: Cannot find name 'domain'. Do you need to install type definitions for node? Try `npm i --save-dev @types/node` and then add 'node' to the types field in your tsconfig.[0m [1m[35m[plugin angular-compiler][0m

    projects/loupe/src/app/pages/compare/compare-page.ts:3:49:
[37m      3 │ import { AttemptComparison, AttemptPicker } from [32m'domain'[37m;
        ╵                                                  [32m~~~~~~~~[0m


[31mX [41;31m[[41;97mERROR[41;31m][0m [1mNG1010: 'imports' must be an array of components, directives, pipes, or NgModules.
  Value could not be determined statically.[0m [1m[35m[plugin angular-compiler][0m

    projects/loupe/src/app/pages/compare/compare-page.ts:8:24:
[37m      8 │   imports: [RouterLink, [32mAttemptComparison[37m, AttemptPicker, ReplaceAt...
        ╵                         [32m~~~~~~~~~~~~~~~~~[0m

  Unknown reference.

    projects/loupe/src/app/pages/compare/compare-page.ts:8:24:
[37m      8 │   imports: [RouterLink, [32mAttemptComparison[37m, AttemptPicker, ReplaceAt...
        ╵                         [32m~~~~~~~~~~~~~~~~~[0m


[31mX [41;31m[[41;97mERROR[41;31m][0m [1mNG1010: 'imports' must be an array of components, directives, pipes, or NgModules.
  Value could not be determined statically.[0m [1m[35m[plugin angular-compiler][0m

    projects/loupe/src/app/pages/compare/compare-page.ts:8:43:
[37m      8 │ ...ts: [RouterLink, AttemptComparison, [32mAttemptPicker[37m, ReplaceAttempt],
        ╵                                        [32m~~~~~~~~~~~~~[0m

  Unknown reference.

    projects/loupe/src/app/pages/compare/compare-page.ts:8:43:
[37m      8 │ ...ts: [RouterLink, AttemptComparison, [32mAttemptPicker[37m, ReplaceAttempt],
        ╵                                        [32m~~~~~~~~~~~~~[0m


[31mX [41;31m[[41;97mERROR[41;31m][0m [1mTS2591: Cannot find name 'domain'. Do you need to install type definitions for node? Try `npm i --save-dev @types/node` and then add 'node' to the types field in your tsconfig.[0m [1m[35m[plugin angular-compiler][0m

    projects/loupe/src/app/pages/deletion/deletion-page.ts:3:31:
[37m      3 │ import { DeletionStatus } from [32m'domain'[37m;
        ╵                                [32m~~~~~~~~[0m


[31mX [41;31m[[41;97mERROR[41;31m][0m [1mNG1010: 'imports' must be an array of components, directives, pipes, or NgModules.
  Value could not be determined statically.[0m [1m[35m[plugin angular-compiler][0m

    projects/loupe/src/app/pages/deletion/deletion-page.ts:7:24:
[37m      7 │   imports: [RouterLink, [32mDeletionStatus[37m],
        ╵                         [32m~~~~~~~~~~~~~~[0m

  Unknown reference.

    projects/loupe/src/app/pages/deletion/deletion-page.ts:7:24:
[37m      7 │   imports: [RouterLink, [32mDeletionStatus[37m],
        ╵                         [32m~~~~~~~~~~~~~~[0m


[31mX [41;31m[[41;97mERROR[41;31m][0m [1mTS2591: Cannot find name 'domain'. Do you need to install type definitions for node? Try `npm i --save-dev @types/node` and then add 'node' to the types field in your tsconfig.[0m [1m[35m[plugin angular-compiler][0m

    projects/loupe/src/app/pages/inspiration/inspiration-page.ts:3:36:
[37m      3 │ import { ReferenceCollection } from [32m'domain'[37m;
        ╵                                     [32m~~~~~~~~[0m


[31mX [41;31m[[41;97mERROR[41;31m][0m [1mNG1010: 'imports' must be an array of components, directives, pipes, or NgModules.
  Value could not be determined statically.[0m [1m[35m[plugin angular-compiler][0m

    projects/loupe/src/app/pages/inspiration/inspiration-page.ts:6:12:
[37m      6 │   imports: [[32mReferenceCollection[37m, RouterLink],
        ╵             [32m~~~~~~~~~~~~~~~~~~~[0m

  Unknown reference.

    projects/loupe/src/app/pages/inspiration/inspiration-page.ts:6:12:
[37m      6 │   imports: [[32mReferenceCollection[37m, RouterLink],
        ╵             [32m~~~~~~~~~~~~~~~~~~~[0m


[31mX [41;31m[[41;97mERROR[41;31m][0m [1mTS2591: Cannot find name 'domain'. Do you need to install type definitions for node? Try `npm i --save-dev @types/node` and then add 'node' to the types field in your tsconfig.[0m [1m[35m[plugin angular-compiler][0m

    projects/loupe/src/app/pages/my-work/my-work.ts:2:37:
[37m      2 │ import { PhotographCollection } from [32m'domain'[37m;
        ╵                                      [32m~~~~~~~~[0m


[31mX [41;31m[[41;97mERROR[41;31m][0m [1mNG1010: 'imports' must be an array of components, directives, pipes, or NgModules.
  Value could not be determined statically.[0m [1m[35m[plugin angular-compiler][0m

    projects/loupe/src/app/pages/my-work/my-work.ts:7:12:
[37m      7 │   imports: [[32mPhotographCollection[37m, RouterLink],
        ╵             [32m~~~~~~~~~~~~~~~~~~~~[0m

  Unknown reference.

    projects/loupe/src/app/pages/my-work/my-work.ts:7:12:
[37m      7 │   imports: [[32mPhotographCollection[37m, RouterLink],
        ╵             [32m~~~~~~~~~~~~~~~~~~~~[0m


[31mX [41;31m[[41;97mERROR[41;31m][0m [1mTS2591: Cannot find name 'domain'. Do you need to install type definitions for node? Try `npm i --save-dev @types/node` and then add 'node' to the types field in your tsconfig.[0m [1m[35m[plugin angular-compiler][0m

    projects/loupe/src/app/pages/photograph-detail/photograph-detail-page.ts:4:33:
[37m      4 │ import { PhotographDetail } from [32m'domain'[37m;
        ╵                                  [32m~~~~~~~~[0m


[31mX [41;31m[[41;97mERROR[41;31m][0m [1mNG1010: 'imports' must be an array of components, directives, pipes, or NgModules.
  Value could not be determined statically.[0m [1m[35m[plugin angular-compiler][0m

    projects/loupe/src/app/pages/photograph-detail/photograph-detail-page.ts:11:24:
[37m      11 │   imports: [RouterLink, [32mPhotographDetail[37m, UnsavedChanges, DeletePh...
         ╵                         [32m~~~~~~~~~~~~~~~~[0m

  Unknown reference.

    projects/loupe/src/app/pages/photograph-detail/photograph-detail-page.ts:11:24:
[37m      11 │   imports: [RouterLink, [32mPhotographDetail[37m, UnsavedChanges, DeletePh...
         ╵                         [32m~~~~~~~~~~~~~~~~[0m


[31mX [41;31m[[41;97mERROR[41;31m][0m [1mTS2339: Property 'dirty' does not exist on type '{}'.[0m [1m[35m[plugin angular-compiler][0m

    projects/loupe/src/app/pages/photograph-detail/photograph-detail-page.ts:24:70:
[37m      24 │ ...uted(() => !this.deletion() && (this.detail()?.[32mdirty[37m() ?? false));
         ╵                                                   [32m~~~~~[0m


[31mX [41;31m[[41;97mERROR[41;31m][0m [1mTS2339: Property 'followCritique' does not exist on type '{}'.[0m [1m[35m[plugin angular-compiler][0m

    projects/loupe/src/app/pages/photograph-detail/photograph-detail-page.ts:29:19:
[37m      29 │     this.detail()?.[32mfollowCritique[37m(operation);
         ╵                    [32m~~~~~~~~~~~~~~[0m


[31mX [41;31m[[41;97mERROR[41;31m][0m [1mTS2339: Property 'photo' does not exist on type '{}'.[0m [1m[35m[plugin angular-compiler][0m

    projects/loupe/src/app/pages/photograph-detail/photograph-detail-page.ts:32:47:
[37m      32 │     if (photo.id === this.id()) this.detail()?.[32mphoto[37m.set(photo);
         ╵                                                [32m~~~~~[0m


[31mX [41;31m[[41;97mERROR[41;31m][0m [1mTS2591: Cannot find name 'domain'. Do you need to install type definitions for node? Try `npm i --save-dev @types/node` and then add 'node' to the types field in your tsconfig.[0m [1m[35m[plugin angular-compiler][0m

    projects/loupe/src/app/pages/photograph-upload/photograph-upload-page.ts:3:50:
[37m      3 │ import { PhotographUpload, RequestCritique } from [32m'domain'[37m;
        ╵                                                   [32m~~~~~~~~[0m


[31mX [41;31m[[41;97mERROR[41;31m][0m [1mNG1010: 'imports' must be an array of components, directives, pipes, or NgModules.
  Value could not be determined statically.[0m [1m[35m[plugin angular-compiler][0m

    projects/loupe/src/app/pages/photograph-upload/photograph-upload-page.ts:9:24:
[37m      9 │   imports: [RouterLink, [32mPhotographUpload[37m, UnsavedChanges, RequestCr...
        ╵                         [32m~~~~~~~~~~~~~~~~[0m

  Unknown reference.

    projects/loupe/src/app/pages/photograph-upload/photograph-upload-page.ts:9:24:
[37m      9 │   imports: [RouterLink, [32mPhotographUpload[37m, UnsavedChanges, RequestCr...
        ╵                         [32m~~~~~~~~~~~~~~~~[0m


[31mX [41;31m[[41;97mERROR[41;31m][0m [1mNG1010: 'imports' must be an array of components, directives, pipes, or NgModules.
  Value could not be determined statically.[0m [1m[35m[plugin angular-compiler][0m

    projects/loupe/src/app/pages/photograph-upload/photograph-upload-page.ts:9:58:
[37m      9 │ ...s: [RouterLink, PhotographUpload, UnsavedChanges, [32mRequestCritique[37m],
        ╵                                                      [32m~~~~~~~~~~~~~~~[0m

  Unknown reference.

    projects/loupe/src/app/pages/photograph-upload/photograph-upload-page.ts:9:58:
[37m      9 │ ...s: [RouterLink, PhotographUpload, UnsavedChanges, [32mRequestCritique[37m],
        ╵                                                      [32m~~~~~~~~~~~~~~~[0m


[31mX [41;31m[[41;97mERROR[41;31m][0m [1mTS2339: Property 'dirty' does not exist on type '{}'.[0m [1m[35m[plugin angular-compiler][0m

    projects/loupe/src/app/pages/photograph-upload/photograph-upload-page.ts:19:38:
[37m      19 │   readonly dirty = () => this.form()?.[32mdirty[37m() ?? false;
         ╵                                       [32m~~~~~[0m


[31mX [41;31m[[41;97mERROR[41;31m][0m [1mTS2339: Property 'dirty' does not exist on type '{}'.[0m [1m[35m[plugin angular-compiler][0m

    projects/loupe/src/app/pages/photograph-upload/photograph-upload-page.ts:21:47:
[37m      21 │     return this.dialog().canLeave(this.form()?.[32mdirty[37m() ?? false);
         ╵                                                [32m~~~~~[0m


[31mX [41;31m[[41;97mERROR[41;31m][0m [1mTS2339: Property 'requestCritique' does not exist on type '{}'.[0m [1m[35m[plugin angular-compiler][0m

    projects/loupe/src/app/pages/photograph-upload/photograph-upload-page.ts:24:21:
[37m      24 │     if (this.form()?.[32mrequestCritique[37m()) {
         ╵                      [32m~~~~~~~~~~~~~~~[0m


[31mX [41;31m[[41;97mERROR[41;31m][0m [1mTS2591: Cannot find name 'domain'. Do you need to install type definitions for node? Try `npm i --save-dev @types/node` and then add 'node' to the types field in your tsconfig.[0m [1m[35m[plugin angular-compiler][0m

    projects/loupe/src/app/pages/reference-detail/reference-detail-page.ts:4:37:
[37m      4 │ import { ReferenceDetailPanel } from [32m'domain'[37m;
        ╵                                      [32m~~~~~~~~[0m


[31mX [41;31m[[41;97mERROR[41;31m][0m [1mNG1010: 'imports' must be an array of components, directives, pipes, or NgModules.
  Value could not be determined statically.[0m [1m[35m[plugin angular-compiler][0m

    projects/loupe/src/app/pages/reference-detail/reference-detail-page.ts:7:24:
[37m      7 │   imports: [RouterLink, [32mReferenceDetailPanel[37m, UnsavedChanges],
        ╵                         [32m~~~~~~~~~~~~~~~~~~~~[0m

  Unknown reference.

    projects/loupe/src/app/pages/reference-detail/reference-detail-page.ts:7:24:
[37m      7 │   imports: [RouterLink, [32mReferenceDetailPanel[37m, UnsavedChanges],
        ╵                         [32m~~~~~~~~~~~~~~~~~~~~[0m


[31mX [41;31m[[41;97mERROR[41;31m][0m [1mTS2339: Property 'dirty' does not exist on type '{}'.[0m [1m[35m[plugin angular-compiler][0m

    projects/loupe/src/app/pages/reference-detail/reference-detail-page.ts:14:40:
[37m      14 │   readonly dirty = () => this.detail()?.[32mdirty[37m() ?? false;
         ╵                                         [32m~~~~~[0m


[31mX [41;31m[[41;97mERROR[41;31m][0m [1mTS2591: Cannot find name 'domain'. Do you need to install type definitions for node? Try `npm i --save-dev @types/node` and then add 'node' to the types field in your tsconfig.[0m [1m[35m[plugin angular-compiler][0m

    projects/loupe/src/app/pages/reference-link/reference-link-page.ts:3:35:
[37m      3 │ import { ReferenceLinkPanel } from [32m'domain'[37m;
        ╵                                    [32m~~~~~~~~[0m


[31mX [41;31m[[41;97mERROR[41;31m][0m [1mNG1010: 'imports' must be an array of components, directives, pipes, or NgModules.
  Value could not be determined statically.[0m [1m[35m[plugin angular-compiler][0m

    projects/loupe/src/app/pages/reference-link/reference-link-page.ts:9:24:
[37m      9 │   imports: [RouterLink, [32mReferenceLinkPanel[37m, UnsavedChanges],
        ╵                         [32m~~~~~~~~~~~~~~~~~~[0m

  Unknown reference.

    projects/loupe/src/app/pages/reference-link/reference-link-page.ts:9:24:
[37m      9 │   imports: [RouterLink, [32mReferenceLinkPanel[37m, UnsavedChanges],
        ╵                         [32m~~~~~~~~~~~~~~~~~~[0m


[31mX [41;31m[[41;97mERROR[41;31m][0m [1mTS2339: Property 'dirty' does not exist on type '{}'.[0m [1m[35m[plugin angular-compiler][0m

    projects/loupe/src/app/pages/reference-link/reference-link-page.ts:17:38:
[37m      17 │   readonly dirty = () => this.form()?.[32mdirty[37m() ?? false;
         ╵                                       [32m~~~~~[0m


[31mX [41;31m[[41;97mERROR[41;31m][0m [1mTS2591: Cannot find name 'domain'. Do you need to install type definitions for node? Try `npm i --save-dev @types/node` and then add 'node' to the types field in your tsconfig.[0m [1m[35m[plugin angular-compiler][0m

    projects/loupe/src/app/pages/reference-upload/reference-upload-page.ts:3:36:
[37m      3 │ import { ReferenceImagePanel } from [32m'domain'[37m;
        ╵                                     [32m~~~~~~~~[0m


[31mX [41;31m[[41;97mERROR[41;31m][0m [1mNG1010: 'imports' must be an array of components, directives, pipes, or NgModules.
  Value could not be determined statically.[0m [1m[35m[plugin angular-compiler][0m

    projects/loupe/src/app/pages/reference-upload/reference-upload-page.ts:9:24:
[37m      9 │   imports: [RouterLink, [32mReferenceImagePanel[37m, UnsavedChanges],
        ╵                         [32m~~~~~~~~~~~~~~~~~~~[0m

  Unknown reference.

    projects/loupe/src/app/pages/reference-upload/reference-upload-page.ts:9:24:
[37m      9 │   imports: [RouterLink, [32mReferenceImagePanel[37m, UnsavedChanges],
        ╵                         [32m~~~~~~~~~~~~~~~~~~~[0m


[31mX [41;31m[[41;97mERROR[41;31m][0m [1mTS2339: Property 'dirty' does not exist on type '{}'.[0m [1m[35m[plugin angular-compiler][0m

    projects/loupe/src/app/pages/reference-upload/reference-upload-page.ts:17:38:
[37m      17 │   readonly dirty = () => this.form()?.[32mdirty[37m() ?? false;
         ╵                                       [32m~~~~~[0m


❯ Changes detected. Rebuilding...
✔ Changes detected. Rebuilding...
Application bundle generation failed. [0.001 seconds] - 2026-09-08T20:53:28.077Z

[31mX [41;31m[[41;97mERROR[41;31m][0m [1mTS2591: Cannot find name 'domain'. Do you need to install type definitions for node? Try `npm i --save-dev @types/node` and then add 'node' to the types field in your tsconfig.[0m [1m[35m[plugin angular-compiler][0m

    projects/loupe/src/app/dialogs/regenerate-critique/regenerate-critique.ts:3:32:
[37m      3 │ import { RequestCritique } from [32m'domain'[37m;
        ╵                                 [32m~~~~~~~~[0m


[31mX [41;31m[[41;97mERROR[41;31m][0m [1mNG1010: 'imports' must be an array of components, directives, pipes, or NgModules.
  Value could not be determined statically.[0m [1m[35m[plugin angular-compiler][0m

    projects/loupe/src/app/dialogs/regenerate-critique/regenerate-critique.ts:7:12:
[37m      7 │   imports: [[32mRequestCritique[37m],
        ╵             [32m~~~~~~~~~~~~~~~[0m

  Unknown reference.

    projects/loupe/src/app/dialogs/regenerate-critique/regenerate-critique.ts:7:12:
[37m      7 │   imports: [[32mRequestCritique[37m],
        ╵             [32m~~~~~~~~~~~~~~~[0m


[31mX [41;31m[[41;97mERROR[41;31m][0m [1mTS2339: Property 'busy' does not exist on type '{}'.[0m [1m[35m[plugin angular-compiler][0m

    projects/loupe/src/app/dialogs/regenerate-critique/regenerate-critique.ts:17:52:
[37m      17 │ ...uted(() => !!(this.request()?.[32mbusy[37m() || this.request()?.reviewi...
         ╵                                  [32m~~~~[0m


[31mX [41;31m[[41;97mERROR[41;31m][0m [1mTS2339: Property 'reviewing' does not exist on type '{}'.[0m [1m[35m[plugin angular-compiler][0m

    projects/loupe/src/app/dialogs/regenerate-critique/regenerate-critique.ts:17:78:
[37m      17 │ ...(() => !!(this.request()?.busy() || this.request()?.[32mreviewing[37m()));
         ╵                                                        [32m~~~~~~~~~[0m


[31mX [41;31m[[41;97mERROR[41;31m][0m [1mTS2591: Cannot find name 'domain'. Do you need to install type definitions for node? Try `npm i --save-dev @types/node` and then add 'node' to the types field in your tsconfig.[0m [1m[35m[plugin angular-compiler][0m

    projects/loupe/src/app/dialogs/replace-attempt/replace-attempt.ts:2:30:
[37m      2 │ import { AttemptPicker } from [32m'domain'[37m;
        ╵                               [32m~~~~~~~~[0m


[31mX [41;31m[[41;97mERROR[41;31m][0m [1mNG1010: 'imports' must be an array of components, directives, pipes, or NgModules.
  Value could not be determined statically.[0m [1m[35m[plugin angular-compiler][0m

    projects/loupe/src/app/dialogs/replace-attempt/replace-attempt.ts:6:12:
[37m      6 │   imports: [[32mAttemptPicker[37m],
        ╵             [32m~~~~~~~~~~~~~[0m

  Unknown reference.

    projects/loupe/src/app/dialogs/replace-attempt/replace-attempt.ts:6:12:
[37m      6 │   imports: [[32mAttemptPicker[37m],
        ╵             [32m~~~~~~~~~~~~~[0m


[31mX [41;31m[[41;97mERROR[41;31m][0m [1mTS2591: Cannot find name 'domain'. Do you need to install type definitions for node? Try `npm i --save-dev @types/node` and then add 'node' to the types field in your tsconfig.[0m [1m[35m[plugin angular-compiler][0m

    projects/loupe/src/app/pages/compare/compare-page.ts:3:49:
[37m      3 │ import { AttemptComparison, AttemptPicker } from [32m'domain'[37m;
        ╵                                                  [32m~~~~~~~~[0m


[31mX [41;31m[[41;97mERROR[41;31m][0m [1mNG1010: 'imports' must be an array of components, directives, pipes, or NgModules.
  Value could not be determined statically.[0m [1m[35m[plugin angular-compiler][0m

    projects/loupe/src/app/pages/compare/compare-page.ts:8:24:
[37m      8 │   imports: [RouterLink, [32mAttemptComparison[37m, AttemptPicker, ReplaceAt...
        ╵                         [32m~~~~~~~~~~~~~~~~~[0m

  Unknown reference.

    projects/loupe/src/app/pages/compare/compare-page.ts:8:24:
[37m      8 │   imports: [RouterLink, [32mAttemptComparison[37m, AttemptPicker, ReplaceAt...
        ╵                         [32m~~~~~~~~~~~~~~~~~[0m


[31mX [41;31m[[41;97mERROR[41;31m][0m [1mNG1010: 'imports' must be an array of components, directives, pipes, or NgModules.
  Value could not be determined statically.[0m [1m[35m[plugin angular-compiler][0m

    projects/loupe/src/app/pages/compare/compare-page.ts:8:43:
[37m      8 │ ...ts: [RouterLink, AttemptComparison, [32mAttemptPicker[37m, ReplaceAttempt],
        ╵                                        [32m~~~~~~~~~~~~~[0m

  Unknown reference.

    projects/loupe/src/app/pages/compare/compare-page.ts:8:43:
[37m      8 │ ...ts: [RouterLink, AttemptComparison, [32mAttemptPicker[37m, ReplaceAttempt],
        ╵                                        [32m~~~~~~~~~~~~~[0m


[31mX [41;31m[[41;97mERROR[41;31m][0m [1mTS2591: Cannot find name 'domain'. Do you need to install type definitions for node? Try `npm i --save-dev @types/node` and then add 'node' to the types field in your tsconfig.[0m [1m[35m[plugin angular-compiler][0m

    projects/loupe/src/app/pages/deletion/deletion-page.ts:3:31:
[37m      3 │ import { DeletionStatus } from [32m'domain'[37m;
        ╵                                [32m~~~~~~~~[0m


[31mX [41;31m[[41;97mERROR[41;31m][0m [1mNG1010: 'imports' must be an array of components, directives, pipes, or NgModules.
  Value could not be determined statically.[0m [1m[35m[plugin angular-compiler][0m

    projects/loupe/src/app/pages/deletion/deletion-page.ts:7:24:
[37m      7 │   imports: [RouterLink, [32mDeletionStatus[37m],
        ╵                         [32m~~~~~~~~~~~~~~[0m

  Unknown reference.

    projects/loupe/src/app/pages/deletion/deletion-page.ts:7:24:
[37m      7 │   imports: [RouterLink, [32mDeletionStatus[37m],
        ╵                         [32m~~~~~~~~~~~~~~[0m


[31mX [41;31m[[41;97mERROR[41;31m][0m [1mTS2591: Cannot find name 'domain'. Do you need to install type definitions for node? Try `npm i --save-dev @types/node` and then add 'node' to the types field in your tsconfig.[0m [1m[35m[plugin angular-compiler][0m

    projects/loupe/src/app/pages/inspiration/inspiration-page.ts:3:36:
[37m      3 │ import { ReferenceCollection } from [32m'domain'[37m;
        ╵                                     [32m~~~~~~~~[0m


[31mX [41;31m[[41;97mERROR[41;31m][0m [1mNG1010: 'imports' must be an array of components, directives, pipes, or NgModules.
  Value could not be determined statically.[0m [1m[35m[plugin angular-compiler][0m

    projects/loupe/src/app/pages/inspiration/inspiration-page.ts:6:12:
[37m      6 │   imports: [[32mReferenceCollection[37m, RouterLink],
        ╵             [32m~~~~~~~~~~~~~~~~~~~[0m

  Unknown reference.

    projects/loupe/src/app/pages/inspiration/inspiration-page.ts:6:12:
[37m      6 │   imports: [[32mReferenceCollection[37m, RouterLink],
        ╵             [32m~~~~~~~~~~~~~~~~~~~[0m


[31mX [41;31m[[41;97mERROR[41;31m][0m [1mTS2591: Cannot find name 'domain'. Do you need to install type definitions for node? Try `npm i --save-dev @types/node` and then add 'node' to the types field in your tsconfig.[0m [1m[35m[plugin angular-compiler][0m

    projects/loupe/src/app/pages/my-work/my-work.ts:2:37:
[37m      2 │ import { PhotographCollection } from [32m'domain'[37m;
        ╵                                      [32m~~~~~~~~[0m


[31mX [41;31m[[41;97mERROR[41;31m][0m [1mNG1010: 'imports' must be an array of components, directives, pipes, or NgModules.
  Value could not be determined statically.[0m [1m[35m[plugin angular-compiler][0m

    projects/loupe/src/app/pages/my-work/my-work.ts:7:12:
[37m      7 │   imports: [[32mPhotographCollection[37m, RouterLink],
        ╵             [32m~~~~~~~~~~~~~~~~~~~~[0m

  Unknown reference.

    projects/loupe/src/app/pages/my-work/my-work.ts:7:12:
[37m      7 │   imports: [[32mPhotographCollection[37m, RouterLink],
        ╵             [32m~~~~~~~~~~~~~~~~~~~~[0m


[31mX [41;31m[[41;97mERROR[41;31m][0m [1mTS2591: Cannot find name 'domain'. Do you need to install type definitions for node? Try `npm i --save-dev @types/node` and then add 'node' to the types field in your tsconfig.[0m [1m[35m[plugin angular-compiler][0m

    projects/loupe/src/app/pages/photograph-detail/photograph-detail-page.ts:4:33:
[37m      4 │ import { PhotographDetail } from [32m'domain'[37m;
        ╵                                  [32m~~~~~~~~[0m


[31mX [41;31m[[41;97mERROR[41;31m][0m [1mNG1010: 'imports' must be an array of components, directives, pipes, or NgModules.
  Value could not be determined statically.[0m [1m[35m[plugin angular-compiler][0m

    projects/loupe/src/app/pages/photograph-detail/photograph-detail-page.ts:11:24:
[37m      11 │   imports: [RouterLink, [32mPhotographDetail[37m, UnsavedChanges, DeletePh...
         ╵                         [32m~~~~~~~~~~~~~~~~[0m

  Unknown reference.

    projects/loupe/src/app/pages/photograph-detail/photograph-detail-page.ts:11:24:
[37m      11 │   imports: [RouterLink, [32mPhotographDetail[37m, UnsavedChanges, DeletePh...
         ╵                         [32m~~~~~~~~~~~~~~~~[0m


[31mX [41;31m[[41;97mERROR[41;31m][0m [1mTS2339: Property 'dirty' does not exist on type '{}'.[0m [1m[35m[plugin angular-compiler][0m

    projects/loupe/src/app/pages/photograph-detail/photograph-detail-page.ts:24:70:
[37m      24 │ ...uted(() => !this.deletion() && (this.detail()?.[32mdirty[37m() ?? false));
         ╵                                                   [32m~~~~~[0m


[31mX [41;31m[[41;97mERROR[41;31m][0m [1mTS2339: Property 'followCritique' does not exist on type '{}'.[0m [1m[35m[plugin angular-compiler][0m

    projects/loupe/src/app/pages/photograph-detail/photograph-detail-page.ts:29:19:
[37m      29 │     this.detail()?.[32mfollowCritique[37m(operation);
         ╵                    [32m~~~~~~~~~~~~~~[0m


[31mX [41;31m[[41;97mERROR[41;31m][0m [1mTS2339: Property 'photo' does not exist on type '{}'.[0m [1m[35m[plugin angular-compiler][0m

    projects/loupe/src/app/pages/photograph-detail/photograph-detail-page.ts:32:47:
[37m      32 │     if (photo.id === this.id()) this.detail()?.[32mphoto[37m.set(photo);
         ╵                                                [32m~~~~~[0m


[31mX [41;31m[[41;97mERROR[41;31m][0m [1mTS2591: Cannot find name 'domain'. Do you need to install type definitions for node? Try `npm i --save-dev @types/node` and then add 'node' to the types field in your tsconfig.[0m [1m[35m[plugin angular-compiler][0m

    projects/loupe/src/app/pages/photograph-upload/photograph-upload-page.ts:3:50:
[37m      3 │ import { PhotographUpload, RequestCritique } from [32m'domain'[37m;
        ╵                                                   [32m~~~~~~~~[0m


[31mX [41;31m[[41;97mERROR[41;31m][0m [1mNG1010: 'imports' must be an array of components, directives, pipes, or NgModules.
  Value could not be determined statically.[0m [1m[35m[plugin angular-compiler][0m

    projects/loupe/src/app/pages/photograph-upload/photograph-upload-page.ts:9:24:
[37m      9 │   imports: [RouterLink, [32mPhotographUpload[37m, UnsavedChanges, RequestCr...
        ╵                         [32m~~~~~~~~~~~~~~~~[0m

  Unknown reference.

    projects/loupe/src/app/pages/photograph-upload/photograph-upload-page.ts:9:24:
[37m      9 │   imports: [RouterLink, [32mPhotographUpload[37m, UnsavedChanges, RequestCr...
        ╵                         [32m~~~~~~~~~~~~~~~~[0m


[31mX [41;31m[[41;97mERROR[41;31m][0m [1mNG1010: 'imports' must be an array of components, directives, pipes, or NgModules.
  Value could not be determined statically.[0m [1m[35m[plugin angular-compiler][0m

    projects/loupe/src/app/pages/photograph-upload/photograph-upload-page.ts:9:58:
[37m      9 │ ...s: [RouterLink, PhotographUpload, UnsavedChanges, [32mRequestCritique[37m],
        ╵                                                      [32m~~~~~~~~~~~~~~~[0m

  Unknown reference.

    projects/loupe/src/app/pages/photograph-upload/photograph-upload-page.ts:9:58:
[37m      9 │ ...s: [RouterLink, PhotographUpload, UnsavedChanges, [32mRequestCritique[37m],
        ╵                                                      [32m~~~~~~~~~~~~~~~[0m


[31mX [41;31m[[41;97mERROR[41;31m][0m [1mTS2339: Property 'dirty' does not exist on type '{}'.[0m [1m[35m[plugin angular-compiler][0m

    projects/loupe/src/app/pages/photograph-upload/photograph-upload-page.ts:19:38:
[37m      19 │   readonly dirty = () => this.form()?.[32mdirty[37m() ?? false;
         ╵                                       [32m~~~~~[0m


[31mX [41;31m[[41;97mERROR[41;31m][0m [1mTS2339: Property 'dirty' does not exist on type '{}'.[0m [1m[35m[plugin angular-compiler][0m

    projects/loupe/src/app/pages/photograph-upload/photograph-upload-page.ts:21:47:
[37m      21 │     return this.dialog().canLeave(this.form()?.[32mdirty[37m() ?? false);
         ╵                                                [32m~~~~~[0m


[31mX [41;31m[[41;97mERROR[41;31m][0m [1mTS2339: Property 'requestCritique' does not exist on type '{}'.[0m [1m[35m[plugin angular-compiler][0m

    projects/loupe/src/app/pages/photograph-upload/photograph-upload-page.ts:24:21:
[37m      24 │     if (this.form()?.[32mrequestCritique[37m()) {
         ╵                      [32m~~~~~~~~~~~~~~~[0m


[31mX [41;31m[[41;97mERROR[41;31m][0m [1mTS2591: Cannot find name 'domain'. Do you need to install type definitions for node? Try `npm i --save-dev @types/node` and then add 'node' to the types field in your tsconfig.[0m [1m[35m[plugin angular-compiler][0m

    projects/loupe/src/app/pages/reference-detail/reference-detail-page.ts:4:37:
[37m      4 │ import { ReferenceDetailPanel } from [32m'domain'[37m;
        ╵                                      [32m~~~~~~~~[0m


[31mX [41;31m[[41;97mERROR[41;31m][0m [1mNG1010: 'imports' must be an array of components, directives, pipes, or NgModules.
  Value could not be determined statically.[0m [1m[35m[plugin angular-compiler][0m

    projects/loupe/src/app/pages/reference-detail/reference-detail-page.ts:7:24:
[37m      7 │   imports: [RouterLink, [32mReferenceDetailPanel[37m, UnsavedChanges],
        ╵                         [32m~~~~~~~~~~~~~~~~~~~~[0m

  Unknown reference.

    projects/loupe/src/app/pages/reference-detail/reference-detail-page.ts:7:24:
[37m      7 │   imports: [RouterLink, [32mReferenceDetailPanel[37m, UnsavedChanges],
        ╵                         [32m~~~~~~~~~~~~~~~~~~~~[0m


[31mX [41;31m[[41;97mERROR[41;31m][0m [1mTS2339: Property 'dirty' does not exist on type '{}'.[0m [1m[35m[plugin angular-compiler][0m

    projects/loupe/src/app/pages/reference-detail/reference-detail-page.ts:14:40:
[37m      14 │   readonly dirty = () => this.detail()?.[32mdirty[37m() ?? false;
         ╵                                         [32m~~~~~[0m


[31mX [41;31m[[41;97mERROR[41;31m][0m [1mTS2591: Cannot find name 'domain'. Do you need to install type definitions for node? Try `npm i --save-dev @types/node` and then add 'node' to the types field in your tsconfig.[0m [1m[35m[plugin angular-compiler][0m

    projects/loupe/src/app/pages/reference-link/reference-link-page.ts:3:35:
[37m      3 │ import { ReferenceLinkPanel } from [32m'domain'[37m;
        ╵                                    [32m~~~~~~~~[0m


[31mX [41;31m[[41;97mERROR[41;31m][0m [1mNG1010: 'imports' must be an array of components, directives, pipes, or NgModules.
  Value could not be determined statically.[0m [1m[35m[plugin angular-compiler][0m

    projects/loupe/src/app/pages/reference-link/reference-link-page.ts:9:24:
[37m      9 │   imports: [RouterLink, [32mReferenceLinkPanel[37m, UnsavedChanges],
        ╵                         [32m~~~~~~~~~~~~~~~~~~[0m

  Unknown reference.

    projects/loupe/src/app/pages/reference-link/reference-link-page.ts:9:24:
[37m      9 │   imports: [RouterLink, [32mReferenceLinkPanel[37m, UnsavedChanges],
        ╵                         [32m~~~~~~~~~~~~~~~~~~[0m


[31mX [41;31m[[41;97mERROR[41;31m][0m [1mTS2339: Property 'dirty' does not exist on type '{}'.[0m [1m[35m[plugin angular-compiler][0m

    projects/loupe/src/app/pages/reference-link/reference-link-page.ts:17:38:
[37m      17 │   readonly dirty = () => this.form()?.[32mdirty[37m() ?? false;
         ╵                                       [32m~~~~~[0m


[31mX [41;31m[[41;97mERROR[41;31m][0m [1mTS2591: Cannot find name 'domain'. Do you need to install type definitions for node? Try `npm i --save-dev @types/node` and then add 'node' to the types field in your tsconfig.[0m [1m[35m[plugin angular-compiler][0m

    projects/loupe/src/app/pages/reference-upload/reference-upload-page.ts:3:36:
[37m      3 │ import { ReferenceImagePanel } from [32m'domain'[37m;
        ╵                                     [32m~~~~~~~~[0m


[31mX [41;31m[[41;97mERROR[41;31m][0m [1mNG1010: 'imports' must be an array of components, directives, pipes, or NgModules.
  Value could not be determined statically.[0m [1m[35m[plugin angular-compiler][0m

    projects/loupe/src/app/pages/reference-upload/reference-upload-page.ts:9:24:
[37m      9 │   imports: [RouterLink, [32mReferenceImagePanel[37m, UnsavedChanges],
        ╵                         [32m~~~~~~~~~~~~~~~~~~~[0m

  Unknown reference.

    projects/loupe/src/app/pages/reference-upload/reference-upload-page.ts:9:24:
[37m      9 │   imports: [RouterLink, [32mReferenceImagePanel[37m, UnsavedChanges],
        ╵                         [32m~~~~~~~~~~~~~~~~~~~[0m


[31mX [41;31m[[41;97mERROR[41;31m][0m [1mTS2339: Property 'dirty' does not exist on type '{}'.[0m [1m[35m[plugin angular-compiler][0m

    projects/loupe/src/app/pages/reference-upload/reference-upload-page.ts:17:38:
[37m      17 │   readonly dirty = () => this.form()?.[32mdirty[37m() ?? false;
         ╵                                       [32m~~~~~[0m


❯ Changes detected. Rebuilding...
✔ Changes detected. Rebuilding...
Application bundle generation failed. [0.002 seconds] - 2026-09-08T21:02:13.816Z

[31mX [41;31m[[41;97mERROR[41;31m][0m [1mTS2591: Cannot find name 'domain'. Do you need to install type definitions for node? Try `npm i --save-dev @types/node` and then add 'node' to the types field in your tsconfig.[0m [1m[35m[plugin angular-compiler][0m

    projects/loupe/src/app/dialogs/regenerate-critique/regenerate-critique.ts:3:32:
[37m      3 │ import { RequestCritique } from [32m'domain'[37m;
        ╵                                 [32m~~~~~~~~[0m


[31mX [41;31m[[41;97mERROR[41;31m][0m [1mNG1010: 'imports' must be an array of components, directives, pipes, or NgModules.
  Value could not be determined statically.[0m [1m[35m[plugin angular-compiler][0m

    projects/loupe/src/app/dialogs/regenerate-critique/regenerate-critique.ts:7:12:
[37m      7 │   imports: [[32mRequestCritique[37m],
        ╵             [32m~~~~~~~~~~~~~~~[0m

  Unknown reference.

    projects/loupe/src/app/dialogs/regenerate-critique/regenerate-critique.ts:7:12:
[37m      7 │   imports: [[32mRequestCritique[37m],
        ╵             [32m~~~~~~~~~~~~~~~[0m


[31mX [41;31m[[41;97mERROR[41;31m][0m [1mTS2339: Property 'busy' does not exist on type '{}'.[0m [1m[35m[plugin angular-compiler][0m

    projects/loupe/src/app/dialogs/regenerate-critique/regenerate-critique.ts:17:52:
[37m      17 │ ...uted(() => !!(this.request()?.[32mbusy[37m() || this.request()?.reviewi...
         ╵                                  [32m~~~~[0m


[31mX [41;31m[[41;97mERROR[41;31m][0m [1mTS2339: Property 'reviewing' does not exist on type '{}'.[0m [1m[35m[plugin angular-compiler][0m

    projects/loupe/src/app/dialogs/regenerate-critique/regenerate-critique.ts:17:78:
[37m      17 │ ...(() => !!(this.request()?.busy() || this.request()?.[32mreviewing[37m()));
         ╵                                                        [32m~~~~~~~~~[0m


[31mX [41;31m[[41;97mERROR[41;31m][0m [1mTS2591: Cannot find name 'domain'. Do you need to install type definitions for node? Try `npm i --save-dev @types/node` and then add 'node' to the types field in your tsconfig.[0m [1m[35m[plugin angular-compiler][0m

    projects/loupe/src/app/dialogs/replace-attempt/replace-attempt.ts:2:30:
[37m      2 │ import { AttemptPicker } from [32m'domain'[37m;
        ╵                               [32m~~~~~~~~[0m


[31mX [41;31m[[41;97mERROR[41;31m][0m [1mNG1010: 'imports' must be an array of components, directives, pipes, or NgModules.
  Value could not be determined statically.[0m [1m[35m[plugin angular-compiler][0m

    projects/loupe/src/app/dialogs/replace-attempt/replace-attempt.ts:6:12:
[37m      6 │   imports: [[32mAttemptPicker[37m],
        ╵             [32m~~~~~~~~~~~~~[0m

  Unknown reference.

    projects/loupe/src/app/dialogs/replace-attempt/replace-attempt.ts:6:12:
[37m      6 │   imports: [[32mAttemptPicker[37m],
        ╵             [32m~~~~~~~~~~~~~[0m


[31mX [41;31m[[41;97mERROR[41;31m][0m [1mTS2591: Cannot find name 'domain'. Do you need to install type definitions for node? Try `npm i --save-dev @types/node` and then add 'node' to the types field in your tsconfig.[0m [1m[35m[plugin angular-compiler][0m

    projects/loupe/src/app/pages/compare/compare-page.ts:3:49:
[37m      3 │ import { AttemptComparison, AttemptPicker } from [32m'domain'[37m;
        ╵                                                  [32m~~~~~~~~[0m


[31mX [41;31m[[41;97mERROR[41;31m][0m [1mNG1010: 'imports' must be an array of components, directives, pipes, or NgModules.
  Value could not be determined statically.[0m [1m[35m[plugin angular-compiler][0m

    projects/loupe/src/app/pages/compare/compare-page.ts:8:24:
[37m      8 │   imports: [RouterLink, [32mAttemptComparison[37m, AttemptPicker, ReplaceAt...
        ╵                         [32m~~~~~~~~~~~~~~~~~[0m

  Unknown reference.

    projects/loupe/src/app/pages/compare/compare-page.ts:8:24:
[37m      8 │   imports: [RouterLink, [32mAttemptComparison[37m, AttemptPicker, ReplaceAt...
        ╵                         [32m~~~~~~~~~~~~~~~~~[0m


[31mX [41;31m[[41;97mERROR[41;31m][0m [1mNG1010: 'imports' must be an array of components, directives, pipes, or NgModules.
  Value could not be determined statically.[0m [1m[35m[plugin angular-compiler][0m

    projects/loupe/src/app/pages/compare/compare-page.ts:8:43:
[37m      8 │ ...ts: [RouterLink, AttemptComparison, [32mAttemptPicker[37m, ReplaceAttempt],
        ╵                                        [32m~~~~~~~~~~~~~[0m

  Unknown reference.

    projects/loupe/src/app/pages/compare/compare-page.ts:8:43:
[37m      8 │ ...ts: [RouterLink, AttemptComparison, [32mAttemptPicker[37m, ReplaceAttempt],
        ╵                                        [32m~~~~~~~~~~~~~[0m


[31mX [41;31m[[41;97mERROR[41;31m][0m [1mTS2591: Cannot find name 'domain'. Do you need to install type definitions for node? Try `npm i --save-dev @types/node` and then add 'node' to the types field in your tsconfig.[0m [1m[35m[plugin angular-compiler][0m

    projects/loupe/src/app/pages/deletion/deletion-page.ts:3:31:
[37m      3 │ import { DeletionStatus } from [32m'domain'[37m;
        ╵                                [32m~~~~~~~~[0m


[31mX [41;31m[[41;97mERROR[41;31m][0m [1mNG1010: 'imports' must be an array of components, directives, pipes, or NgModules.
  Value could not be determined statically.[0m [1m[35m[plugin angular-compiler][0m

    projects/loupe/src/app/pages/deletion/deletion-page.ts:7:24:
[37m      7 │   imports: [RouterLink, [32mDeletionStatus[37m],
        ╵                         [32m~~~~~~~~~~~~~~[0m

  Unknown reference.

    projects/loupe/src/app/pages/deletion/deletion-page.ts:7:24:
[37m      7 │   imports: [RouterLink, [32mDeletionStatus[37m],
        ╵                         [32m~~~~~~~~~~~~~~[0m


[31mX [41;31m[[41;97mERROR[41;31m][0m [1mTS2591: Cannot find name 'domain'. Do you need to install type definitions for node? Try `npm i --save-dev @types/node` and then add 'node' to the types field in your tsconfig.[0m [1m[35m[plugin angular-compiler][0m

    projects/loupe/src/app/pages/inspiration/inspiration-page.ts:3:36:
[37m      3 │ import { ReferenceCollection } from [32m'domain'[37m;
        ╵                                     [32m~~~~~~~~[0m


[31mX [41;31m[[41;97mERROR[41;31m][0m [1mNG1010: 'imports' must be an array of components, directives, pipes, or NgModules.
  Value could not be determined statically.[0m [1m[35m[plugin angular-compiler][0m

    projects/loupe/src/app/pages/inspiration/inspiration-page.ts:6:12:
[37m      6 │   imports: [[32mReferenceCollection[37m, RouterLink],
        ╵             [32m~~~~~~~~~~~~~~~~~~~[0m

  Unknown reference.

    projects/loupe/src/app/pages/inspiration/inspiration-page.ts:6:12:
[37m      6 │   imports: [[32mReferenceCollection[37m, RouterLink],
        ╵             [32m~~~~~~~~~~~~~~~~~~~[0m


[31mX [41;31m[[41;97mERROR[41;31m][0m [1mTS2591: Cannot find name 'domain'. Do you need to install type definitions for node? Try `npm i --save-dev @types/node` and then add 'node' to the types field in your tsconfig.[0m [1m[35m[plugin angular-compiler][0m

    projects/loupe/src/app/pages/my-work/my-work.ts:2:37:
[37m      2 │ import { PhotographCollection } from [32m'domain'[37m;
        ╵                                      [32m~~~~~~~~[0m


[31mX [41;31m[[41;97mERROR[41;31m][0m [1mNG1010: 'imports' must be an array of components, directives, pipes, or NgModules.
  Value could not be determined statically.[0m [1m[35m[plugin angular-compiler][0m

    projects/loupe/src/app/pages/my-work/my-work.ts:7:12:
[37m      7 │   imports: [[32mPhotographCollection[37m, RouterLink],
        ╵             [32m~~~~~~~~~~~~~~~~~~~~[0m

  Unknown reference.

    projects/loupe/src/app/pages/my-work/my-work.ts:7:12:
[37m      7 │   imports: [[32mPhotographCollection[37m, RouterLink],
        ╵             [32m~~~~~~~~~~~~~~~~~~~~[0m


[31mX [41;31m[[41;97mERROR[41;31m][0m [1mTS2591: Cannot find name 'domain'. Do you need to install type definitions for node? Try `npm i --save-dev @types/node` and then add 'node' to the types field in your tsconfig.[0m [1m[35m[plugin angular-compiler][0m

    projects/loupe/src/app/pages/photograph-detail/photograph-detail-page.ts:4:33:
[37m      4 │ import { PhotographDetail } from [32m'domain'[37m;
        ╵                                  [32m~~~~~~~~[0m


[31mX [41;31m[[41;97mERROR[41;31m][0m [1mNG1010: 'imports' must be an array of components, directives, pipes, or NgModules.
  Value could not be determined statically.[0m [1m[35m[plugin angular-compiler][0m

    projects/loupe/src/app/pages/photograph-detail/photograph-detail-page.ts:11:24:
[37m      11 │   imports: [RouterLink, [32mPhotographDetail[37m, UnsavedChanges, DeletePh...
         ╵                         [32m~~~~~~~~~~~~~~~~[0m

  Unknown reference.

    projects/loupe/src/app/pages/photograph-detail/photograph-detail-page.ts:11:24:
[37m      11 │   imports: [RouterLink, [32mPhotographDetail[37m, UnsavedChanges, DeletePh...
         ╵                         [32m~~~~~~~~~~~~~~~~[0m


[31mX [41;31m[[41;97mERROR[41;31m][0m [1mTS2339: Property 'dirty' does not exist on type '{}'.[0m [1m[35m[plugin angular-compiler][0m

    projects/loupe/src/app/pages/photograph-detail/photograph-detail-page.ts:24:70:
[37m      24 │ ...uted(() => !this.deletion() && (this.detail()?.[32mdirty[37m() ?? false));
         ╵                                                   [32m~~~~~[0m


[31mX [41;31m[[41;97mERROR[41;31m][0m [1mTS2339: Property 'followCritique' does not exist on type '{}'.[0m [1m[35m[plugin angular-compiler][0m

    projects/loupe/src/app/pages/photograph-detail/photograph-detail-page.ts:29:19:
[37m      29 │     this.detail()?.[32mfollowCritique[37m(operation);
         ╵                    [32m~~~~~~~~~~~~~~[0m


[31mX [41;31m[[41;97mERROR[41;31m][0m [1mTS2339: Property 'photo' does not exist on type '{}'.[0m [1m[35m[plugin angular-compiler][0m

    projects/loupe/src/app/pages/photograph-detail/photograph-detail-page.ts:32:47:
[37m      32 │     if (photo.id === this.id()) this.detail()?.[32mphoto[37m.set(photo);
         ╵                                                [32m~~~~~[0m


[31mX [41;31m[[41;97mERROR[41;31m][0m [1mTS2591: Cannot find name 'domain'. Do you need to install type definitions for node? Try `npm i --save-dev @types/node` and then add 'node' to the types field in your tsconfig.[0m [1m[35m[plugin angular-compiler][0m

    projects/loupe/src/app/pages/photograph-upload/photograph-upload-page.ts:3:50:
[37m      3 │ import { PhotographUpload, RequestCritique } from [32m'domain'[37m;
        ╵                                                   [32m~~~~~~~~[0m


[31mX [41;31m[[41;97mERROR[41;31m][0m [1mNG1010: 'imports' must be an array of components, directives, pipes, or NgModules.
  Value could not be determined statically.[0m [1m[35m[plugin angular-compiler][0m

    projects/loupe/src/app/pages/photograph-upload/photograph-upload-page.ts:9:24:
[37m      9 │   imports: [RouterLink, [32mPhotographUpload[37m, UnsavedChanges, RequestCr...
        ╵                         [32m~~~~~~~~~~~~~~~~[0m

  Unknown reference.

    projects/loupe/src/app/pages/photograph-upload/photograph-upload-page.ts:9:24:
[37m      9 │   imports: [RouterLink, [32mPhotographUpload[37m, UnsavedChanges, RequestCr...
        ╵                         [32m~~~~~~~~~~~~~~~~[0m


[31mX [41;31m[[41;97mERROR[41;31m][0m [1mNG1010: 'imports' must be an array of components, directives, pipes, or NgModules.
  Value could not be determined statically.[0m [1m[35m[plugin angular-compiler][0m

    projects/loupe/src/app/pages/photograph-upload/photograph-upload-page.ts:9:58:
[37m      9 │ ...s: [RouterLink, PhotographUpload, UnsavedChanges, [32mRequestCritique[37m],
        ╵                                                      [32m~~~~~~~~~~~~~~~[0m

  Unknown reference.

    projects/loupe/src/app/pages/photograph-upload/photograph-upload-page.ts:9:58:
[37m      9 │ ...s: [RouterLink, PhotographUpload, UnsavedChanges, [32mRequestCritique[37m],
        ╵                                                      [32m~~~~~~~~~~~~~~~[0m


[31mX [41;31m[[41;97mERROR[41;31m][0m [1mTS2339: Property 'dirty' does not exist on type '{}'.[0m [1m[35m[plugin angular-compiler][0m

    projects/loupe/src/app/pages/photograph-upload/photograph-upload-page.ts:19:38:
[37m      19 │   readonly dirty = () => this.form()?.[32mdirty[37m() ?? false;
         ╵                                       [32m~~~~~[0m


[31mX [41;31m[[41;97mERROR[41;31m][0m [1mTS2339: Property 'dirty' does not exist on type '{}'.[0m [1m[35m[plugin angular-compiler][0m

    projects/loupe/src/app/pages/photograph-upload/photograph-upload-page.ts:21:47:
[37m      21 │     return this.dialog().canLeave(this.form()?.[32mdirty[37m() ?? false);
         ╵                                                [32m~~~~~[0m


[31mX [41;31m[[41;97mERROR[41;31m][0m [1mTS2339: Property 'requestCritique' does not exist on type '{}'.[0m [1m[35m[plugin angular-compiler][0m

    projects/loupe/src/app/pages/photograph-upload/photograph-upload-page.ts:24:21:
[37m      24 │     if (this.form()?.[32mrequestCritique[37m()) {
         ╵                      [32m~~~~~~~~~~~~~~~[0m


[31mX [41;31m[[41;97mERROR[41;31m][0m [1mTS2591: Cannot find name 'domain'. Do you need to install type definitions for node? Try `npm i --save-dev @types/node` and then add 'node' to the types field in your tsconfig.[0m [1m[35m[plugin angular-compiler][0m

    projects/loupe/src/app/pages/reference-detail/reference-detail-page.ts:4:37:
[37m      4 │ import { ReferenceDetailPanel } from [32m'domain'[37m;
        ╵                                      [32m~~~~~~~~[0m


[31mX [41;31m[[41;97mERROR[41;31m][0m [1mNG1010: 'imports' must be an array of components, directives, pipes, or NgModules.
  Value could not be determined statically.[0m [1m[35m[plugin angular-compiler][0m

    projects/loupe/src/app/pages/reference-detail/reference-detail-page.ts:7:24:
[37m      7 │   imports: [RouterLink, [32mReferenceDetailPanel[37m, UnsavedChanges],
        ╵                         [32m~~~~~~~~~~~~~~~~~~~~[0m

  Unknown reference.

    projects/loupe/src/app/pages/reference-detail/reference-detail-page.ts:7:24:
[37m      7 │   imports: [RouterLink, [32mReferenceDetailPanel[37m, UnsavedChanges],
        ╵                         [32m~~~~~~~~~~~~~~~~~~~~[0m


[31mX [41;31m[[41;97mERROR[41;31m][0m [1mTS2339: Property 'dirty' does not exist on type '{}'.[0m [1m[35m[plugin angular-compiler][0m

    projects/loupe/src/app/pages/reference-detail/reference-detail-page.ts:14:40:
[37m      14 │   readonly dirty = () => this.detail()?.[32mdirty[37m() ?? false;
         ╵                                         [32m~~~~~[0m


[31mX [41;31m[[41;97mERROR[41;31m][0m [1mTS2591: Cannot find name 'domain'. Do you need to install type definitions for node? Try `npm i --save-dev @types/node` and then add 'node' to the types field in your tsconfig.[0m [1m[35m[plugin angular-compiler][0m

    projects/loupe/src/app/pages/reference-link/reference-link-page.ts:3:35:
[37m      3 │ import { ReferenceLinkPanel } from [32m'domain'[37m;
        ╵                                    [32m~~~~~~~~[0m


[31mX [41;31m[[41;97mERROR[41;31m][0m [1mNG1010: 'imports' must be an array of components, directives, pipes, or NgModules.
  Value could not be determined statically.[0m [1m[35m[plugin angular-compiler][0m

    projects/loupe/src/app/pages/reference-link/reference-link-page.ts:9:24:
[37m      9 │   imports: [RouterLink, [32mReferenceLinkPanel[37m, UnsavedChanges],
        ╵                         [32m~~~~~~~~~~~~~~~~~~[0m

  Unknown reference.

    projects/loupe/src/app/pages/reference-link/reference-link-page.ts:9:24:
[37m      9 │   imports: [RouterLink, [32mReferenceLinkPanel[37m, UnsavedChanges],
        ╵                         [32m~~~~~~~~~~~~~~~~~~[0m


[31mX [41;31m[[41;97mERROR[41;31m][0m [1mTS2339: Property 'dirty' does not exist on type '{}'.[0m [1m[35m[plugin angular-compiler][0m

    projects/loupe/src/app/pages/reference-link/reference-link-page.ts:17:38:
[37m      17 │   readonly dirty = () => this.form()?.[32mdirty[37m() ?? false;
         ╵                                       [32m~~~~~[0m


[31mX [41;31m[[41;97mERROR[41;31m][0m [1mTS2591: Cannot find name 'domain'. Do you need to install type definitions for node? Try `npm i --save-dev @types/node` and then add 'node' to the types field in your tsconfig.[0m [1m[35m[plugin angular-compiler][0m

    projects/loupe/src/app/pages/reference-upload/reference-upload-page.ts:3:36:
[37m      3 │ import { ReferenceImagePanel } from [32m'domain'[37m;
        ╵                                     [32m~~~~~~~~[0m


[31mX [41;31m[[41;97mERROR[41;31m][0m [1mNG1010: 'imports' must be an array of components, directives, pipes, or NgModules.
  Value could not be determined statically.[0m [1m[35m[plugin angular-compiler][0m

    projects/loupe/src/app/pages/reference-upload/reference-upload-page.ts:9:24:
[37m      9 │   imports: [RouterLink, [32mReferenceImagePanel[37m, UnsavedChanges],
        ╵                         [32m~~~~~~~~~~~~~~~~~~~[0m

  Unknown reference.

    projects/loupe/src/app/pages/reference-upload/reference-upload-page.ts:9:24:
[37m      9 │   imports: [RouterLink, [32mReferenceImagePanel[37m, UnsavedChanges],
        ╵                         [32m~~~~~~~~~~~~~~~~~~~[0m


[31mX [41;31m[[41;97mERROR[41;31m][0m [1mTS2339: Property 'dirty' does not exist on type '{}'.[0m [1m[35m[plugin angular-compiler][0m

    projects/loupe/src/app/pages/reference-upload/reference-upload-page.ts:17:38:
[37m      17 │   readonly dirty = () => this.form()?.[32mdirty[37m() ?? false;
         ╵                                       [32m~~~~~[0m


❯ Changes detected. Rebuilding...
✔ Changes detected. Rebuilding...
Application bundle generation failed. [1.428 seconds] - 2026-09-08T21:02:17.988Z

[31mX [41;31m[[41;97mERROR[41;31m][0m [1mTS2571: Object is of type 'unknown'.[0m [1m[35m[plugin angular-compiler][0m

    projects/loupe/src/app/app.html:2:13:
[37m      2 │ @if (session.[32mcurrent[37m(); as user) {
        ╵              [32m~~~~~~~[0m

  Error occurs in the template of component App.

    projects/loupe/src/app/app.ts:10:15:
[37m      10 │   templateUrl: [32m'./app.html'[37m,
         ╵                [32m~~~~~~~~~~~~[0m


[31mX [41;31m[[41;97mERROR[41;31m][0m [1mTS2571: Object is of type 'unknown'.[0m [1m[35m[plugin angular-compiler][0m

    projects/loupe/src/app/app.html:2:13:
[37m      2 │ @if (session.[32mcurrent[37m(); as user) {
        ╵              [32m~~~~~~~[0m

  Error occurs in the template of component App.

    projects/loupe/src/app/app.ts:10:15:
[37m      10 │   templateUrl: [32m'./app.html'[37m,
         ╵                [32m~~~~~~~~~~~~[0m


[31mX [41;31m[[41;97mERROR[41;31m][0m [1mTS2307: Cannot find module 'api' or its corresponding type declarations.[0m [1m[35m[plugin angular-compiler][0m

    projects/loupe/src/app/app.providers.ts:1:65:
[37m      1 │ ...rt { REFERENCE_IMPORT_SERVICE, ReferenceImportService } from [32m'api'[37m;
        ╵                                                                 [32m~~~~~[0m


[31mX [41;31m[[41;97mERROR[41;31m][0m [1mTS2307: Cannot find module 'api' or its corresponding type declarations.[0m [1m[35m[plugin angular-compiler][0m

    projects/loupe/src/app/app.providers.ts:2:52:
[37m      2 │ import { REFERENCE_SERVICE, ReferenceService } from [32m'api'[37m;
        ╵                                                     [32m~~~~~[0m


[31mX [41;31m[[41;97mERROR[41;31m][0m [1mTS2307: Cannot find module 'api' or its corresponding type declarations.[0m [1m[35m[plugin angular-compiler][0m

    projects/loupe/src/app/app.providers.ts:4:87:
[37m      4 │ ...SessionService, PHOTOGRAPH_SERVICE, PhotographService } from [32m'api'[37m;
        ╵                                                                 [32m~~~~~[0m


[31mX [41;31m[[41;97mERROR[41;31m][0m [1mTS2307: Cannot find module 'api' or its corresponding type declarations.[0m [1m[35m[plugin angular-compiler][0m

    projects/loupe/src/app/app.providers.ts:5:50:
[37m      5 │ import { DELETION_SERVICE, DeletionService } from [32m'api'[37m;
        ╵                                                   [32m~~~~~[0m


[31mX [41;31m[[41;97mERROR[41;31m][0m [1mTS2307: Cannot find module 'api' or its corresponding type declarations.[0m [1m[35m[plugin angular-compiler][0m

    projects/loupe/src/app/app.providers.ts:6:50:
[37m      6 │ import { CRITIQUE_SERVICE, CritiqueService } from [32m'api'[37m;
        ╵                                                   [32m~~~~~[0m


[31mX [41;31m[[41;97mERROR[41;31m][0m [1mTS2307: Cannot find module 'api' or its corresponding type declarations.[0m [1m[35m[plugin angular-compiler][0m

    projects/loupe/src/app/app.providers.ts:7:54:
[37m      7 │ import { COMPARISON_SERVICE, ComparisonService } from [32m'api'[37m;
        ╵                                                       [32m~~~~~[0m


[31mX [41;31m[[41;97mERROR[41;31m][0m [1mTS2307: Cannot find module 'api' or its corresponding type declarations.[0m [1m[35m[plugin angular-compiler][0m

    projects/loupe/src/app/app.ts:4:32:
[37m      4 │ import { SESSION_SERVICE } from [32m'api'[37m;
        ╵                                 [32m~~~~~[0m


[31mX [41;31m[[41;97mERROR[41;31m][0m [1mTS2571: Object is of type 'unknown'.[0m [1m[35m[plugin angular-compiler][0m

    projects/loupe/src/app/app.ts:38:12:
[37m      38 │       await [32mthis.session[37m.signOut();
         ╵             [32m~~~~~~~~~~~~[0m


[31mX [41;31m[[41;97mERROR[41;31m][0m [1mTS2307: Cannot find module 'api' or its corresponding type declarations.[0m [1m[35m[plugin angular-compiler][0m

    projects/loupe/src/app/dialogs/delete-photograph/delete-photograph.ts:18:7:
[37m      18 │ } from [32m'api'[37m;
         ╵        [32m~~~~~[0m


[31mX [41;31m[[41;97mERROR[41;31m][0m [1mTS2571: Object is of type 'unknown'.[0m [1m[35m[plugin angular-compiler][0m

    projects/loupe/src/app/dialogs/delete-photograph/delete-photograph.ts:62:27:
[37m      62 │       const result = await [32mthis.service[37m.deletePhotograph(photograp...
         ╵                            [32m~~~~~~~~~~~~[0m


[31mX [41;31m[[41;97mERROR[41;31m][0m [1mTS18046: 'error' is of type 'unknown'.[0m [1m[35m[plugin angular-compiler][0m

    projects/loupe/src/app/dialogs/delete-photograph/delete-photograph.ts:69:45:
[37m      69 │ ...r instanceof ServiceError && [32merror[37m.code === 'revision_conflict') {
         ╵                                 [32m~~~~~[0m


[31mX [41;31m[[41;97mERROR[41;31m][0m [1mTS18046: 'error' is of type 'unknown'.[0m [1m[35m[plugin angular-compiler][0m

    projects/loupe/src/app/dialogs/delete-photograph/delete-photograph.ts:72:52:
[37m      72 │ ...rror instanceof ServiceError && [32merror[37m.code === 'item_unavailable')
         ╵                                    [32m~~~~~[0m


[31mX [41;31m[[41;97mERROR[41;31m][0m [1mTS2571: Object is of type 'unknown'.[0m [1m[35m[plugin angular-compiler][0m

    projects/loupe/src/app/dialogs/delete-photograph/delete-photograph.ts:87:27:
[37m      87 │       const latest = await [32mthis.photographs[37m.get(photograph.id);
         ╵                            [32m~~~~~~~~~~~~~~~~[0m


[31mX [41;31m[[41;97mERROR[41;31m][0m [1mTS18046: 'error' is of type 'unknown'.[0m [1m[35m[plugin angular-compiler][0m

    projects/loupe/src/app/dialogs/delete-photograph/delete-photograph.ts:97:45:
[37m      97 │ ...rror instanceof ServiceError && [32merror[37m.code === 'item_unavailable')
         ╵                                    [32m~~~~~[0m


[31mX [41;31m[[41;97mERROR[41;31m][0m [1mTS2307: Cannot find module 'api' or its corresponding type declarations.[0m [1m[35m[plugin angular-compiler][0m

    projects/loupe/src/app/dialogs/regenerate-critique/regenerate-critique.ts:2:50:
[37m      2 │ import { OperationResult, PhotographResult } from [32m'api'[37m;
        ╵                                                   [32m~~~~~[0m


[31mX [41;31m[[41;97mERROR[41;31m][0m [1mTS2307: Cannot find module 'api' or its corresponding type declarations.[0m [1m[35m[plugin angular-compiler][0m

    projects/loupe/src/app/dialogs/unsaved-changes/unsaved-changes.ts:10:32:
[37m      10 │ import { SESSION_SERVICE } from [32m'api'[37m;
         ╵                                 [32m~~~~~[0m


[31mX [41;31m[[41;97mERROR[41;31m][0m [1mTS2571: Object is of type 'unknown'.[0m [1m[35m[plugin angular-compiler][0m

    projects/loupe/src/app/dialogs/unsaved-changes/unsaved-changes.ts:29:10:
[37m      29 │       if ([32mthis.session[37m.current() && this.dirty()()) {
         ╵           [32m~~~~~~~~~~~~[0m


[31mX [41;31m[[41;97mERROR[41;31m][0m [1mTS2571: Object is of type 'unknown'.[0m [1m[35m[plugin angular-compiler][0m

    projects/loupe/src/app/dialogs/unsaved-changes/unsaved-changes.ts:41:11:
[37m      41 │     return [32mthis.session[37m.current() && dirty ? this.confirmDiscard()...
         ╵            [32m~~~~~~~~~~~~[0m


[31mX [41;31m[[41;97mERROR[41;31m][0m [1mTS2307: Cannot find module 'api' or its corresponding type declarations.[0m [1m[35m[plugin angular-compiler][0m

    projects/loupe/src/app/pages/photograph-detail/photograph-detail-page.ts:3:83:
[37m      3 │ ...t, OperationResult, PhotographResult, SESSION_SERVICE } from [32m'api'[37m;
        ╵                                                                 [32m~~~~~[0m


[31mX [41;31m[[41;97mERROR[41;31m][0m [1mTS2571: Object is of type 'unknown'.[0m [1m[35m[plugin angular-compiler][0m

    projects/loupe/src/app/pages/photograph-detail/photograph-detail-page.ts:39:8:
[37m      39 │     if ([32mthis.session[37m.current() && (this.deleting() || this.request...
         ╵         [32m~~~~~~~~~~~~[0m


[31mX [41;31m[[41;97mERROR[41;31m][0m [1mTS2307: Cannot find module 'api' or its corresponding type declarations.[0m [1m[35m[plugin angular-compiler][0m

    projects/loupe/src/app/pages/photograph-upload/photograph-upload-page.ts:4:50:
[37m      4 │ import { OperationResult, PhotographResult } from [32m'api'[37m;
        ╵                                                   [32m~~~~~[0m


[31mX [41;31m[[41;97mERROR[41;31m][0m [1mTS2307: Cannot find module 'api' or its corresponding type declarations.[0m [1m[35m[plugin angular-compiler][0m

    projects/loupe/src/app/pages/reference-link/reference-link-page.ts:4:32:
[37m      4 │ import { ReferenceResult } from [32m'api'[37m;
        ╵                                 [32m~~~~~[0m


[31mX [41;31m[[41;97mERROR[41;31m][0m [1mTS2307: Cannot find module 'api' or its corresponding type declarations.[0m [1m[35m[plugin angular-compiler][0m

    projects/loupe/src/app/pages/reference-upload/reference-upload-page.ts:4:32:
[37m      4 │ import { ReferenceResult } from [32m'api'[37m;
        ╵                                 [32m~~~~~[0m


[31mX [41;31m[[41;97mERROR[41;31m][0m [1mTS2307: Cannot find module 'api' or its corresponding type declarations.[0m [1m[35m[plugin angular-compiler][0m

    projects/loupe/src/app/pages/sign-in/sign-in.ts:3:32:
[37m      3 │ import { SESSION_SERVICE } from [32m'api'[37m;
        ╵                                 [32m~~~~~[0m


[31mX [41;31m[[41;97mERROR[41;31m][0m [1mTS2571: Object is of type 'unknown'.[0m [1m[35m[plugin angular-compiler][0m

    projects/loupe/src/app/pages/sign-in/sign-in.ts:12:4:
[37m      12 │     [32mthis.session[37m.signIn(this.destination());
         ╵     [32m~~~~~~~~~~~~[0m


[31mX [41;31m[[41;97mERROR[41;31m][0m [1mTS2307: Cannot find module 'api' or its corresponding type declarations.[0m [1m[35m[plugin angular-compiler][0m

    projects/loupe/src/app/session.guard.ts:3:32:
[37m      3 │ import { SESSION_SERVICE } from [32m'api'[37m;
        ╵                                 [32m~~~~~[0m


[31mX [41;31m[[41;97mERROR[41;31m][0m [1mTS18046: 'session' is of type 'unknown'.[0m [1m[35m[plugin angular-compiler][0m

    projects/loupe/src/app/session.guard.ts:9:18:
[37m      9 │     return (await [32msession[37m.load())
        ╵                   [32m~~~~~~~[0m


[31mX [41;31m[[41;97mERROR[41;31m][0m [1mTS2307: Cannot find module 'api' or its corresponding type declarations.[0m [1m[35m[plugin angular-compiler][0m

    projects/loupe/src/testing/app.providers.ts:1:41:
[37m      1 │ import { REFERENCE_IMPORT_SERVICE } from [32m'api'[37m;
        ╵                                          [32m~~~~~[0m


[31mX [41;31m[[41;97mERROR[41;31m][0m [1mTS2307: Cannot find module 'api' or its corresponding type declarations.[0m [1m[35m[plugin angular-compiler][0m

    projects/loupe/src/testing/app.providers.ts:3:34:
[37m      3 │ import { REFERENCE_SERVICE } from [32m'api'[37m;
        ╵                                   [32m~~~~~[0m


[31mX [41;31m[[41;97mERROR[41;31m][0m [1mTS2307: Cannot find module 'api' or its corresponding type declarations.[0m [1m[35m[plugin angular-compiler][0m

    projects/loupe/src/testing/app.providers.ts:5:88:
[37m      5 │ ...HOTOGRAPH_SERVICE, DELETION_SERVICE, CRITIQUE_SERVICE } from [32m'api'[37m;
        ╵                                                                 [32m~~~~~[0m


[31mX [41;31m[[41;97mERROR[41;31m][0m [1mTS2307: Cannot find module 'api' or its corresponding type declarations.[0m [1m[35m[plugin angular-compiler][0m

    projects/loupe/src/testing/app.providers.ts:10:35:
[37m      10 │ import { COMPARISON_SERVICE } from [32m'api'[37m;
         ╵                                    [32m~~~~~[0m


[31mX [41;31m[[41;97mERROR[41;31m][0m [1mTS2307: Cannot find module 'api' or its corresponding type declarations.[0m [1m[35m[plugin angular-compiler][0m

    projects/loupe/src/testing/mock-comparison.service.ts:10:7:
[37m      10 │ } from [32m'api'[37m;
         ╵        [32m~~~~~[0m


[31mX [41;31m[[41;97mERROR[41;31m][0m [1mTS2307: Cannot find module 'api' or its corresponding type declarations.[0m [1m[35m[plugin angular-compiler][0m

    projects/loupe/src/testing/mock-critique.service.ts:9:7:
[37m      9 │ } from [32m'api'[37m;
        ╵        [32m~~~~~[0m


[31mX [41;31m[[41;97mERROR[41;31m][0m [1mTS2307: Cannot find module 'api' or its corresponding type declarations.[0m [1m[35m[plugin angular-compiler][0m

    projects/loupe/src/testing/mock-deletion.service.ts:2:63:
[37m      2 │ import { DeletionResult, IDeletionService, ServiceError } from [32m'api'[37m;
        ╵                                                                [32m~~~~~[0m


[31mX [41;31m[[41;97mERROR[41;31m][0m [1mTS2307: Cannot find module 'api' or its corresponding type declarations.[0m [1m[35m[plugin angular-compiler][0m

    projects/loupe/src/testing/mock-photograph.service.ts:10:7:
[37m      10 │ } from [32m'api'[37m;
         ╵        [32m~~~~~[0m


[31mX [41;31m[[41;97mERROR[41;31m][0m [1mTS2307: Cannot find module 'api' or its corresponding type declarations.[0m [1m[35m[plugin angular-compiler][0m

    projects/loupe/src/testing/mock-reference-import.service.ts:7:7:
[37m      7 │ } from [32m'api'[37m;
        ╵        [32m~~~~~[0m


[31mX [41;31m[[41;97mERROR[41;31m][0m [1mTS2307: Cannot find module 'api' or its corresponding type declarations.[0m [1m[35m[plugin angular-compiler][0m

    projects/loupe/src/testing/mock-reference.service.ts:1:70:
[37m      1 │ ...ReferenceMetadata, ReferenceLink, ReferenceLinkResult } from [32m'api'[37m;
        ╵                                                                 [32m~~~~~[0m


[31mX [41;31m[[41;97mERROR[41;31m][0m [1mTS2307: Cannot find module 'api' or its corresponding type declarations.[0m [1m[35m[plugin angular-compiler][0m

    projects/loupe/src/testing/mock-reference.service.ts:2:48:
[37m      2 │ import { ReferenceUpload, UploadProgress } from [32m'api'[37m;
        ╵                                                 [32m~~~~~[0m


[31mX [41;31m[[41;97mERROR[41;31m][0m [1mTS2307: Cannot find module 'api' or its corresponding type declarations.[0m [1m[35m[plugin angular-compiler][0m

    projects/loupe/src/testing/mock-reference.service.ts:4:80:
[37m      4 │ ...Service, ReferencePage, ReferenceResult, ServiceError } from [32m'api'[37m;
        ╵                                                                 [32m~~~~~[0m


[31mX [41;31m[[41;97mERROR[41;31m][0m [1mTS2307: Cannot find module 'api' or its corresponding type declarations.[0m [1m[35m[plugin angular-compiler][0m

    projects/loupe/src/testing/mock-session.service.ts:3:47:
[37m      3 │ import { ISessionService, SessionResult } from [32m'api'[37m;
        ╵                                                [32m~~~~~[0m


❯ Changes detected. Rebuilding...
✔ Changes detected. Rebuilding...
Application bundle generation failed. [0.002 seconds] - 2026-09-08T21:02:20.139Z

[31mX [41;31m[[41;97mERROR[41;31m][0m [1mTS2571: Object is of type 'unknown'.[0m [1m[35m[plugin angular-compiler][0m

    projects/loupe/src/app/app.html:2:13:
[37m      2 │ @if (session.[32mcurrent[37m(); as user) {
        ╵              [32m~~~~~~~[0m

  Error occurs in the template of component App.

    projects/loupe/src/app/app.ts:10:15:
[37m      10 │   templateUrl: [32m'./app.html'[37m,
         ╵                [32m~~~~~~~~~~~~[0m


[31mX [41;31m[[41;97mERROR[41;31m][0m [1mTS2571: Object is of type 'unknown'.[0m [1m[35m[plugin angular-compiler][0m

    projects/loupe/src/app/app.html:2:13:
[37m      2 │ @if (session.[32mcurrent[37m(); as user) {
        ╵              [32m~~~~~~~[0m

  Error occurs in the template of component App.

    projects/loupe/src/app/app.ts:10:15:
[37m      10 │   templateUrl: [32m'./app.html'[37m,
         ╵                [32m~~~~~~~~~~~~[0m


[31mX [41;31m[[41;97mERROR[41;31m][0m [1mTS2307: Cannot find module 'api' or its corresponding type declarations.[0m [1m[35m[plugin angular-compiler][0m

    projects/loupe/src/app/app.providers.ts:1:65:
[37m      1 │ ...rt { REFERENCE_IMPORT_SERVICE, ReferenceImportService } from [32m'api'[37m;
        ╵                                                                 [32m~~~~~[0m


[31mX [41;31m[[41;97mERROR[41;31m][0m [1mTS2307: Cannot find module 'api' or its corresponding type declarations.[0m [1m[35m[plugin angular-compiler][0m

    projects/loupe/src/app/app.providers.ts:2:52:
[37m      2 │ import { REFERENCE_SERVICE, ReferenceService } from [32m'api'[37m;
        ╵                                                     [32m~~~~~[0m


[31mX [41;31m[[41;97mERROR[41;31m][0m [1mTS2307: Cannot find module 'api' or its corresponding type declarations.[0m [1m[35m[plugin angular-compiler][0m

    projects/loupe/src/app/app.providers.ts:4:87:
[37m      4 │ ...SessionService, PHOTOGRAPH_SERVICE, PhotographService } from [32m'api'[37m;
        ╵                                                                 [32m~~~~~[0m


[31mX [41;31m[[41;97mERROR[41;31m][0m [1mTS2307: Cannot find module 'api' or its corresponding type declarations.[0m [1m[35m[plugin angular-compiler][0m

    projects/loupe/src/app/app.providers.ts:5:50:
[37m      5 │ import { DELETION_SERVICE, DeletionService } from [32m'api'[37m;
        ╵                                                   [32m~~~~~[0m


[31mX [41;31m[[41;97mERROR[41;31m][0m [1mTS2307: Cannot find module 'api' or its corresponding type declarations.[0m [1m[35m[plugin angular-compiler][0m

    projects/loupe/src/app/app.providers.ts:6:50:
[37m      6 │ import { CRITIQUE_SERVICE, CritiqueService } from [32m'api'[37m;
        ╵                                                   [32m~~~~~[0m


[31mX [41;31m[[41;97mERROR[41;31m][0m [1mTS2307: Cannot find module 'api' or its corresponding type declarations.[0m [1m[35m[plugin angular-compiler][0m

    projects/loupe/src/app/app.providers.ts:7:54:
[37m      7 │ import { COMPARISON_SERVICE, ComparisonService } from [32m'api'[37m;
        ╵                                                       [32m~~~~~[0m


[31mX [41;31m[[41;97mERROR[41;31m][0m [1mTS2307: Cannot find module 'api' or its corresponding type declarations.[0m [1m[35m[plugin angular-compiler][0m

    projects/loupe/src/app/app.ts:4:32:
[37m      4 │ import { SESSION_SERVICE } from [32m'api'[37m;
        ╵                                 [32m~~~~~[0m


[31mX [41;31m[[41;97mERROR[41;31m][0m [1mTS2571: Object is of type 'unknown'.[0m [1m[35m[plugin angular-compiler][0m

    projects/loupe/src/app/app.ts:38:12:
[37m      38 │       await [32mthis.session[37m.signOut();
         ╵             [32m~~~~~~~~~~~~[0m


[31mX [41;31m[[41;97mERROR[41;31m][0m [1mTS2307: Cannot find module 'api' or its corresponding type declarations.[0m [1m[35m[plugin angular-compiler][0m

    projects/loupe/src/app/dialogs/delete-photograph/delete-photograph.ts:18:7:
[37m      18 │ } from [32m'api'[37m;
         ╵        [32m~~~~~[0m


[31mX [41;31m[[41;97mERROR[41;31m][0m [1mTS2571: Object is of type 'unknown'.[0m [1m[35m[plugin angular-compiler][0m

    projects/loupe/src/app/dialogs/delete-photograph/delete-photograph.ts:62:27:
[37m      62 │       const result = await [32mthis.service[37m.deletePhotograph(photograp...
         ╵                            [32m~~~~~~~~~~~~[0m


[31mX [41;31m[[41;97mERROR[41;31m][0m [1mTS18046: 'error' is of type 'unknown'.[0m [1m[35m[plugin angular-compiler][0m

    projects/loupe/src/app/dialogs/delete-photograph/delete-photograph.ts:69:45:
[37m      69 │ ...r instanceof ServiceError && [32merror[37m.code === 'revision_conflict') {
         ╵                                 [32m~~~~~[0m


[31mX [41;31m[[41;97mERROR[41;31m][0m [1mTS18046: 'error' is of type 'unknown'.[0m [1m[35m[plugin angular-compiler][0m

    projects/loupe/src/app/dialogs/delete-photograph/delete-photograph.ts:72:52:
[37m      72 │ ...rror instanceof ServiceError && [32merror[37m.code === 'item_unavailable')
         ╵                                    [32m~~~~~[0m


[31mX [41;31m[[41;97mERROR[41;31m][0m [1mTS2571: Object is of type 'unknown'.[0m [1m[35m[plugin angular-compiler][0m

    projects/loupe/src/app/dialogs/delete-photograph/delete-photograph.ts:87:27:
[37m      87 │       const latest = await [32mthis.photographs[37m.get(photograph.id);
         ╵                            [32m~~~~~~~~~~~~~~~~[0m


[31mX [41;31m[[41;97mERROR[41;31m][0m [1mTS18046: 'error' is of type 'unknown'.[0m [1m[35m[plugin angular-compiler][0m

    projects/loupe/src/app/dialogs/delete-photograph/delete-photograph.ts:97:45:
[37m      97 │ ...rror instanceof ServiceError && [32merror[37m.code === 'item_unavailable')
         ╵                                    [32m~~~~~[0m


[31mX [41;31m[[41;97mERROR[41;31m][0m [1mTS2307: Cannot find module 'api' or its corresponding type declarations.[0m [1m[35m[plugin angular-compiler][0m

    projects/loupe/src/app/dialogs/regenerate-critique/regenerate-critique.ts:2:50:
[37m      2 │ import { OperationResult, PhotographResult } from [32m'api'[37m;
        ╵                                                   [32m~~~~~[0m


[31mX [41;31m[[41;97mERROR[41;31m][0m [1mTS2307: Cannot find module 'api' or its corresponding type declarations.[0m [1m[35m[plugin angular-compiler][0m

    projects/loupe/src/app/dialogs/unsaved-changes/unsaved-changes.ts:10:32:
[37m      10 │ import { SESSION_SERVICE } from [32m'api'[37m;
         ╵                                 [32m~~~~~[0m


[31mX [41;31m[[41;97mERROR[41;31m][0m [1mTS2571: Object is of type 'unknown'.[0m [1m[35m[plugin angular-compiler][0m

    projects/loupe/src/app/dialogs/unsaved-changes/unsaved-changes.ts:29:10:
[37m      29 │       if ([32mthis.session[37m.current() && this.dirty()()) {
         ╵           [32m~~~~~~~~~~~~[0m


[31mX [41;31m[[41;97mERROR[41;31m][0m [1mTS2571: Object is of type 'unknown'.[0m [1m[35m[plugin angular-compiler][0m

    projects/loupe/src/app/dialogs/unsaved-changes/unsaved-changes.ts:41:11:
[37m      41 │     return [32mthis.session[37m.current() && dirty ? this.confirmDiscard()...
         ╵            [32m~~~~~~~~~~~~[0m


[31mX [41;31m[[41;97mERROR[41;31m][0m [1mTS2307: Cannot find module 'api' or its corresponding type declarations.[0m [1m[35m[plugin angular-compiler][0m

    projects/loupe/src/app/pages/photograph-detail/photograph-detail-page.ts:3:83:
[37m      3 │ ...t, OperationResult, PhotographResult, SESSION_SERVICE } from [32m'api'[37m;
        ╵                                                                 [32m~~~~~[0m


[31mX [41;31m[[41;97mERROR[41;31m][0m [1mTS2571: Object is of type 'unknown'.[0m [1m[35m[plugin angular-compiler][0m

    projects/loupe/src/app/pages/photograph-detail/photograph-detail-page.ts:39:8:
[37m      39 │     if ([32mthis.session[37m.current() && (this.deleting() || this.request...
         ╵         [32m~~~~~~~~~~~~[0m


[31mX [41;31m[[41;97mERROR[41;31m][0m [1mTS2307: Cannot find module 'api' or its corresponding type declarations.[0m [1m[35m[plugin angular-compiler][0m

    projects/loupe/src/app/pages/photograph-upload/photograph-upload-page.ts:4:50:
[37m      4 │ import { OperationResult, PhotographResult } from [32m'api'[37m;
        ╵                                                   [32m~~~~~[0m


[31mX [41;31m[[41;97mERROR[41;31m][0m [1mTS2307: Cannot find module 'api' or its corresponding type declarations.[0m [1m[35m[plugin angular-compiler][0m

    projects/loupe/src/app/pages/reference-link/reference-link-page.ts:4:32:
[37m      4 │ import { ReferenceResult } from [32m'api'[37m;
        ╵                                 [32m~~~~~[0m


[31mX [41;31m[[41;97mERROR[41;31m][0m [1mTS2307: Cannot find module 'api' or its corresponding type declarations.[0m [1m[35m[plugin angular-compiler][0m

    projects/loupe/src/app/pages/reference-upload/reference-upload-page.ts:4:32:
[37m      4 │ import { ReferenceResult } from [32m'api'[37m;
        ╵                                 [32m~~~~~[0m


[31mX [41;31m[[41;97mERROR[41;31m][0m [1mTS2307: Cannot find module 'api' or its corresponding type declarations.[0m [1m[35m[plugin angular-compiler][0m

    projects/loupe/src/app/pages/sign-in/sign-in.ts:3:32:
[37m      3 │ import { SESSION_SERVICE } from [32m'api'[37m;
        ╵                                 [32m~~~~~[0m


[31mX [41;31m[[41;97mERROR[41;31m][0m [1mTS2571: Object is of type 'unknown'.[0m [1m[35m[plugin angular-compiler][0m

    projects/loupe/src/app/pages/sign-in/sign-in.ts:12:4:
[37m      12 │     [32mthis.session[37m.signIn(this.destination());
         ╵     [32m~~~~~~~~~~~~[0m


[31mX [41;31m[[41;97mERROR[41;31m][0m [1mTS2307: Cannot find module 'api' or its corresponding type declarations.[0m [1m[35m[plugin angular-compiler][0m

    projects/loupe/src/app/session.guard.ts:3:32:
[37m      3 │ import { SESSION_SERVICE } from [32m'api'[37m;
        ╵                                 [32m~~~~~[0m


[31mX [41;31m[[41;97mERROR[41;31m][0m [1mTS18046: 'session' is of type 'unknown'.[0m [1m[35m[plugin angular-compiler][0m

    projects/loupe/src/app/session.guard.ts:9:18:
[37m      9 │     return (await [32msession[37m.load())
        ╵                   [32m~~~~~~~[0m


[31mX [41;31m[[41;97mERROR[41;31m][0m [1mTS2307: Cannot find module 'api' or its corresponding type declarations.[0m [1m[35m[plugin angular-compiler][0m

    projects/loupe/src/testing/app.providers.ts:1:41:
[37m      1 │ import { REFERENCE_IMPORT_SERVICE } from [32m'api'[37m;
        ╵                                          [32m~~~~~[0m


[31mX [41;31m[[41;97mERROR[41;31m][0m [1mTS2307: Cannot find module 'api' or its corresponding type declarations.[0m [1m[35m[plugin angular-compiler][0m

    projects/loupe/src/testing/app.providers.ts:3:34:
[37m      3 │ import { REFERENCE_SERVICE } from [32m'api'[37m;
        ╵                                   [32m~~~~~[0m


[31mX [41;31m[[41;97mERROR[41;31m][0m [1mTS2307: Cannot find module 'api' or its corresponding type declarations.[0m [1m[35m[plugin angular-compiler][0m

    projects/loupe/src/testing/app.providers.ts:5:88:
[37m      5 │ ...HOTOGRAPH_SERVICE, DELETION_SERVICE, CRITIQUE_SERVICE } from [32m'api'[37m;
        ╵                                                                 [32m~~~~~[0m


[31mX [41;31m[[41;97mERROR[41;31m][0m [1mTS2307: Cannot find module 'api' or its corresponding type declarations.[0m [1m[35m[plugin angular-compiler][0m

    projects/loupe/src/testing/app.providers.ts:10:35:
[37m      10 │ import { COMPARISON_SERVICE } from [32m'api'[37m;
         ╵                                    [32m~~~~~[0m


[31mX [41;31m[[41;97mERROR[41;31m][0m [1mTS2307: Cannot find module 'api' or its corresponding type declarations.[0m [1m[35m[plugin angular-compiler][0m

    projects/loupe/src/testing/mock-comparison.service.ts:10:7:
[37m      10 │ } from [32m'api'[37m;
         ╵        [32m~~~~~[0m


[31mX [41;31m[[41;97mERROR[41;31m][0m [1mTS2307: Cannot find module 'api' or its corresponding type declarations.[0m [1m[35m[plugin angular-compiler][0m

    projects/loupe/src/testing/mock-critique.service.ts:9:7:
[37m      9 │ } from [32m'api'[37m;
        ╵        [32m~~~~~[0m


[31mX [41;31m[[41;97mERROR[41;31m][0m [1mTS2307: Cannot find module 'api' or its corresponding type declarations.[0m [1m[35m[plugin angular-compiler][0m

    projects/loupe/src/testing/mock-deletion.service.ts:2:63:
[37m      2 │ import { DeletionResult, IDeletionService, ServiceError } from [32m'api'[37m;
        ╵                                                                [32m~~~~~[0m


[31mX [41;31m[[41;97mERROR[41;31m][0m [1mTS2307: Cannot find module 'api' or its corresponding type declarations.[0m [1m[35m[plugin angular-compiler][0m

    projects/loupe/src/testing/mock-photograph.service.ts:10:7:
[37m      10 │ } from [32m'api'[37m;
         ╵        [32m~~~~~[0m


[31mX [41;31m[[41;97mERROR[41;31m][0m [1mTS2307: Cannot find module 'api' or its corresponding type declarations.[0m [1m[35m[plugin angular-compiler][0m

    projects/loupe/src/testing/mock-reference-import.service.ts:7:7:
[37m      7 │ } from [32m'api'[37m;
        ╵        [32m~~~~~[0m


[31mX [41;31m[[41;97mERROR[41;31m][0m [1mTS2307: Cannot find module 'api' or its corresponding type declarations.[0m [1m[35m[plugin angular-compiler][0m

    projects/loupe/src/testing/mock-reference.service.ts:1:70:
[37m      1 │ ...ReferenceMetadata, ReferenceLink, ReferenceLinkResult } from [32m'api'[37m;
        ╵                                                                 [32m~~~~~[0m


[31mX [41;31m[[41;97mERROR[41;31m][0m [1mTS2307: Cannot find module 'api' or its corresponding type declarations.[0m [1m[35m[plugin angular-compiler][0m

    projects/loupe/src/testing/mock-reference.service.ts:2:48:
[37m      2 │ import { ReferenceUpload, UploadProgress } from [32m'api'[37m;
        ╵                                                 [32m~~~~~[0m


[31mX [41;31m[[41;97mERROR[41;31m][0m [1mTS2307: Cannot find module 'api' or its corresponding type declarations.[0m [1m[35m[plugin angular-compiler][0m

    projects/loupe/src/testing/mock-reference.service.ts:4:80:
[37m      4 │ ...Service, ReferencePage, ReferenceResult, ServiceError } from [32m'api'[37m;
        ╵                                                                 [32m~~~~~[0m


[31mX [41;31m[[41;97mERROR[41;31m][0m [1mTS2307: Cannot find module 'api' or its corresponding type declarations.[0m [1m[35m[plugin angular-compiler][0m

    projects/loupe/src/testing/mock-session.service.ts:3:47:
[37m      3 │ import { ISessionService, SessionResult } from [32m'api'[37m;
        ╵                                                [32m~~~~~[0m


❯ Changes detected. Rebuilding...
✔ Changes detected. Rebuilding...
Initial chunk files | Names         |  Raw size
main.js             | main          | 464.15 kB | 
styles.css          | styles        |  23.65 kB | 

                    | Initial total | 487.80 kB

Application bundle generation complete. [1.297 seconds] - 2026-09-08T21:02:23.896Z

Page reload sent to client(s).
[2m5:02:24 p.m.[22m [31m[1m[vite][22m[39m [31m[2m(client)[22m[39m Pre-transform error: Failed to resolve import "components" from ".angular/vite-root/loupe/main.js". Does the file exist?
  Plugin: [35mvite:import-analysis[39m
  File: [36mC:/projects/loupe/frontend/.angular/vite-root/loupe/main.js[39m:515:49
[33m  513 |  
  514 |  // dist/domain/fesm2022/domain.mjs
  515 |  import { PhotographCard, CritiqueContent } from "components";
      |                                                   ^
  516 |  import { DatePipe, DecimalPipe } from "@angular/common";
  517 |  import * as i1 from "@angular/forms";[39m
[2m5:02:24 p.m.[22m [31m[1m[vite][22m[39m [31mInternal server error: Failed to resolve import "components" from ".angular/vite-root/loupe/main.js". Does the file exist?[39m
  Plugin: [35mvite:import-analysis[39m
  File: [36mC:/projects/loupe/frontend/.angular/vite-root/loupe/main.js[39m:515:49
[33m  513 |  
  514 |  // dist/domain/fesm2022/domain.mjs
  515 |  import { PhotographCard, CritiqueContent } from "components";
      |                                                   ^
  516 |  import { DatePipe, DecimalPipe } from "@angular/common";
  517 |  import * as i1 from "@angular/forms";[39m
      at TransformPluginContext._formatLog (file:///C:/projects/loupe/frontend/node_modules/vite/dist/node/chunks/node.js:30416:39)
      at TransformPluginContext.error (file:///C:/projects/loupe/frontend/node_modules/vite/dist/node/chunks/node.js:30413:14)
      at normalizeUrl (file:///C:/projects/loupe/frontend/node_modules/vite/dist/node/chunks/node.js:27438:18)
      at async file:///C:/projects/loupe/frontend/node_modules/vite/dist/node/chunks/node.js:27506:30
      at async Promise.all (index 11)
      at async TransformPluginContext.transform (file:///C:/projects/loupe/frontend/node_modules/vite/dist/node/chunks/node.js:27474:4)
      at async EnvironmentPluginContainer.transform (file:///C:/projects/loupe/frontend/node_modules/vite/dist/node/chunks/node.js:30201:14)
      at async loadAndTransform (file:///C:/projects/loupe/frontend/node_modules/vite/dist/node/chunks/node.js:20124:26)
      at async viteTransformMiddleware (file:///C:/projects/loupe/frontend/node_modules/vite/dist/node/chunks/node.js:24604:20)
❯ Changes detected. Rebuilding...
✔ Changes detected. Rebuilding...
Initial chunk files | Names         |  Raw size
main.js             | main          | 464.15 kB | 
styles.css          | styles        |  23.65 kB | 

                    | Initial total | 487.80 kB

Application bundle generation complete. [0.042 seconds] - 2026-09-08T21:02:25.765Z

❯ Changes detected. Rebuilding...
✔ Changes detected. Rebuilding...
Application bundle generation failed. [0.535 seconds] - 2026-09-08T21:02:28.796Z

[31mX [41;31m[[41;97mERROR[41;31m][0m [1mTS2591: Cannot find name 'domain'. Do you need to install type definitions for node? Try `npm i --save-dev @types/node` and then add 'node' to the types field in your tsconfig.[0m [1m[35m[plugin angular-compiler][0m

    projects/loupe/src/app/dialogs/regenerate-critique/regenerate-critique.ts:3:32:
[37m      3 │ import { RequestCritique } from [32m'domain'[37m;
        ╵                                 [32m~~~~~~~~[0m


[31mX [41;31m[[41;97mERROR[41;31m][0m [1mNG1010: 'imports' must be an array of components, directives, pipes, or NgModules.
  Value could not be determined statically.[0m [1m[35m[plugin angular-compiler][0m

    projects/loupe/src/app/dialogs/regenerate-critique/regenerate-critique.ts:7:12:
[37m      7 │   imports: [[32mRequestCritique[37m],
        ╵             [32m~~~~~~~~~~~~~~~[0m

  Unknown reference.

    projects/loupe/src/app/dialogs/regenerate-critique/regenerate-critique.ts:7:12:
[37m      7 │   imports: [[32mRequestCritique[37m],
        ╵             [32m~~~~~~~~~~~~~~~[0m


[31mX [41;31m[[41;97mERROR[41;31m][0m [1mTS2339: Property 'busy' does not exist on type '{}'.[0m [1m[35m[plugin angular-compiler][0m

    projects/loupe/src/app/dialogs/regenerate-critique/regenerate-critique.ts:17:52:
[37m      17 │ ...uted(() => !!(this.request()?.[32mbusy[37m() || this.request()?.reviewi...
         ╵                                  [32m~~~~[0m


[31mX [41;31m[[41;97mERROR[41;31m][0m [1mTS2339: Property 'reviewing' does not exist on type '{}'.[0m [1m[35m[plugin angular-compiler][0m

    projects/loupe/src/app/dialogs/regenerate-critique/regenerate-critique.ts:17:78:
[37m      17 │ ...(() => !!(this.request()?.busy() || this.request()?.[32mreviewing[37m()));
         ╵                                                        [32m~~~~~~~~~[0m


[31mX [41;31m[[41;97mERROR[41;31m][0m [1mTS2591: Cannot find name 'domain'. Do you need to install type definitions for node? Try `npm i --save-dev @types/node` and then add 'node' to the types field in your tsconfig.[0m [1m[35m[plugin angular-compiler][0m

    projects/loupe/src/app/dialogs/replace-attempt/replace-attempt.ts:2:30:
[37m      2 │ import { AttemptPicker } from [32m'domain'[37m;
        ╵                               [32m~~~~~~~~[0m


[31mX [41;31m[[41;97mERROR[41;31m][0m [1mNG1010: 'imports' must be an array of components, directives, pipes, or NgModules.
  Value could not be determined statically.[0m [1m[35m[plugin angular-compiler][0m

    projects/loupe/src/app/dialogs/replace-attempt/replace-attempt.ts:6:12:
[37m      6 │   imports: [[32mAttemptPicker[37m],
        ╵             [32m~~~~~~~~~~~~~[0m

  Unknown reference.

    projects/loupe/src/app/dialogs/replace-attempt/replace-attempt.ts:6:12:
[37m      6 │   imports: [[32mAttemptPicker[37m],
        ╵             [32m~~~~~~~~~~~~~[0m


[31mX [41;31m[[41;97mERROR[41;31m][0m [1mTS2591: Cannot find name 'domain'. Do you need to install type definitions for node? Try `npm i --save-dev @types/node` and then add 'node' to the types field in your tsconfig.[0m [1m[35m[plugin angular-compiler][0m

    projects/loupe/src/app/pages/compare/compare-page.ts:3:49:
[37m      3 │ import { AttemptComparison, AttemptPicker } from [32m'domain'[37m;
        ╵                                                  [32m~~~~~~~~[0m


[31mX [41;31m[[41;97mERROR[41;31m][0m [1mNG1010: 'imports' must be an array of components, directives, pipes, or NgModules.
  Value could not be determined statically.[0m [1m[35m[plugin angular-compiler][0m

    projects/loupe/src/app/pages/compare/compare-page.ts:8:24:
[37m      8 │   imports: [RouterLink, [32mAttemptComparison[37m, AttemptPicker, ReplaceAt...
        ╵                         [32m~~~~~~~~~~~~~~~~~[0m

  Unknown reference.

    projects/loupe/src/app/pages/compare/compare-page.ts:8:24:
[37m      8 │   imports: [RouterLink, [32mAttemptComparison[37m, AttemptPicker, ReplaceAt...
        ╵                         [32m~~~~~~~~~~~~~~~~~[0m


[31mX [41;31m[[41;97mERROR[41;31m][0m [1mNG1010: 'imports' must be an array of components, directives, pipes, or NgModules.
  Value could not be determined statically.[0m [1m[35m[plugin angular-compiler][0m

    projects/loupe/src/app/pages/compare/compare-page.ts:8:43:
[37m      8 │ ...ts: [RouterLink, AttemptComparison, [32mAttemptPicker[37m, ReplaceAttempt],
        ╵                                        [32m~~~~~~~~~~~~~[0m

  Unknown reference.

    projects/loupe/src/app/pages/compare/compare-page.ts:8:43:
[37m      8 │ ...ts: [RouterLink, AttemptComparison, [32mAttemptPicker[37m, ReplaceAttempt],
        ╵                                        [32m~~~~~~~~~~~~~[0m


[31mX [41;31m[[41;97mERROR[41;31m][0m [1mTS2591: Cannot find name 'domain'. Do you need to install type definitions for node? Try `npm i --save-dev @types/node` and then add 'node' to the types field in your tsconfig.[0m [1m[35m[plugin angular-compiler][0m

    projects/loupe/src/app/pages/deletion/deletion-page.ts:3:31:
[37m      3 │ import { DeletionStatus } from [32m'domain'[37m;
        ╵                                [32m~~~~~~~~[0m


[31mX [41;31m[[41;97mERROR[41;31m][0m [1mNG1010: 'imports' must be an array of components, directives, pipes, or NgModules.
  Value could not be determined statically.[0m [1m[35m[plugin angular-compiler][0m

    projects/loupe/src/app/pages/deletion/deletion-page.ts:7:24:
[37m      7 │   imports: [RouterLink, [32mDeletionStatus[37m],
        ╵                         [32m~~~~~~~~~~~~~~[0m

  Unknown reference.

    projects/loupe/src/app/pages/deletion/deletion-page.ts:7:24:
[37m      7 │   imports: [RouterLink, [32mDeletionStatus[37m],
        ╵                         [32m~~~~~~~~~~~~~~[0m


[31mX [41;31m[[41;97mERROR[41;31m][0m [1mTS2591: Cannot find name 'domain'. Do you need to install type definitions for node? Try `npm i --save-dev @types/node` and then add 'node' to the types field in your tsconfig.[0m [1m[35m[plugin angular-compiler][0m

    projects/loupe/src/app/pages/inspiration/inspiration-page.ts:3:36:
[37m      3 │ import { ReferenceCollection } from [32m'domain'[37m;
        ╵                                     [32m~~~~~~~~[0m


[31mX [41;31m[[41;97mERROR[41;31m][0m [1mNG1010: 'imports' must be an array of components, directives, pipes, or NgModules.
  Value could not be determined statically.[0m [1m[35m[plugin angular-compiler][0m

    projects/loupe/src/app/pages/inspiration/inspiration-page.ts:6:12:
[37m      6 │   imports: [[32mReferenceCollection[37m, RouterLink],
        ╵             [32m~~~~~~~~~~~~~~~~~~~[0m

  Unknown reference.

    projects/loupe/src/app/pages/inspiration/inspiration-page.ts:6:12:
[37m      6 │   imports: [[32mReferenceCollection[37m, RouterLink],
        ╵             [32m~~~~~~~~~~~~~~~~~~~[0m


[31mX [41;31m[[41;97mERROR[41;31m][0m [1mTS2591: Cannot find name 'domain'. Do you need to install type definitions for node? Try `npm i --save-dev @types/node` and then add 'node' to the types field in your tsconfig.[0m [1m[35m[plugin angular-compiler][0m

    projects/loupe/src/app/pages/my-work/my-work.ts:2:37:
[37m      2 │ import { PhotographCollection } from [32m'domain'[37m;
        ╵                                      [32m~~~~~~~~[0m


[31mX [41;31m[[41;97mERROR[41;31m][0m [1mNG1010: 'imports' must be an array of components, directives, pipes, or NgModules.
  Value could not be determined statically.[0m [1m[35m[plugin angular-compiler][0m

    projects/loupe/src/app/pages/my-work/my-work.ts:7:12:
[37m      7 │   imports: [[32mPhotographCollection[37m, RouterLink],
        ╵             [32m~~~~~~~~~~~~~~~~~~~~[0m

  Unknown reference.

    projects/loupe/src/app/pages/my-work/my-work.ts:7:12:
[37m      7 │   imports: [[32mPhotographCollection[37m, RouterLink],
        ╵             [32m~~~~~~~~~~~~~~~~~~~~[0m


[31mX [41;31m[[41;97mERROR[41;31m][0m [1mTS2591: Cannot find name 'domain'. Do you need to install type definitions for node? Try `npm i --save-dev @types/node` and then add 'node' to the types field in your tsconfig.[0m [1m[35m[plugin angular-compiler][0m

    projects/loupe/src/app/pages/photograph-detail/photograph-detail-page.ts:4:33:
[37m      4 │ import { PhotographDetail } from [32m'domain'[37m;
        ╵                                  [32m~~~~~~~~[0m


[31mX [41;31m[[41;97mERROR[41;31m][0m [1mNG1010: 'imports' must be an array of components, directives, pipes, or NgModules.
  Value could not be determined statically.[0m [1m[35m[plugin angular-compiler][0m

    projects/loupe/src/app/pages/photograph-detail/photograph-detail-page.ts:11:24:
[37m      11 │   imports: [RouterLink, [32mPhotographDetail[37m, UnsavedChanges, DeletePh...
         ╵                         [32m~~~~~~~~~~~~~~~~[0m

  Unknown reference.

    projects/loupe/src/app/pages/photograph-detail/photograph-detail-page.ts:11:24:
[37m      11 │   imports: [RouterLink, [32mPhotographDetail[37m, UnsavedChanges, DeletePh...
         ╵                         [32m~~~~~~~~~~~~~~~~[0m


[31mX [41;31m[[41;97mERROR[41;31m][0m [1mTS2339: Property 'dirty' does not exist on type '{}'.[0m [1m[35m[plugin angular-compiler][0m

    projects/loupe/src/app/pages/photograph-detail/photograph-detail-page.ts:24:70:
[37m      24 │ ...uted(() => !this.deletion() && (this.detail()?.[32mdirty[37m() ?? false));
         ╵                                                   [32m~~~~~[0m


[31mX [41;31m[[41;97mERROR[41;31m][0m [1mTS2339: Property 'followCritique' does not exist on type '{}'.[0m [1m[35m[plugin angular-compiler][0m

    projects/loupe/src/app/pages/photograph-detail/photograph-detail-page.ts:29:19:
[37m      29 │     this.detail()?.[32mfollowCritique[37m(operation);
         ╵                    [32m~~~~~~~~~~~~~~[0m


[31mX [41;31m[[41;97mERROR[41;31m][0m [1mTS2339: Property 'photo' does not exist on type '{}'.[0m [1m[35m[plugin angular-compiler][0m

    projects/loupe/src/app/pages/photograph-detail/photograph-detail-page.ts:32:47:
[37m      32 │     if (photo.id === this.id()) this.detail()?.[32mphoto[37m.set(photo);
         ╵                                                [32m~~~~~[0m


[31mX [41;31m[[41;97mERROR[41;31m][0m [1mTS2591: Cannot find name 'domain'. Do you need to install type definitions for node? Try `npm i --save-dev @types/node` and then add 'node' to the types field in your tsconfig.[0m [1m[35m[plugin angular-compiler][0m

    projects/loupe/src/app/pages/photograph-upload/photograph-upload-page.ts:3:50:
[37m      3 │ import { PhotographUpload, RequestCritique } from [32m'domain'[37m;
        ╵                                                   [32m~~~~~~~~[0m


[31mX [41;31m[[41;97mERROR[41;31m][0m [1mNG1010: 'imports' must be an array of components, directives, pipes, or NgModules.
  Value could not be determined statically.[0m [1m[35m[plugin angular-compiler][0m

    projects/loupe/src/app/pages/photograph-upload/photograph-upload-page.ts:9:24:
[37m      9 │   imports: [RouterLink, [32mPhotographUpload[37m, UnsavedChanges, RequestCr...
        ╵                         [32m~~~~~~~~~~~~~~~~[0m

  Unknown reference.

    projects/loupe/src/app/pages/photograph-upload/photograph-upload-page.ts:9:24:
[37m      9 │   imports: [RouterLink, [32mPhotographUpload[37m, UnsavedChanges, RequestCr...
        ╵                         [32m~~~~~~~~~~~~~~~~[0m


[31mX [41;31m[[41;97mERROR[41;31m][0m [1mNG1010: 'imports' must be an array of components, directives, pipes, or NgModules.
  Value could not be determined statically.[0m [1m[35m[plugin angular-compiler][0m

    projects/loupe/src/app/pages/photograph-upload/photograph-upload-page.ts:9:58:
[37m      9 │ ...s: [RouterLink, PhotographUpload, UnsavedChanges, [32mRequestCritique[37m],
        ╵                                                      [32m~~~~~~~~~~~~~~~[0m

  Unknown reference.

    projects/loupe/src/app/pages/photograph-upload/photograph-upload-page.ts:9:58:
[37m      9 │ ...s: [RouterLink, PhotographUpload, UnsavedChanges, [32mRequestCritique[37m],
        ╵                                                      [32m~~~~~~~~~~~~~~~[0m


[31mX [41;31m[[41;97mERROR[41;31m][0m [1mTS2339: Property 'dirty' does not exist on type '{}'.[0m [1m[35m[plugin angular-compiler][0m

    projects/loupe/src/app/pages/photograph-upload/photograph-upload-page.ts:19:38:
[37m      19 │   readonly dirty = () => this.form()?.[32mdirty[37m() ?? false;
         ╵                                       [32m~~~~~[0m


[31mX [41;31m[[41;97mERROR[41;31m][0m [1mTS2339: Property 'dirty' does not exist on type '{}'.[0m [1m[35m[plugin angular-compiler][0m

    projects/loupe/src/app/pages/photograph-upload/photograph-upload-page.ts:21:47:
[37m      21 │     return this.dialog().canLeave(this.form()?.[32mdirty[37m() ?? false);
         ╵                                                [32m~~~~~[0m


[31mX [41;31m[[41;97mERROR[41;31m][0m [1mTS2339: Property 'requestCritique' does not exist on type '{}'.[0m [1m[35m[plugin angular-compiler][0m

    projects/loupe/src/app/pages/photograph-upload/photograph-upload-page.ts:24:21:
[37m      24 │     if (this.form()?.[32mrequestCritique[37m()) {
         ╵                      [32m~~~~~~~~~~~~~~~[0m


[31mX [41;31m[[41;97mERROR[41;31m][0m [1mTS2591: Cannot find name 'domain'. Do you need to install type definitions for node? Try `npm i --save-dev @types/node` and then add 'node' to the types field in your tsconfig.[0m [1m[35m[plugin angular-compiler][0m

    projects/loupe/src/app/pages/reference-detail/reference-detail-page.ts:4:37:
[37m      4 │ import { ReferenceDetailPanel } from [32m'domain'[37m;
        ╵                                      [32m~~~~~~~~[0m


[31mX [41;31m[[41;97mERROR[41;31m][0m [1mNG1010: 'imports' must be an array of components, directives, pipes, or NgModules.
  Value could not be determined statically.[0m [1m[35m[plugin angular-compiler][0m

    projects/loupe/src/app/pages/reference-detail/reference-detail-page.ts:7:24:
[37m      7 │   imports: [RouterLink, [32mReferenceDetailPanel[37m, UnsavedChanges],
        ╵                         [32m~~~~~~~~~~~~~~~~~~~~[0m

  Unknown reference.

    projects/loupe/src/app/pages/reference-detail/reference-detail-page.ts:7:24:
[37m      7 │   imports: [RouterLink, [32mReferenceDetailPanel[37m, UnsavedChanges],
        ╵                         [32m~~~~~~~~~~~~~~~~~~~~[0m


[31mX [41;31m[[41;97mERROR[41;31m][0m [1mTS2339: Property 'dirty' does not exist on type '{}'.[0m [1m[35m[plugin angular-compiler][0m

    projects/loupe/src/app/pages/reference-detail/reference-detail-page.ts:14:40:
[37m      14 │   readonly dirty = () => this.detail()?.[32mdirty[37m() ?? false;
         ╵                                         [32m~~~~~[0m


[31mX [41;31m[[41;97mERROR[41;31m][0m [1mTS2591: Cannot find name 'domain'. Do you need to install type definitions for node? Try `npm i --save-dev @types/node` and then add 'node' to the types field in your tsconfig.[0m [1m[35m[plugin angular-compiler][0m

    projects/loupe/src/app/pages/reference-link/reference-link-page.ts:3:35:
[37m      3 │ import { ReferenceLinkPanel } from [32m'domain'[37m;
        ╵                                    [32m~~~~~~~~[0m


[31mX [41;31m[[41;97mERROR[41;31m][0m [1mNG1010: 'imports' must be an array of components, directives, pipes, or NgModules.
  Value could not be determined statically.[0m [1m[35m[plugin angular-compiler][0m

    projects/loupe/src/app/pages/reference-link/reference-link-page.ts:9:24:
[37m      9 │   imports: [RouterLink, [32mReferenceLinkPanel[37m, UnsavedChanges],
        ╵                         [32m~~~~~~~~~~~~~~~~~~[0m

  Unknown reference.

    projects/loupe/src/app/pages/reference-link/reference-link-page.ts:9:24:
[37m      9 │   imports: [RouterLink, [32mReferenceLinkPanel[37m, UnsavedChanges],
        ╵                         [32m~~~~~~~~~~~~~~~~~~[0m


[31mX [41;31m[[41;97mERROR[41;31m][0m [1mTS2339: Property 'dirty' does not exist on type '{}'.[0m [1m[35m[plugin angular-compiler][0m

    projects/loupe/src/app/pages/reference-link/reference-link-page.ts:17:38:
[37m      17 │   readonly dirty = () => this.form()?.[32mdirty[37m() ?? false;
         ╵                                       [32m~~~~~[0m


[31mX [41;31m[[41;97mERROR[41;31m][0m [1mTS2591: Cannot find name 'domain'. Do you need to install type definitions for node? Try `npm i --save-dev @types/node` and then add 'node' to the types field in your tsconfig.[0m [1m[35m[plugin angular-compiler][0m

    projects/loupe/src/app/pages/reference-upload/reference-upload-page.ts:3:36:
[37m      3 │ import { ReferenceImagePanel } from [32m'domain'[37m;
        ╵                                     [32m~~~~~~~~[0m


[31mX [41;31m[[41;97mERROR[41;31m][0m [1mNG1010: 'imports' must be an array of components, directives, pipes, or NgModules.
  Value could not be determined statically.[0m [1m[35m[plugin angular-compiler][0m

    projects/loupe/src/app/pages/reference-upload/reference-upload-page.ts:9:24:
[37m      9 │   imports: [RouterLink, [32mReferenceImagePanel[37m, UnsavedChanges],
        ╵                         [32m~~~~~~~~~~~~~~~~~~~[0m

  Unknown reference.

    projects/loupe/src/app/pages/reference-upload/reference-upload-page.ts:9:24:
[37m      9 │   imports: [RouterLink, [32mReferenceImagePanel[37m, UnsavedChanges],
        ╵                         [32m~~~~~~~~~~~~~~~~~~~[0m


[31mX [41;31m[[41;97mERROR[41;31m][0m [1mTS2339: Property 'dirty' does not exist on type '{}'.[0m [1m[35m[plugin angular-compiler][0m

    projects/loupe/src/app/pages/reference-upload/reference-upload-page.ts:17:38:
[37m      17 │   readonly dirty = () => this.form()?.[32mdirty[37m() ?? false;
         ╵                                       [32m~~~~~[0m


❯ Changes detected. Rebuilding...
✔ Changes detected. Rebuilding...
Application bundle generation failed. [0.003 seconds] - 2026-09-08T21:02:33.274Z

[31mX [41;31m[[41;97mERROR[41;31m][0m [1mTS2591: Cannot find name 'domain'. Do you need to install type definitions for node? Try `npm i --save-dev @types/node` and then add 'node' to the types field in your tsconfig.[0m [1m[35m[plugin angular-compiler][0m

    projects/loupe/src/app/dialogs/regenerate-critique/regenerate-critique.ts:3:32:
[37m      3 │ import { RequestCritique } from [32m'domain'[37m;
        ╵                                 [32m~~~~~~~~[0m


[31mX [41;31m[[41;97mERROR[41;31m][0m [1mNG1010: 'imports' must be an array of components, directives, pipes, or NgModules.
  Value could not be determined statically.[0m [1m[35m[plugin angular-compiler][0m

    projects/loupe/src/app/dialogs/regenerate-critique/regenerate-critique.ts:7:12:
[37m      7 │   imports: [[32mRequestCritique[37m],
        ╵             [32m~~~~~~~~~~~~~~~[0m

  Unknown reference.

    projects/loupe/src/app/dialogs/regenerate-critique/regenerate-critique.ts:7:12:
[37m      7 │   imports: [[32mRequestCritique[37m],
        ╵             [32m~~~~~~~~~~~~~~~[0m


[31mX [41;31m[[41;97mERROR[41;31m][0m [1mTS2339: Property 'busy' does not exist on type '{}'.[0m [1m[35m[plugin angular-compiler][0m

    projects/loupe/src/app/dialogs/regenerate-critique/regenerate-critique.ts:17:52:
[37m      17 │ ...uted(() => !!(this.request()?.[32mbusy[37m() || this.request()?.reviewi...
         ╵                                  [32m~~~~[0m


[31mX [41;31m[[41;97mERROR[41;31m][0m [1mTS2339: Property 'reviewing' does not exist on type '{}'.[0m [1m[35m[plugin angular-compiler][0m

    projects/loupe/src/app/dialogs/regenerate-critique/regenerate-critique.ts:17:78:
[37m      17 │ ...(() => !!(this.request()?.busy() || this.request()?.[32mreviewing[37m()));
         ╵                                                        [32m~~~~~~~~~[0m


[31mX [41;31m[[41;97mERROR[41;31m][0m [1mTS2591: Cannot find name 'domain'. Do you need to install type definitions for node? Try `npm i --save-dev @types/node` and then add 'node' to the types field in your tsconfig.[0m [1m[35m[plugin angular-compiler][0m

    projects/loupe/src/app/dialogs/replace-attempt/replace-attempt.ts:2:30:
[37m      2 │ import { AttemptPicker } from [32m'domain'[37m;
        ╵                               [32m~~~~~~~~[0m


[31mX [41;31m[[41;97mERROR[41;31m][0m [1mNG1010: 'imports' must be an array of components, directives, pipes, or NgModules.
  Value could not be determined statically.[0m [1m[35m[plugin angular-compiler][0m

    projects/loupe/src/app/dialogs/replace-attempt/replace-attempt.ts:6:12:
[37m      6 │   imports: [[32mAttemptPicker[37m],
        ╵             [32m~~~~~~~~~~~~~[0m

  Unknown reference.

    projects/loupe/src/app/dialogs/replace-attempt/replace-attempt.ts:6:12:
[37m      6 │   imports: [[32mAttemptPicker[37m],
        ╵             [32m~~~~~~~~~~~~~[0m


[31mX [41;31m[[41;97mERROR[41;31m][0m [1mTS2591: Cannot find name 'domain'. Do you need to install type definitions for node? Try `npm i --save-dev @types/node` and then add 'node' to the types field in your tsconfig.[0m [1m[35m[plugin angular-compiler][0m

    projects/loupe/src/app/pages/compare/compare-page.ts:3:49:
[37m      3 │ import { AttemptComparison, AttemptPicker } from [32m'domain'[37m;
        ╵                                                  [32m~~~~~~~~[0m


[31mX [41;31m[[41;97mERROR[41;31m][0m [1mNG1010: 'imports' must be an array of components, directives, pipes, or NgModules.
  Value could not be determined statically.[0m [1m[35m[plugin angular-compiler][0m

    projects/loupe/src/app/pages/compare/compare-page.ts:8:24:
[37m      8 │   imports: [RouterLink, [32mAttemptComparison[37m, AttemptPicker, ReplaceAt...
        ╵                         [32m~~~~~~~~~~~~~~~~~[0m

  Unknown reference.

    projects/loupe/src/app/pages/compare/compare-page.ts:8:24:
[37m      8 │   imports: [RouterLink, [32mAttemptComparison[37m, AttemptPicker, ReplaceAt...
        ╵                         [32m~~~~~~~~~~~~~~~~~[0m


[31mX [41;31m[[41;97mERROR[41;31m][0m [1mNG1010: 'imports' must be an array of components, directives, pipes, or NgModules.
  Value could not be determined statically.[0m [1m[35m[plugin angular-compiler][0m

    projects/loupe/src/app/pages/compare/compare-page.ts:8:43:
[37m      8 │ ...ts: [RouterLink, AttemptComparison, [32mAttemptPicker[37m, ReplaceAttempt],
        ╵                                        [32m~~~~~~~~~~~~~[0m

  Unknown reference.

    projects/loupe/src/app/pages/compare/compare-page.ts:8:43:
[37m      8 │ ...ts: [RouterLink, AttemptComparison, [32mAttemptPicker[37m, ReplaceAttempt],
        ╵                                        [32m~~~~~~~~~~~~~[0m


[31mX [41;31m[[41;97mERROR[41;31m][0m [1mTS2591: Cannot find name 'domain'. Do you need to install type definitions for node? Try `npm i --save-dev @types/node` and then add 'node' to the types field in your tsconfig.[0m [1m[35m[plugin angular-compiler][0m

    projects/loupe/src/app/pages/deletion/deletion-page.ts:3:31:
[37m      3 │ import { DeletionStatus } from [32m'domain'[37m;
        ╵                                [32m~~~~~~~~[0m


[31mX [41;31m[[41;97mERROR[41;31m][0m [1mNG1010: 'imports' must be an array of components, directives, pipes, or NgModules.
  Value could not be determined statically.[0m [1m[35m[plugin angular-compiler][0m

    projects/loupe/src/app/pages/deletion/deletion-page.ts:7:24:
[37m      7 │   imports: [RouterLink, [32mDeletionStatus[37m],
        ╵                         [32m~~~~~~~~~~~~~~[0m

  Unknown reference.

    projects/loupe/src/app/pages/deletion/deletion-page.ts:7:24:
[37m      7 │   imports: [RouterLink, [32mDeletionStatus[37m],
        ╵                         [32m~~~~~~~~~~~~~~[0m


[31mX [41;31m[[41;97mERROR[41;31m][0m [1mTS2591: Cannot find name 'domain'. Do you need to install type definitions for node? Try `npm i --save-dev @types/node` and then add 'node' to the types field in your tsconfig.[0m [1m[35m[plugin angular-compiler][0m

    projects/loupe/src/app/pages/inspiration/inspiration-page.ts:3:36:
[37m      3 │ import { ReferenceCollection } from [32m'domain'[37m;
        ╵                                     [32m~~~~~~~~[0m


[31mX [41;31m[[41;97mERROR[41;31m][0m [1mNG1010: 'imports' must be an array of components, directives, pipes, or NgModules.
  Value could not be determined statically.[0m [1m[35m[plugin angular-compiler][0m

    projects/loupe/src/app/pages/inspiration/inspiration-page.ts:6:12:
[37m      6 │   imports: [[32mReferenceCollection[37m, RouterLink],
        ╵             [32m~~~~~~~~~~~~~~~~~~~[0m

  Unknown reference.

    projects/loupe/src/app/pages/inspiration/inspiration-page.ts:6:12:
[37m      6 │   imports: [[32mReferenceCollection[37m, RouterLink],
        ╵             [32m~~~~~~~~~~~~~~~~~~~[0m


[31mX [41;31m[[41;97mERROR[41;31m][0m [1mTS2591: Cannot find name 'domain'. Do you need to install type definitions for node? Try `npm i --save-dev @types/node` and then add 'node' to the types field in your tsconfig.[0m [1m[35m[plugin angular-compiler][0m

    projects/loupe/src/app/pages/my-work/my-work.ts:2:37:
[37m      2 │ import { PhotographCollection } from [32m'domain'[37m;
        ╵                                      [32m~~~~~~~~[0m


[31mX [41;31m[[41;97mERROR[41;31m][0m [1mNG1010: 'imports' must be an array of components, directives, pipes, or NgModules.
  Value could not be determined statically.[0m [1m[35m[plugin angular-compiler][0m

    projects/loupe/src/app/pages/my-work/my-work.ts:7:12:
[37m      7 │   imports: [[32mPhotographCollection[37m, RouterLink],
        ╵             [32m~~~~~~~~~~~~~~~~~~~~[0m

  Unknown reference.

    projects/loupe/src/app/pages/my-work/my-work.ts:7:12:
[37m      7 │   imports: [[32mPhotographCollection[37m, RouterLink],
        ╵             [32m~~~~~~~~~~~~~~~~~~~~[0m


[31mX [41;31m[[41;97mERROR[41;31m][0m [1mTS2591: Cannot find name 'domain'. Do you need to install type definitions for node? Try `npm i --save-dev @types/node` and then add 'node' to the types field in your tsconfig.[0m [1m[35m[plugin angular-compiler][0m

    projects/loupe/src/app/pages/photograph-detail/photograph-detail-page.ts:4:33:
[37m      4 │ import { PhotographDetail } from [32m'domain'[37m;
        ╵                                  [32m~~~~~~~~[0m


[31mX [41;31m[[41;97mERROR[41;31m][0m [1mNG1010: 'imports' must be an array of components, directives, pipes, or NgModules.
  Value could not be determined statically.[0m [1m[35m[plugin angular-compiler][0m

    projects/loupe/src/app/pages/photograph-detail/photograph-detail-page.ts:11:24:
[37m      11 │   imports: [RouterLink, [32mPhotographDetail[37m, UnsavedChanges, DeletePh...
         ╵                         [32m~~~~~~~~~~~~~~~~[0m

  Unknown reference.

    projects/loupe/src/app/pages/photograph-detail/photograph-detail-page.ts:11:24:
[37m      11 │   imports: [RouterLink, [32mPhotographDetail[37m, UnsavedChanges, DeletePh...
         ╵                         [32m~~~~~~~~~~~~~~~~[0m


[31mX [41;31m[[41;97mERROR[41;31m][0m [1mTS2339: Property 'dirty' does not exist on type '{}'.[0m [1m[35m[plugin angular-compiler][0m

    projects/loupe/src/app/pages/photograph-detail/photograph-detail-page.ts:24:70:
[37m      24 │ ...uted(() => !this.deletion() && (this.detail()?.[32mdirty[37m() ?? false));
         ╵                                                   [32m~~~~~[0m


[31mX [41;31m[[41;97mERROR[41;31m][0m [1mTS2339: Property 'followCritique' does not exist on type '{}'.[0m [1m[35m[plugin angular-compiler][0m

    projects/loupe/src/app/pages/photograph-detail/photograph-detail-page.ts:29:19:
[37m      29 │     this.detail()?.[32mfollowCritique[37m(operation);
         ╵                    [32m~~~~~~~~~~~~~~[0m


[31mX [41;31m[[41;97mERROR[41;31m][0m [1mTS2339: Property 'photo' does not exist on type '{}'.[0m [1m[35m[plugin angular-compiler][0m

    projects/loupe/src/app/pages/photograph-detail/photograph-detail-page.ts:32:47:
[37m      32 │     if (photo.id === this.id()) this.detail()?.[32mphoto[37m.set(photo);
         ╵                                                [32m~~~~~[0m


[31mX [41;31m[[41;97mERROR[41;31m][0m [1mTS2591: Cannot find name 'domain'. Do you need to install type definitions for node? Try `npm i --save-dev @types/node` and then add 'node' to the types field in your tsconfig.[0m [1m[35m[plugin angular-compiler][0m

    projects/loupe/src/app/pages/photograph-upload/photograph-upload-page.ts:3:50:
[37m      3 │ import { PhotographUpload, RequestCritique } from [32m'domain'[37m;
        ╵                                                   [32m~~~~~~~~[0m


[31mX [41;31m[[41;97mERROR[41;31m][0m [1mNG1010: 'imports' must be an array of components, directives, pipes, or NgModules.
  Value could not be determined statically.[0m [1m[35m[plugin angular-compiler][0m

    projects/loupe/src/app/pages/photograph-upload/photograph-upload-page.ts:9:24:
[37m      9 │   imports: [RouterLink, [32mPhotographUpload[37m, UnsavedChanges, RequestCr...
        ╵                         [32m~~~~~~~~~~~~~~~~[0m

  Unknown reference.

    projects/loupe/src/app/pages/photograph-upload/photograph-upload-page.ts:9:24:
[37m      9 │   imports: [RouterLink, [32mPhotographUpload[37m, UnsavedChanges, RequestCr...
        ╵                         [32m~~~~~~~~~~~~~~~~[0m


[31mX [41;31m[[41;97mERROR[41;31m][0m [1mNG1010: 'imports' must be an array of components, directives, pipes, or NgModules.
  Value could not be determined statically.[0m [1m[35m[plugin angular-compiler][0m

    projects/loupe/src/app/pages/photograph-upload/photograph-upload-page.ts:9:58:
[37m      9 │ ...s: [RouterLink, PhotographUpload, UnsavedChanges, [32mRequestCritique[37m],
        ╵                                                      [32m~~~~~~~~~~~~~~~[0m

  Unknown reference.

    projects/loupe/src/app/pages/photograph-upload/photograph-upload-page.ts:9:58:
[37m      9 │ ...s: [RouterLink, PhotographUpload, UnsavedChanges, [32mRequestCritique[37m],
        ╵                                                      [32m~~~~~~~~~~~~~~~[0m


[31mX [41;31m[[41;97mERROR[41;31m][0m [1mTS2339: Property 'dirty' does not exist on type '{}'.[0m [1m[35m[plugin angular-compiler][0m

    projects/loupe/src/app/pages/photograph-upload/photograph-upload-page.ts:19:38:
[37m      19 │   readonly dirty = () => this.form()?.[32mdirty[37m() ?? false;
         ╵                                       [32m~~~~~[0m


[31mX [41;31m[[41;97mERROR[41;31m][0m [1mTS2339: Property 'dirty' does not exist on type '{}'.[0m [1m[35m[plugin angular-compiler][0m

    projects/loupe/src/app/pages/photograph-upload/photograph-upload-page.ts:21:47:
[37m      21 │     return this.dialog().canLeave(this.form()?.[32mdirty[37m() ?? false);
         ╵                                                [32m~~~~~[0m


[31mX [41;31m[[41;97mERROR[41;31m][0m [1mTS2339: Property 'requestCritique' does not exist on type '{}'.[0m [1m[35m[plugin angular-compiler][0m

    projects/loupe/src/app/pages/photograph-upload/photograph-upload-page.ts:24:21:
[37m      24 │     if (this.form()?.[32mrequestCritique[37m()) {
         ╵                      [32m~~~~~~~~~~~~~~~[0m


[31mX [41;31m[[41;97mERROR[41;31m][0m [1mTS2591: Cannot find name 'domain'. Do you need to install type definitions for node? Try `npm i --save-dev @types/node` and then add 'node' to the types field in your tsconfig.[0m [1m[35m[plugin angular-compiler][0m

    projects/loupe/src/app/pages/reference-detail/reference-detail-page.ts:4:37:
[37m      4 │ import { ReferenceDetailPanel } from [32m'domain'[37m;
        ╵                                      [32m~~~~~~~~[0m


[31mX [41;31m[[41;97mERROR[41;31m][0m [1mNG1010: 'imports' must be an array of components, directives, pipes, or NgModules.
  Value could not be determined statically.[0m [1m[35m[plugin angular-compiler][0m

    projects/loupe/src/app/pages/reference-detail/reference-detail-page.ts:7:24:
[37m      7 │   imports: [RouterLink, [32mReferenceDetailPanel[37m, UnsavedChanges],
        ╵                         [32m~~~~~~~~~~~~~~~~~~~~[0m

  Unknown reference.

    projects/loupe/src/app/pages/reference-detail/reference-detail-page.ts:7:24:
[37m      7 │   imports: [RouterLink, [32mReferenceDetailPanel[37m, UnsavedChanges],
        ╵                         [32m~~~~~~~~~~~~~~~~~~~~[0m


[31mX [41;31m[[41;97mERROR[41;31m][0m [1mTS2339: Property 'dirty' does not exist on type '{}'.[0m [1m[35m[plugin angular-compiler][0m

    projects/loupe/src/app/pages/reference-detail/reference-detail-page.ts:14:40:
[37m      14 │   readonly dirty = () => this.detail()?.[32mdirty[37m() ?? false;
         ╵                                         [32m~~~~~[0m


[31mX [41;31m[[41;97mERROR[41;31m][0m [1mTS2591: Cannot find name 'domain'. Do you need to install type definitions for node? Try `npm i --save-dev @types/node` and then add 'node' to the types field in your tsconfig.[0m [1m[35m[plugin angular-compiler][0m

    projects/loupe/src/app/pages/reference-link/reference-link-page.ts:3:35:
[37m      3 │ import { ReferenceLinkPanel } from [32m'domain'[37m;
        ╵                                    [32m~~~~~~~~[0m


[31mX [41;31m[[41;97mERROR[41;31m][0m [1mNG1010: 'imports' must be an array of components, directives, pipes, or NgModules.
  Value could not be determined statically.[0m [1m[35m[plugin angular-compiler][0m

    projects/loupe/src/app/pages/reference-link/reference-link-page.ts:9:24:
[37m      9 │   imports: [RouterLink, [32mReferenceLinkPanel[37m, UnsavedChanges],
        ╵                         [32m~~~~~~~~~~~~~~~~~~[0m

  Unknown reference.

    projects/loupe/src/app/pages/reference-link/reference-link-page.ts:9:24:
[37m      9 │   imports: [RouterLink, [32mReferenceLinkPanel[37m, UnsavedChanges],
        ╵                         [32m~~~~~~~~~~~~~~~~~~[0m


[31mX [41;31m[[41;97mERROR[41;31m][0m [1mTS2339: Property 'dirty' does not exist on type '{}'.[0m [1m[35m[plugin angular-compiler][0m

    projects/loupe/src/app/pages/reference-link/reference-link-page.ts:17:38:
[37m      17 │   readonly dirty = () => this.form()?.[32mdirty[37m() ?? false;
         ╵                                       [32m~~~~~[0m


[31mX [41;31m[[41;97mERROR[41;31m][0m [1mTS2591: Cannot find name 'domain'. Do you need to install type definitions for node? Try `npm i --save-dev @types/node` and then add 'node' to the types field in your tsconfig.[0m [1m[35m[plugin angular-compiler][0m

    projects/loupe/src/app/pages/reference-upload/reference-upload-page.ts:3:36:
[37m      3 │ import { ReferenceImagePanel } from [32m'domain'[37m;
        ╵                                     [32m~~~~~~~~[0m


[31mX [41;31m[[41;97mERROR[41;31m][0m [1mNG1010: 'imports' must be an array of components, directives, pipes, or NgModules.
  Value could not be determined statically.[0m [1m[35m[plugin angular-compiler][0m

    projects/loupe/src/app/pages/reference-upload/reference-upload-page.ts:9:24:
[37m      9 │   imports: [RouterLink, [32mReferenceImagePanel[37m, UnsavedChanges],
        ╵                         [32m~~~~~~~~~~~~~~~~~~~[0m

  Unknown reference.

    projects/loupe/src/app/pages/reference-upload/reference-upload-page.ts:9:24:
[37m      9 │   imports: [RouterLink, [32mReferenceImagePanel[37m, UnsavedChanges],
        ╵                         [32m~~~~~~~~~~~~~~~~~~~[0m


[31mX [41;31m[[41;97mERROR[41;31m][0m [1mTS2339: Property 'dirty' does not exist on type '{}'.[0m [1m[35m[plugin angular-compiler][0m

    projects/loupe/src/app/pages/reference-upload/reference-upload-page.ts:17:38:
[37m      17 │   readonly dirty = () => this.form()?.[32mdirty[37m() ?? false;
         ╵                                       [32m~~~~~[0m


❯ Changes detected. Rebuilding...
✔ Changes detected. Rebuilding...
Application bundle generation failed. [0.001 seconds] - 2026-09-08T21:03:07.385Z

[31mX [41;31m[[41;97mERROR[41;31m][0m [1mTS2591: Cannot find name 'domain'. Do you need to install type definitions for node? Try `npm i --save-dev @types/node` and then add 'node' to the types field in your tsconfig.[0m [1m[35m[plugin angular-compiler][0m

    projects/loupe/src/app/dialogs/regenerate-critique/regenerate-critique.ts:3:32:
[37m      3 │ import { RequestCritique } from [32m'domain'[37m;
        ╵                                 [32m~~~~~~~~[0m


[31mX [41;31m[[41;97mERROR[41;31m][0m [1mNG1010: 'imports' must be an array of components, directives, pipes, or NgModules.
  Value could not be determined statically.[0m [1m[35m[plugin angular-compiler][0m

    projects/loupe/src/app/dialogs/regenerate-critique/regenerate-critique.ts:7:12:
[37m      7 │   imports: [[32mRequestCritique[37m],
        ╵             [32m~~~~~~~~~~~~~~~[0m

  Unknown reference.

    projects/loupe/src/app/dialogs/regenerate-critique/regenerate-critique.ts:7:12:
[37m      7 │   imports: [[32mRequestCritique[37m],
        ╵             [32m~~~~~~~~~~~~~~~[0m


[31mX [41;31m[[41;97mERROR[41;31m][0m [1mTS2339: Property 'busy' does not exist on type '{}'.[0m [1m[35m[plugin angular-compiler][0m

    projects/loupe/src/app/dialogs/regenerate-critique/regenerate-critique.ts:17:52:
[37m      17 │ ...uted(() => !!(this.request()?.[32mbusy[37m() || this.request()?.reviewi...
         ╵                                  [32m~~~~[0m


[31mX [41;31m[[41;97mERROR[41;31m][0m [1mTS2339: Property 'reviewing' does not exist on type '{}'.[0m [1m[35m[plugin angular-compiler][0m

    projects/loupe/src/app/dialogs/regenerate-critique/regenerate-critique.ts:17:78:
[37m      17 │ ...(() => !!(this.request()?.busy() || this.request()?.[32mreviewing[37m()));
         ╵                                                        [32m~~~~~~~~~[0m


[31mX [41;31m[[41;97mERROR[41;31m][0m [1mTS2591: Cannot find name 'domain'. Do you need to install type definitions for node? Try `npm i --save-dev @types/node` and then add 'node' to the types field in your tsconfig.[0m [1m[35m[plugin angular-compiler][0m

    projects/loupe/src/app/dialogs/replace-attempt/replace-attempt.ts:2:30:
[37m      2 │ import { AttemptPicker } from [32m'domain'[37m;
        ╵                               [32m~~~~~~~~[0m


[31mX [41;31m[[41;97mERROR[41;31m][0m [1mNG1010: 'imports' must be an array of components, directives, pipes, or NgModules.
  Value could not be determined statically.[0m [1m[35m[plugin angular-compiler][0m

    projects/loupe/src/app/dialogs/replace-attempt/replace-attempt.ts:6:12:
[37m      6 │   imports: [[32mAttemptPicker[37m],
        ╵             [32m~~~~~~~~~~~~~[0m

  Unknown reference.

    projects/loupe/src/app/dialogs/replace-attempt/replace-attempt.ts:6:12:
[37m      6 │   imports: [[32mAttemptPicker[37m],
        ╵             [32m~~~~~~~~~~~~~[0m


[31mX [41;31m[[41;97mERROR[41;31m][0m [1mTS2591: Cannot find name 'domain'. Do you need to install type definitions for node? Try `npm i --save-dev @types/node` and then add 'node' to the types field in your tsconfig.[0m [1m[35m[plugin angular-compiler][0m

    projects/loupe/src/app/pages/compare/compare-page.ts:3:49:
[37m      3 │ import { AttemptComparison, AttemptPicker } from [32m'domain'[37m;
        ╵                                                  [32m~~~~~~~~[0m


[31mX [41;31m[[41;97mERROR[41;31m][0m [1mNG1010: 'imports' must be an array of components, directives, pipes, or NgModules.
  Value could not be determined statically.[0m [1m[35m[plugin angular-compiler][0m

    projects/loupe/src/app/pages/compare/compare-page.ts:8:24:
[37m      8 │   imports: [RouterLink, [32mAttemptComparison[37m, AttemptPicker, ReplaceAt...
        ╵                         [32m~~~~~~~~~~~~~~~~~[0m

  Unknown reference.

    projects/loupe/src/app/pages/compare/compare-page.ts:8:24:
[37m      8 │   imports: [RouterLink, [32mAttemptComparison[37m, AttemptPicker, ReplaceAt...
        ╵                         [32m~~~~~~~~~~~~~~~~~[0m


[31mX [41;31m[[41;97mERROR[41;31m][0m [1mNG1010: 'imports' must be an array of components, directives, pipes, or NgModules.
  Value could not be determined statically.[0m [1m[35m[plugin angular-compiler][0m

    projects/loupe/src/app/pages/compare/compare-page.ts:8:43:
[37m      8 │ ...ts: [RouterLink, AttemptComparison, [32mAttemptPicker[37m, ReplaceAttempt],
        ╵                                        [32m~~~~~~~~~~~~~[0m

  Unknown reference.

    projects/loupe/src/app/pages/compare/compare-page.ts:8:43:
[37m      8 │ ...ts: [RouterLink, AttemptComparison, [32mAttemptPicker[37m, ReplaceAttempt],
        ╵                                        [32m~~~~~~~~~~~~~[0m


[31mX [41;31m[[41;97mERROR[41;31m][0m [1mTS2591: Cannot find name 'domain'. Do you need to install type definitions for node? Try `npm i --save-dev @types/node` and then add 'node' to the types field in your tsconfig.[0m [1m[35m[plugin angular-compiler][0m

    projects/loupe/src/app/pages/deletion/deletion-page.ts:3:31:
[37m      3 │ import { DeletionStatus } from [32m'domain'[37m;
        ╵                                [32m~~~~~~~~[0m


[31mX [41;31m[[41;97mERROR[41;31m][0m [1mNG1010: 'imports' must be an array of components, directives, pipes, or NgModules.
  Value could not be determined statically.[0m [1m[35m[plugin angular-compiler][0m

    projects/loupe/src/app/pages/deletion/deletion-page.ts:7:24:
[37m      7 │   imports: [RouterLink, [32mDeletionStatus[37m],
        ╵                         [32m~~~~~~~~~~~~~~[0m

  Unknown reference.

    projects/loupe/src/app/pages/deletion/deletion-page.ts:7:24:
[37m      7 │   imports: [RouterLink, [32mDeletionStatus[37m],
        ╵                         [32m~~~~~~~~~~~~~~[0m


[31mX [41;31m[[41;97mERROR[41;31m][0m [1mTS2591: Cannot find name 'domain'. Do you need to install type definitions for node? Try `npm i --save-dev @types/node` and then add 'node' to the types field in your tsconfig.[0m [1m[35m[plugin angular-compiler][0m

    projects/loupe/src/app/pages/inspiration/inspiration-page.ts:3:36:
[37m      3 │ import { ReferenceCollection } from [32m'domain'[37m;
        ╵                                     [32m~~~~~~~~[0m


[31mX [41;31m[[41;97mERROR[41;31m][0m [1mNG1010: 'imports' must be an array of components, directives, pipes, or NgModules.
  Value could not be determined statically.[0m [1m[35m[plugin angular-compiler][0m

    projects/loupe/src/app/pages/inspiration/inspiration-page.ts:6:12:
[37m      6 │   imports: [[32mReferenceCollection[37m, RouterLink],
        ╵             [32m~~~~~~~~~~~~~~~~~~~[0m

  Unknown reference.

    projects/loupe/src/app/pages/inspiration/inspiration-page.ts:6:12:
[37m      6 │   imports: [[32mReferenceCollection[37m, RouterLink],
        ╵             [32m~~~~~~~~~~~~~~~~~~~[0m


[31mX [41;31m[[41;97mERROR[41;31m][0m [1mTS2591: Cannot find name 'domain'. Do you need to install type definitions for node? Try `npm i --save-dev @types/node` and then add 'node' to the types field in your tsconfig.[0m [1m[35m[plugin angular-compiler][0m

    projects/loupe/src/app/pages/my-work/my-work.ts:2:37:
[37m      2 │ import { PhotographCollection } from [32m'domain'[37m;
        ╵                                      [32m~~~~~~~~[0m


[31mX [41;31m[[41;97mERROR[41;31m][0m [1mNG1010: 'imports' must be an array of components, directives, pipes, or NgModules.
  Value could not be determined statically.[0m [1m[35m[plugin angular-compiler][0m

    projects/loupe/src/app/pages/my-work/my-work.ts:7:12:
[37m      7 │   imports: [[32mPhotographCollection[37m, RouterLink],
        ╵             [32m~~~~~~~~~~~~~~~~~~~~[0m

  Unknown reference.

    projects/loupe/src/app/pages/my-work/my-work.ts:7:12:
[37m      7 │   imports: [[32mPhotographCollection[37m, RouterLink],
        ╵             [32m~~~~~~~~~~~~~~~~~~~~[0m


[31mX [41;31m[[41;97mERROR[41;31m][0m [1mTS2591: Cannot find name 'domain'. Do you need to install type definitions for node? Try `npm i --save-dev @types/node` and then add 'node' to the types field in your tsconfig.[0m [1m[35m[plugin angular-compiler][0m

    projects/loupe/src/app/pages/photograph-detail/photograph-detail-page.ts:4:33:
[37m      4 │ import { PhotographDetail } from [32m'domain'[37m;
        ╵                                  [32m~~~~~~~~[0m


[31mX [41;31m[[41;97mERROR[41;31m][0m [1mNG1010: 'imports' must be an array of components, directives, pipes, or NgModules.
  Value could not be determined statically.[0m [1m[35m[plugin angular-compiler][0m

    projects/loupe/src/app/pages/photograph-detail/photograph-detail-page.ts:11:24:
[37m      11 │   imports: [RouterLink, [32mPhotographDetail[37m, UnsavedChanges, DeletePh...
         ╵                         [32m~~~~~~~~~~~~~~~~[0m

  Unknown reference.

    projects/loupe/src/app/pages/photograph-detail/photograph-detail-page.ts:11:24:
[37m      11 │   imports: [RouterLink, [32mPhotographDetail[37m, UnsavedChanges, DeletePh...
         ╵                         [32m~~~~~~~~~~~~~~~~[0m


[31mX [41;31m[[41;97mERROR[41;31m][0m [1mTS2339: Property 'dirty' does not exist on type '{}'.[0m [1m[35m[plugin angular-compiler][0m

    projects/loupe/src/app/pages/photograph-detail/photograph-detail-page.ts:24:70:
[37m      24 │ ...uted(() => !this.deletion() && (this.detail()?.[32mdirty[37m() ?? false));
         ╵                                                   [32m~~~~~[0m


[31mX [41;31m[[41;97mERROR[41;31m][0m [1mTS2339: Property 'followCritique' does not exist on type '{}'.[0m [1m[35m[plugin angular-compiler][0m

    projects/loupe/src/app/pages/photograph-detail/photograph-detail-page.ts:29:19:
[37m      29 │     this.detail()?.[32mfollowCritique[37m(operation);
         ╵                    [32m~~~~~~~~~~~~~~[0m


[31mX [41;31m[[41;97mERROR[41;31m][0m [1mTS2339: Property 'photo' does not exist on type '{}'.[0m [1m[35m[plugin angular-compiler][0m

    projects/loupe/src/app/pages/photograph-detail/photograph-detail-page.ts:32:47:
[37m      32 │     if (photo.id === this.id()) this.detail()?.[32mphoto[37m.set(photo);
         ╵                                                [32m~~~~~[0m


[31mX [41;31m[[41;97mERROR[41;31m][0m [1mTS2591: Cannot find name 'domain'. Do you need to install type definitions for node? Try `npm i --save-dev @types/node` and then add 'node' to the types field in your tsconfig.[0m [1m[35m[plugin angular-compiler][0m

    projects/loupe/src/app/pages/photograph-upload/photograph-upload-page.ts:3:50:
[37m      3 │ import { PhotographUpload, RequestCritique } from [32m'domain'[37m;
        ╵                                                   [32m~~~~~~~~[0m


[31mX [41;31m[[41;97mERROR[41;31m][0m [1mNG1010: 'imports' must be an array of components, directives, pipes, or NgModules.
  Value could not be determined statically.[0m [1m[35m[plugin angular-compiler][0m

    projects/loupe/src/app/pages/photograph-upload/photograph-upload-page.ts:9:24:
[37m      9 │   imports: [RouterLink, [32mPhotographUpload[37m, UnsavedChanges, RequestCr...
        ╵                         [32m~~~~~~~~~~~~~~~~[0m

  Unknown reference.

    projects/loupe/src/app/pages/photograph-upload/photograph-upload-page.ts:9:24:
[37m      9 │   imports: [RouterLink, [32mPhotographUpload[37m, UnsavedChanges, RequestCr...
        ╵                         [32m~~~~~~~~~~~~~~~~[0m


[31mX [41;31m[[41;97mERROR[41;31m][0m [1mNG1010: 'imports' must be an array of components, directives, pipes, or NgModules.
  Value could not be determined statically.[0m [1m[35m[plugin angular-compiler][0m

    projects/loupe/src/app/pages/photograph-upload/photograph-upload-page.ts:9:58:
[37m      9 │ ...s: [RouterLink, PhotographUpload, UnsavedChanges, [32mRequestCritique[37m],
        ╵                                                      [32m~~~~~~~~~~~~~~~[0m

  Unknown reference.

    projects/loupe/src/app/pages/photograph-upload/photograph-upload-page.ts:9:58:
[37m      9 │ ...s: [RouterLink, PhotographUpload, UnsavedChanges, [32mRequestCritique[37m],
        ╵                                                      [32m~~~~~~~~~~~~~~~[0m


[31mX [41;31m[[41;97mERROR[41;31m][0m [1mTS2339: Property 'dirty' does not exist on type '{}'.[0m [1m[35m[plugin angular-compiler][0m

    projects/loupe/src/app/pages/photograph-upload/photograph-upload-page.ts:19:38:
[37m      19 │   readonly dirty = () => this.form()?.[32mdirty[37m() ?? false;
         ╵                                       [32m~~~~~[0m


[31mX [41;31m[[41;97mERROR[41;31m][0m [1mTS2339: Property 'dirty' does not exist on type '{}'.[0m [1m[35m[plugin angular-compiler][0m

    projects/loupe/src/app/pages/photograph-upload/photograph-upload-page.ts:21:47:
[37m      21 │     return this.dialog().canLeave(this.form()?.[32mdirty[37m() ?? false);
         ╵                                                [32m~~~~~[0m


[31mX [41;31m[[41;97mERROR[41;31m][0m [1mTS2339: Property 'requestCritique' does not exist on type '{}'.[0m [1m[35m[plugin angular-compiler][0m

    projects/loupe/src/app/pages/photograph-upload/photograph-upload-page.ts:24:21:
[37m      24 │     if (this.form()?.[32mrequestCritique[37m()) {
         ╵                      [32m~~~~~~~~~~~~~~~[0m


[31mX [41;31m[[41;97mERROR[41;31m][0m [1mTS2591: Cannot find name 'domain'. Do you need to install type definitions for node? Try `npm i --save-dev @types/node` and then add 'node' to the types field in your tsconfig.[0m [1m[35m[plugin angular-compiler][0m

    projects/loupe/src/app/pages/reference-detail/reference-detail-page.ts:4:37:
[37m      4 │ import { ReferenceDetailPanel } from [32m'domain'[37m;
        ╵                                      [32m~~~~~~~~[0m


[31mX [41;31m[[41;97mERROR[41;31m][0m [1mNG1010: 'imports' must be an array of components, directives, pipes, or NgModules.
  Value could not be determined statically.[0m [1m[35m[plugin angular-compiler][0m

    projects/loupe/src/app/pages/reference-detail/reference-detail-page.ts:7:24:
[37m      7 │   imports: [RouterLink, [32mReferenceDetailPanel[37m, UnsavedChanges],
        ╵                         [32m~~~~~~~~~~~~~~~~~~~~[0m

  Unknown reference.

    projects/loupe/src/app/pages/reference-detail/reference-detail-page.ts:7:24:
[37m      7 │   imports: [RouterLink, [32mReferenceDetailPanel[37m, UnsavedChanges],
        ╵                         [32m~~~~~~~~~~~~~~~~~~~~[0m


[31mX [41;31m[[41;97mERROR[41;31m][0m [1mTS2339: Property 'dirty' does not exist on type '{}'.[0m [1m[35m[plugin angular-compiler][0m

    projects/loupe/src/app/pages/reference-detail/reference-detail-page.ts:14:40:
[37m      14 │   readonly dirty = () => this.detail()?.[32mdirty[37m() ?? false;
         ╵                                         [32m~~~~~[0m


[31mX [41;31m[[41;97mERROR[41;31m][0m [1mTS2591: Cannot find name 'domain'. Do you need to install type definitions for node? Try `npm i --save-dev @types/node` and then add 'node' to the types field in your tsconfig.[0m [1m[35m[plugin angular-compiler][0m

    projects/loupe/src/app/pages/reference-link/reference-link-page.ts:3:35:
[37m      3 │ import { ReferenceLinkPanel } from [32m'domain'[37m;
        ╵                                    [32m~~~~~~~~[0m


[31mX [41;31m[[41;97mERROR[41;31m][0m [1mNG1010: 'imports' must be an array of components, directives, pipes, or NgModules.
  Value could not be determined statically.[0m [1m[35m[plugin angular-compiler][0m

    projects/loupe/src/app/pages/reference-link/reference-link-page.ts:9:24:
[37m      9 │   imports: [RouterLink, [32mReferenceLinkPanel[37m, UnsavedChanges],
        ╵                         [32m~~~~~~~~~~~~~~~~~~[0m

  Unknown reference.

    projects/loupe/src/app/pages/reference-link/reference-link-page.ts:9:24:
[37m      9 │   imports: [RouterLink, [32mReferenceLinkPanel[37m, UnsavedChanges],
        ╵                         [32m~~~~~~~~~~~~~~~~~~[0m


[31mX [41;31m[[41;97mERROR[41;31m][0m [1mTS2339: Property 'dirty' does not exist on type '{}'.[0m [1m[35m[plugin angular-compiler][0m

    projects/loupe/src/app/pages/reference-link/reference-link-page.ts:17:38:
[37m      17 │   readonly dirty = () => this.form()?.[32mdirty[37m() ?? false;
         ╵                                       [32m~~~~~[0m


[31mX [41;31m[[41;97mERROR[41;31m][0m [1mTS2591: Cannot find name 'domain'. Do you need to install type definitions for node? Try `npm i --save-dev @types/node` and then add 'node' to the types field in your tsconfig.[0m [1m[35m[plugin angular-compiler][0m

    projects/loupe/src/app/pages/reference-upload/reference-upload-page.ts:3:36:
[37m      3 │ import { ReferenceImagePanel } from [32m'domain'[37m;
        ╵                                     [32m~~~~~~~~[0m


[31mX [41;31m[[41;97mERROR[41;31m][0m [1mNG1010: 'imports' must be an array of components, directives, pipes, or NgModules.
  Value could not be determined statically.[0m [1m[35m[plugin angular-compiler][0m

    projects/loupe/src/app/pages/reference-upload/reference-upload-page.ts:9:24:
[37m      9 │   imports: [RouterLink, [32mReferenceImagePanel[37m, UnsavedChanges],
        ╵                         [32m~~~~~~~~~~~~~~~~~~~[0m

  Unknown reference.

    projects/loupe/src/app/pages/reference-upload/reference-upload-page.ts:9:24:
[37m      9 │   imports: [RouterLink, [32mReferenceImagePanel[37m, UnsavedChanges],
        ╵                         [32m~~~~~~~~~~~~~~~~~~~[0m


[31mX [41;31m[[41;97mERROR[41;31m][0m [1mTS2339: Property 'dirty' does not exist on type '{}'.[0m [1m[35m[plugin angular-compiler][0m

    projects/loupe/src/app/pages/reference-upload/reference-upload-page.ts:17:38:
[37m      17 │   readonly dirty = () => this.form()?.[32mdirty[37m() ?? false;
         ╵                                       [32m~~~~~[0m


❯ Changes detected. Rebuilding...
✔ Changes detected. Rebuilding...
Application bundle generation failed. [0.992 seconds] - 2026-09-08T21:03:10.868Z

[31mX [41;31m[[41;97mERROR[41;31m][0m [1mTS2571: Object is of type 'unknown'.[0m [1m[35m[plugin angular-compiler][0m

    projects/loupe/src/app/app.html:2:13:
[37m      2 │ @if (session.[32mcurrent[37m(); as user) {
        ╵              [32m~~~~~~~[0m

  Error occurs in the template of component App.

    projects/loupe/src/app/app.ts:10:15:
[37m      10 │   templateUrl: [32m'./app.html'[37m,
         ╵                [32m~~~~~~~~~~~~[0m


[31mX [41;31m[[41;97mERROR[41;31m][0m [1mTS2571: Object is of type 'unknown'.[0m [1m[35m[plugin angular-compiler][0m

    projects/loupe/src/app/app.html:2:13:
[37m      2 │ @if (session.[32mcurrent[37m(); as user) {
        ╵              [32m~~~~~~~[0m

  Error occurs in the template of component App.

    projects/loupe/src/app/app.ts:10:15:
[37m      10 │   templateUrl: [32m'./app.html'[37m,
         ╵                [32m~~~~~~~~~~~~[0m


[31mX [41;31m[[41;97mERROR[41;31m][0m [1mTS2307: Cannot find module 'api' or its corresponding type declarations.[0m [1m[35m[plugin angular-compiler][0m

    projects/loupe/src/app/app.providers.ts:1:65:
[37m      1 │ ...rt { REFERENCE_IMPORT_SERVICE, ReferenceImportService } from [32m'api'[37m;
        ╵                                                                 [32m~~~~~[0m


[31mX [41;31m[[41;97mERROR[41;31m][0m [1mTS2307: Cannot find module 'api' or its corresponding type declarations.[0m [1m[35m[plugin angular-compiler][0m

    projects/loupe/src/app/app.providers.ts:2:52:
[37m      2 │ import { REFERENCE_SERVICE, ReferenceService } from [32m'api'[37m;
        ╵                                                     [32m~~~~~[0m


[31mX [41;31m[[41;97mERROR[41;31m][0m [1mTS2307: Cannot find module 'api' or its corresponding type declarations.[0m [1m[35m[plugin angular-compiler][0m

    projects/loupe/src/app/app.providers.ts:4:87:
[37m      4 │ ...SessionService, PHOTOGRAPH_SERVICE, PhotographService } from [32m'api'[37m;
        ╵                                                                 [32m~~~~~[0m


[31mX [41;31m[[41;97mERROR[41;31m][0m [1mTS2307: Cannot find module 'api' or its corresponding type declarations.[0m [1m[35m[plugin angular-compiler][0m

    projects/loupe/src/app/app.providers.ts:5:50:
[37m      5 │ import { DELETION_SERVICE, DeletionService } from [32m'api'[37m;
        ╵                                                   [32m~~~~~[0m


[31mX [41;31m[[41;97mERROR[41;31m][0m [1mTS2307: Cannot find module 'api' or its corresponding type declarations.[0m [1m[35m[plugin angular-compiler][0m

    projects/loupe/src/app/app.providers.ts:6:50:
[37m      6 │ import { CRITIQUE_SERVICE, CritiqueService } from [32m'api'[37m;
        ╵                                                   [32m~~~~~[0m


[31mX [41;31m[[41;97mERROR[41;31m][0m [1mTS2307: Cannot find module 'api' or its corresponding type declarations.[0m [1m[35m[plugin angular-compiler][0m

    projects/loupe/src/app/app.providers.ts:7:54:
[37m      7 │ import { COMPARISON_SERVICE, ComparisonService } from [32m'api'[37m;
        ╵                                                       [32m~~~~~[0m


[31mX [41;31m[[41;97mERROR[41;31m][0m [1mTS2307: Cannot find module 'api' or its corresponding type declarations.[0m [1m[35m[plugin angular-compiler][0m

    projects/loupe/src/app/app.ts:4:32:
[37m      4 │ import { SESSION_SERVICE } from [32m'api'[37m;
        ╵                                 [32m~~~~~[0m


[31mX [41;31m[[41;97mERROR[41;31m][0m [1mTS2571: Object is of type 'unknown'.[0m [1m[35m[plugin angular-compiler][0m

    projects/loupe/src/app/app.ts:38:12:
[37m      38 │       await [32mthis.session[37m.signOut();
         ╵             [32m~~~~~~~~~~~~[0m


[31mX [41;31m[[41;97mERROR[41;31m][0m [1mTS2307: Cannot find module 'api' or its corresponding type declarations.[0m [1m[35m[plugin angular-compiler][0m

    projects/loupe/src/app/dialogs/delete-photograph/delete-photograph.ts:18:7:
[37m      18 │ } from [32m'api'[37m;
         ╵        [32m~~~~~[0m


[31mX [41;31m[[41;97mERROR[41;31m][0m [1mTS2571: Object is of type 'unknown'.[0m [1m[35m[plugin angular-compiler][0m

    projects/loupe/src/app/dialogs/delete-photograph/delete-photograph.ts:62:27:
[37m      62 │       const result = await [32mthis.service[37m.deletePhotograph(photograp...
         ╵                            [32m~~~~~~~~~~~~[0m


[31mX [41;31m[[41;97mERROR[41;31m][0m [1mTS18046: 'error' is of type 'unknown'.[0m [1m[35m[plugin angular-compiler][0m

    projects/loupe/src/app/dialogs/delete-photograph/delete-photograph.ts:69:45:
[37m      69 │ ...r instanceof ServiceError && [32merror[37m.code === 'revision_conflict') {
         ╵                                 [32m~~~~~[0m


[31mX [41;31m[[41;97mERROR[41;31m][0m [1mTS18046: 'error' is of type 'unknown'.[0m [1m[35m[plugin angular-compiler][0m

    projects/loupe/src/app/dialogs/delete-photograph/delete-photograph.ts:72:52:
[37m      72 │ ...rror instanceof ServiceError && [32merror[37m.code === 'item_unavailable')
         ╵                                    [32m~~~~~[0m


[31mX [41;31m[[41;97mERROR[41;31m][0m [1mTS2571: Object is of type 'unknown'.[0m [1m[35m[plugin angular-compiler][0m

    projects/loupe/src/app/dialogs/delete-photograph/delete-photograph.ts:87:27:
[37m      87 │       const latest = await [32mthis.photographs[37m.get(photograph.id);
         ╵                            [32m~~~~~~~~~~~~~~~~[0m


[31mX [41;31m[[41;97mERROR[41;31m][0m [1mTS18046: 'error' is of type 'unknown'.[0m [1m[35m[plugin angular-compiler][0m

    projects/loupe/src/app/dialogs/delete-photograph/delete-photograph.ts:97:45:
[37m      97 │ ...rror instanceof ServiceError && [32merror[37m.code === 'item_unavailable')
         ╵                                    [32m~~~~~[0m


[31mX [41;31m[[41;97mERROR[41;31m][0m [1mTS2307: Cannot find module 'api' or its corresponding type declarations.[0m [1m[35m[plugin angular-compiler][0m

    projects/loupe/src/app/dialogs/regenerate-critique/regenerate-critique.ts:2:50:
[37m      2 │ import { OperationResult, PhotographResult } from [32m'api'[37m;
        ╵                                                   [32m~~~~~[0m


[31mX [41;31m[[41;97mERROR[41;31m][0m [1mTS2307: Cannot find module 'api' or its corresponding type declarations.[0m [1m[35m[plugin angular-compiler][0m

    projects/loupe/src/app/dialogs/unsaved-changes/unsaved-changes.ts:10:32:
[37m      10 │ import { SESSION_SERVICE } from [32m'api'[37m;
         ╵                                 [32m~~~~~[0m


[31mX [41;31m[[41;97mERROR[41;31m][0m [1mTS2571: Object is of type 'unknown'.[0m [1m[35m[plugin angular-compiler][0m

    projects/loupe/src/app/dialogs/unsaved-changes/unsaved-changes.ts:29:10:
[37m      29 │       if ([32mthis.session[37m.current() && this.dirty()()) {
         ╵           [32m~~~~~~~~~~~~[0m


[31mX [41;31m[[41;97mERROR[41;31m][0m [1mTS2571: Object is of type 'unknown'.[0m [1m[35m[plugin angular-compiler][0m

    projects/loupe/src/app/dialogs/unsaved-changes/unsaved-changes.ts:41:11:
[37m      41 │     return [32mthis.session[37m.current() && dirty ? this.confirmDiscard()...
         ╵            [32m~~~~~~~~~~~~[0m


[31mX [41;31m[[41;97mERROR[41;31m][0m [1mTS2307: Cannot find module 'api' or its corresponding type declarations.[0m [1m[35m[plugin angular-compiler][0m

    projects/loupe/src/app/pages/photograph-detail/photograph-detail-page.ts:3:83:
[37m      3 │ ...t, OperationResult, PhotographResult, SESSION_SERVICE } from [32m'api'[37m;
        ╵                                                                 [32m~~~~~[0m


[31mX [41;31m[[41;97mERROR[41;31m][0m [1mTS2571: Object is of type 'unknown'.[0m [1m[35m[plugin angular-compiler][0m

    projects/loupe/src/app/pages/photograph-detail/photograph-detail-page.ts:39:8:
[37m      39 │     if ([32mthis.session[37m.current() && (this.deleting() || this.request...
         ╵         [32m~~~~~~~~~~~~[0m


[31mX [41;31m[[41;97mERROR[41;31m][0m [1mTS2307: Cannot find module 'api' or its corresponding type declarations.[0m [1m[35m[plugin angular-compiler][0m

    projects/loupe/src/app/pages/photograph-upload/photograph-upload-page.ts:4:50:
[37m      4 │ import { OperationResult, PhotographResult } from [32m'api'[37m;
        ╵                                                   [32m~~~~~[0m


[31mX [41;31m[[41;97mERROR[41;31m][0m [1mTS2307: Cannot find module 'api' or its corresponding type declarations.[0m [1m[35m[plugin angular-compiler][0m

    projects/loupe/src/app/pages/reference-link/reference-link-page.ts:4:32:
[37m      4 │ import { ReferenceResult } from [32m'api'[37m;
        ╵                                 [32m~~~~~[0m


[31mX [41;31m[[41;97mERROR[41;31m][0m [1mTS2307: Cannot find module 'api' or its corresponding type declarations.[0m [1m[35m[plugin angular-compiler][0m

    projects/loupe/src/app/pages/reference-upload/reference-upload-page.ts:4:32:
[37m      4 │ import { ReferenceResult } from [32m'api'[37m;
        ╵                                 [32m~~~~~[0m


[31mX [41;31m[[41;97mERROR[41;31m][0m [1mTS2307: Cannot find module 'api' or its corresponding type declarations.[0m [1m[35m[plugin angular-compiler][0m

    projects/loupe/src/app/pages/sign-in/sign-in.ts:3:32:
[37m      3 │ import { SESSION_SERVICE } from [32m'api'[37m;
        ╵                                 [32m~~~~~[0m


[31mX [41;31m[[41;97mERROR[41;31m][0m [1mTS2571: Object is of type 'unknown'.[0m [1m[35m[plugin angular-compiler][0m

    projects/loupe/src/app/pages/sign-in/sign-in.ts:12:4:
[37m      12 │     [32mthis.session[37m.signIn(this.destination());
         ╵     [32m~~~~~~~~~~~~[0m


[31mX [41;31m[[41;97mERROR[41;31m][0m [1mTS2307: Cannot find module 'api' or its corresponding type declarations.[0m [1m[35m[plugin angular-compiler][0m

    projects/loupe/src/app/session.guard.ts:3:32:
[37m      3 │ import { SESSION_SERVICE } from [32m'api'[37m;
        ╵                                 [32m~~~~~[0m


[31mX [41;31m[[41;97mERROR[41;31m][0m [1mTS18046: 'session' is of type 'unknown'.[0m [1m[35m[plugin angular-compiler][0m

    projects/loupe/src/app/session.guard.ts:9:18:
[37m      9 │     return (await [32msession[37m.load())
        ╵                   [32m~~~~~~~[0m


[31mX [41;31m[[41;97mERROR[41;31m][0m [1mTS2307: Cannot find module 'api' or its corresponding type declarations.[0m [1m[35m[plugin angular-compiler][0m

    projects/loupe/src/testing/app.providers.ts:1:41:
[37m      1 │ import { REFERENCE_IMPORT_SERVICE } from [32m'api'[37m;
        ╵                                          [32m~~~~~[0m


[31mX [41;31m[[41;97mERROR[41;31m][0m [1mTS2307: Cannot find module 'api' or its corresponding type declarations.[0m [1m[35m[plugin angular-compiler][0m

    projects/loupe/src/testing/app.providers.ts:3:34:
[37m      3 │ import { REFERENCE_SERVICE } from [32m'api'[37m;
        ╵                                   [32m~~~~~[0m


[31mX [41;31m[[41;97mERROR[41;31m][0m [1mTS2307: Cannot find module 'api' or its corresponding type declarations.[0m [1m[35m[plugin angular-compiler][0m

    projects/loupe/src/testing/app.providers.ts:5:88:
[37m      5 │ ...HOTOGRAPH_SERVICE, DELETION_SERVICE, CRITIQUE_SERVICE } from [32m'api'[37m;
        ╵                                                                 [32m~~~~~[0m


[31mX [41;31m[[41;97mERROR[41;31m][0m [1mTS2307: Cannot find module 'api' or its corresponding type declarations.[0m [1m[35m[plugin angular-compiler][0m

    projects/loupe/src/testing/app.providers.ts:10:35:
[37m      10 │ import { COMPARISON_SERVICE } from [32m'api'[37m;
         ╵                                    [32m~~~~~[0m


[31mX [41;31m[[41;97mERROR[41;31m][0m [1mTS2307: Cannot find module 'api' or its corresponding type declarations.[0m [1m[35m[plugin angular-compiler][0m

    projects/loupe/src/testing/mock-comparison.service.ts:10:7:
[37m      10 │ } from [32m'api'[37m;
         ╵        [32m~~~~~[0m


[31mX [41;31m[[41;97mERROR[41;31m][0m [1mTS2307: Cannot find module 'api' or its corresponding type declarations.[0m [1m[35m[plugin angular-compiler][0m

    projects/loupe/src/testing/mock-critique.service.ts:9:7:
[37m      9 │ } from [32m'api'[37m;
        ╵        [32m~~~~~[0m


[31mX [41;31m[[41;97mERROR[41;31m][0m [1mTS2307: Cannot find module 'api' or its corresponding type declarations.[0m [1m[35m[plugin angular-compiler][0m

    projects/loupe/src/testing/mock-deletion.service.ts:2:63:
[37m      2 │ import { DeletionResult, IDeletionService, ServiceError } from [32m'api'[37m;
        ╵                                                                [32m~~~~~[0m


[31mX [41;31m[[41;97mERROR[41;31m][0m [1mTS2307: Cannot find module 'api' or its corresponding type declarations.[0m [1m[35m[plugin angular-compiler][0m

    projects/loupe/src/testing/mock-photograph.service.ts:10:7:
[37m      10 │ } from [32m'api'[37m;
         ╵        [32m~~~~~[0m


[31mX [41;31m[[41;97mERROR[41;31m][0m [1mTS2307: Cannot find module 'api' or its corresponding type declarations.[0m [1m[35m[plugin angular-compiler][0m

    projects/loupe/src/testing/mock-reference-import.service.ts:7:7:
[37m      7 │ } from [32m'api'[37m;
        ╵        [32m~~~~~[0m


[31mX [41;31m[[41;97mERROR[41;31m][0m [1mTS2307: Cannot find module 'api' or its corresponding type declarations.[0m [1m[35m[plugin angular-compiler][0m

    projects/loupe/src/testing/mock-reference.service.ts:1:70:
[37m      1 │ ...ReferenceMetadata, ReferenceLink, ReferenceLinkResult } from [32m'api'[37m;
        ╵                                                                 [32m~~~~~[0m


[31mX [41;31m[[41;97mERROR[41;31m][0m [1mTS2307: Cannot find module 'api' or its corresponding type declarations.[0m [1m[35m[plugin angular-compiler][0m

    projects/loupe/src/testing/mock-reference.service.ts:2:48:
[37m      2 │ import { ReferenceUpload, UploadProgress } from [32m'api'[37m;
        ╵                                                 [32m~~~~~[0m


[31mX [41;31m[[41;97mERROR[41;31m][0m [1mTS2307: Cannot find module 'api' or its corresponding type declarations.[0m [1m[35m[plugin angular-compiler][0m

    projects/loupe/src/testing/mock-reference.service.ts:4:80:
[37m      4 │ ...Service, ReferencePage, ReferenceResult, ServiceError } from [32m'api'[37m;
        ╵                                                                 [32m~~~~~[0m


[31mX [41;31m[[41;97mERROR[41;31m][0m [1mTS2307: Cannot find module 'api' or its corresponding type declarations.[0m [1m[35m[plugin angular-compiler][0m

    projects/loupe/src/testing/mock-session.service.ts:3:47:
[37m      3 │ import { ISessionService, SessionResult } from [32m'api'[37m;
        ╵                                                [32m~~~~~[0m


❯ Changes detected. Rebuilding...
✔ Changes detected. Rebuilding...
Application bundle generation failed. [0.002 seconds] - 2026-09-08T21:03:12.798Z

[31mX [41;31m[[41;97mERROR[41;31m][0m [1mTS2571: Object is of type 'unknown'.[0m [1m[35m[plugin angular-compiler][0m

    projects/loupe/src/app/app.html:2:13:
[37m      2 │ @if (session.[32mcurrent[37m(); as user) {
        ╵              [32m~~~~~~~[0m

  Error occurs in the template of component App.

    projects/loupe/src/app/app.ts:10:15:
[37m      10 │   templateUrl: [32m'./app.html'[37m,
         ╵                [32m~~~~~~~~~~~~[0m


[31mX [41;31m[[41;97mERROR[41;31m][0m [1mTS2571: Object is of type 'unknown'.[0m [1m[35m[plugin angular-compiler][0m

    projects/loupe/src/app/app.html:2:13:
[37m      2 │ @if (session.[32mcurrent[37m(); as user) {
        ╵              [32m~~~~~~~[0m

  Error occurs in the template of component App.

    projects/loupe/src/app/app.ts:10:15:
[37m      10 │   templateUrl: [32m'./app.html'[37m,
         ╵                [32m~~~~~~~~~~~~[0m


[31mX [41;31m[[41;97mERROR[41;31m][0m [1mTS2307: Cannot find module 'api' or its corresponding type declarations.[0m [1m[35m[plugin angular-compiler][0m

    projects/loupe/src/app/app.providers.ts:1:65:
[37m      1 │ ...rt { REFERENCE_IMPORT_SERVICE, ReferenceImportService } from [32m'api'[37m;
        ╵                                                                 [32m~~~~~[0m


[31mX [41;31m[[41;97mERROR[41;31m][0m [1mTS2307: Cannot find module 'api' or its corresponding type declarations.[0m [1m[35m[plugin angular-compiler][0m

    projects/loupe/src/app/app.providers.ts:2:52:
[37m      2 │ import { REFERENCE_SERVICE, ReferenceService } from [32m'api'[37m;
        ╵                                                     [32m~~~~~[0m


[31mX [41;31m[[41;97mERROR[41;31m][0m [1mTS2307: Cannot find module 'api' or its corresponding type declarations.[0m [1m[35m[plugin angular-compiler][0m

    projects/loupe/src/app/app.providers.ts:4:87:
[37m      4 │ ...SessionService, PHOTOGRAPH_SERVICE, PhotographService } from [32m'api'[37m;
        ╵                                                                 [32m~~~~~[0m


[31mX [41;31m[[41;97mERROR[41;31m][0m [1mTS2307: Cannot find module 'api' or its corresponding type declarations.[0m [1m[35m[plugin angular-compiler][0m

    projects/loupe/src/app/app.providers.ts:5:50:
[37m      5 │ import { DELETION_SERVICE, DeletionService } from [32m'api'[37m;
        ╵                                                   [32m~~~~~[0m


[31mX [41;31m[[41;97mERROR[41;31m][0m [1mTS2307: Cannot find module 'api' or its corresponding type declarations.[0m [1m[35m[plugin angular-compiler][0m

    projects/loupe/src/app/app.providers.ts:6:50:
[37m      6 │ import { CRITIQUE_SERVICE, CritiqueService } from [32m'api'[37m;
        ╵                                                   [32m~~~~~[0m


[31mX [41;31m[[41;97mERROR[41;31m][0m [1mTS2307: Cannot find module 'api' or its corresponding type declarations.[0m [1m[35m[plugin angular-compiler][0m

    projects/loupe/src/app/app.providers.ts:7:54:
[37m      7 │ import { COMPARISON_SERVICE, ComparisonService } from [32m'api'[37m;
        ╵                                                       [32m~~~~~[0m


[31mX [41;31m[[41;97mERROR[41;31m][0m [1mTS2307: Cannot find module 'api' or its corresponding type declarations.[0m [1m[35m[plugin angular-compiler][0m

    projects/loupe/src/app/app.ts:4:32:
[37m      4 │ import { SESSION_SERVICE } from [32m'api'[37m;
        ╵                                 [32m~~~~~[0m


[31mX [41;31m[[41;97mERROR[41;31m][0m [1mTS2571: Object is of type 'unknown'.[0m [1m[35m[plugin angular-compiler][0m

    projects/loupe/src/app/app.ts:38:12:
[37m      38 │       await [32mthis.session[37m.signOut();
         ╵             [32m~~~~~~~~~~~~[0m


[31mX [41;31m[[41;97mERROR[41;31m][0m [1mTS2307: Cannot find module 'api' or its corresponding type declarations.[0m [1m[35m[plugin angular-compiler][0m

    projects/loupe/src/app/dialogs/delete-photograph/delete-photograph.ts:18:7:
[37m      18 │ } from [32m'api'[37m;
         ╵        [32m~~~~~[0m


[31mX [41;31m[[41;97mERROR[41;31m][0m [1mTS2571: Object is of type 'unknown'.[0m [1m[35m[plugin angular-compiler][0m

    projects/loupe/src/app/dialogs/delete-photograph/delete-photograph.ts:62:27:
[37m      62 │       const result = await [32mthis.service[37m.deletePhotograph(photograp...
         ╵                            [32m~~~~~~~~~~~~[0m


[31mX [41;31m[[41;97mERROR[41;31m][0m [1mTS18046: 'error' is of type 'unknown'.[0m [1m[35m[plugin angular-compiler][0m

    projects/loupe/src/app/dialogs/delete-photograph/delete-photograph.ts:69:45:
[37m      69 │ ...r instanceof ServiceError && [32merror[37m.code === 'revision_conflict') {
         ╵                                 [32m~~~~~[0m


[31mX [41;31m[[41;97mERROR[41;31m][0m [1mTS18046: 'error' is of type 'unknown'.[0m [1m[35m[plugin angular-compiler][0m

    projects/loupe/src/app/dialogs/delete-photograph/delete-photograph.ts:72:52:
[37m      72 │ ...rror instanceof ServiceError && [32merror[37m.code === 'item_unavailable')
         ╵                                    [32m~~~~~[0m


[31mX [41;31m[[41;97mERROR[41;31m][0m [1mTS2571: Object is of type 'unknown'.[0m [1m[35m[plugin angular-compiler][0m

    projects/loupe/src/app/dialogs/delete-photograph/delete-photograph.ts:87:27:
[37m      87 │       const latest = await [32mthis.photographs[37m.get(photograph.id);
         ╵                            [32m~~~~~~~~~~~~~~~~[0m


[31mX [41;31m[[41;97mERROR[41;31m][0m [1mTS18046: 'error' is of type 'unknown'.[0m [1m[35m[plugin angular-compiler][0m

    projects/loupe/src/app/dialogs/delete-photograph/delete-photograph.ts:97:45:
[37m      97 │ ...rror instanceof ServiceError && [32merror[37m.code === 'item_unavailable')
         ╵                                    [32m~~~~~[0m


[31mX [41;31m[[41;97mERROR[41;31m][0m [1mTS2307: Cannot find module 'api' or its corresponding type declarations.[0m [1m[35m[plugin angular-compiler][0m

    projects/loupe/src/app/dialogs/regenerate-critique/regenerate-critique.ts:2:50:
[37m      2 │ import { OperationResult, PhotographResult } from [32m'api'[37m;
        ╵                                                   [32m~~~~~[0m


[31mX [41;31m[[41;97mERROR[41;31m][0m [1mTS2307: Cannot find module 'api' or its corresponding type declarations.[0m [1m[35m[plugin angular-compiler][0m

    projects/loupe/src/app/dialogs/unsaved-changes/unsaved-changes.ts:10:32:
[37m      10 │ import { SESSION_SERVICE } from [32m'api'[37m;
         ╵                                 [32m~~~~~[0m


[31mX [41;31m[[41;97mERROR[41;31m][0m [1mTS2571: Object is of type 'unknown'.[0m [1m[35m[plugin angular-compiler][0m

    projects/loupe/src/app/dialogs/unsaved-changes/unsaved-changes.ts:29:10:
[37m      29 │       if ([32mthis.session[37m.current() && this.dirty()()) {
         ╵           [32m~~~~~~~~~~~~[0m


[31mX [41;31m[[41;97mERROR[41;31m][0m [1mTS2571: Object is of type 'unknown'.[0m [1m[35m[plugin angular-compiler][0m

    projects/loupe/src/app/dialogs/unsaved-changes/unsaved-changes.ts:41:11:
[37m      41 │     return [32mthis.session[37m.current() && dirty ? this.confirmDiscard()...
         ╵            [32m~~~~~~~~~~~~[0m


[31mX [41;31m[[41;97mERROR[41;31m][0m [1mTS2307: Cannot find module 'api' or its corresponding type declarations.[0m [1m[35m[plugin angular-compiler][0m

    projects/loupe/src/app/pages/photograph-detail/photograph-detail-page.ts:3:83:
[37m      3 │ ...t, OperationResult, PhotographResult, SESSION_SERVICE } from [32m'api'[37m;
        ╵                                                                 [32m~~~~~[0m


[31mX [41;31m[[41;97mERROR[41;31m][0m [1mTS2571: Object is of type 'unknown'.[0m [1m[35m[plugin angular-compiler][0m

    projects/loupe/src/app/pages/photograph-detail/photograph-detail-page.ts:39:8:
[37m      39 │     if ([32mthis.session[37m.current() && (this.deleting() || this.request...
         ╵         [32m~~~~~~~~~~~~[0m


[31mX [41;31m[[41;97mERROR[41;31m][0m [1mTS2307: Cannot find module 'api' or its corresponding type declarations.[0m [1m[35m[plugin angular-compiler][0m

    projects/loupe/src/app/pages/photograph-upload/photograph-upload-page.ts:4:50:
[37m      4 │ import { OperationResult, PhotographResult } from [32m'api'[37m;
        ╵                                                   [32m~~~~~[0m


[31mX [41;31m[[41;97mERROR[41;31m][0m [1mTS2307: Cannot find module 'api' or its corresponding type declarations.[0m [1m[35m[plugin angular-compiler][0m

    projects/loupe/src/app/pages/reference-link/reference-link-page.ts:4:32:
[37m      4 │ import { ReferenceResult } from [32m'api'[37m;
        ╵                                 [32m~~~~~[0m


[31mX [41;31m[[41;97mERROR[41;31m][0m [1mTS2307: Cannot find module 'api' or its corresponding type declarations.[0m [1m[35m[plugin angular-compiler][0m

    projects/loupe/src/app/pages/reference-upload/reference-upload-page.ts:4:32:
[37m      4 │ import { ReferenceResult } from [32m'api'[37m;
        ╵                                 [32m~~~~~[0m


[31mX [41;31m[[41;97mERROR[41;31m][0m [1mTS2307: Cannot find module 'api' or its corresponding type declarations.[0m [1m[35m[plugin angular-compiler][0m

    projects/loupe/src/app/pages/sign-in/sign-in.ts:3:32:
[37m      3 │ import { SESSION_SERVICE } from [32m'api'[37m;
        ╵                                 [32m~~~~~[0m


[31mX [41;31m[[41;97mERROR[41;31m][0m [1mTS2571: Object is of type 'unknown'.[0m [1m[35m[plugin angular-compiler][0m

    projects/loupe/src/app/pages/sign-in/sign-in.ts:12:4:
[37m      12 │     [32mthis.session[37m.signIn(this.destination());
         ╵     [32m~~~~~~~~~~~~[0m


[31mX [41;31m[[41;97mERROR[41;31m][0m [1mTS2307: Cannot find module 'api' or its corresponding type declarations.[0m [1m[35m[plugin angular-compiler][0m

    projects/loupe/src/app/session.guard.ts:3:32:
[37m      3 │ import { SESSION_SERVICE } from [32m'api'[37m;
        ╵                                 [32m~~~~~[0m


[31mX [41;31m[[41;97mERROR[41;31m][0m [1mTS18046: 'session' is of type 'unknown'.[0m [1m[35m[plugin angular-compiler][0m

    projects/loupe/src/app/session.guard.ts:9:18:
[37m      9 │     return (await [32msession[37m.load())
        ╵                   [32m~~~~~~~[0m


[31mX [41;31m[[41;97mERROR[41;31m][0m [1mTS2307: Cannot find module 'api' or its corresponding type declarations.[0m [1m[35m[plugin angular-compiler][0m

    projects/loupe/src/testing/app.providers.ts:1:41:
[37m      1 │ import { REFERENCE_IMPORT_SERVICE } from [32m'api'[37m;
        ╵                                          [32m~~~~~[0m


[31mX [41;31m[[41;97mERROR[41;31m][0m [1mTS2307: Cannot find module 'api' or its corresponding type declarations.[0m [1m[35m[plugin angular-compiler][0m

    projects/loupe/src/testing/app.providers.ts:3:34:
[37m      3 │ import { REFERENCE_SERVICE } from [32m'api'[37m;
        ╵                                   [32m~~~~~[0m


[31mX [41;31m[[41;97mERROR[41;31m][0m [1mTS2307: Cannot find module 'api' or its corresponding type declarations.[0m [1m[35m[plugin angular-compiler][0m

    projects/loupe/src/testing/app.providers.ts:5:88:
[37m      5 │ ...HOTOGRAPH_SERVICE, DELETION_SERVICE, CRITIQUE_SERVICE } from [32m'api'[37m;
        ╵                                                                 [32m~~~~~[0m


[31mX [41;31m[[41;97mERROR[41;31m][0m [1mTS2307: Cannot find module 'api' or its corresponding type declarations.[0m [1m[35m[plugin angular-compiler][0m

    projects/loupe/src/testing/app.providers.ts:10:35:
[37m      10 │ import { COMPARISON_SERVICE } from [32m'api'[37m;
         ╵                                    [32m~~~~~[0m


[31mX [41;31m[[41;97mERROR[41;31m][0m [1mTS2307: Cannot find module 'api' or its corresponding type declarations.[0m [1m[35m[plugin angular-compiler][0m

    projects/loupe/src/testing/mock-comparison.service.ts:10:7:
[37m      10 │ } from [32m'api'[37m;
         ╵        [32m~~~~~[0m


[31mX [41;31m[[41;97mERROR[41;31m][0m [1mTS2307: Cannot find module 'api' or its corresponding type declarations.[0m [1m[35m[plugin angular-compiler][0m

    projects/loupe/src/testing/mock-critique.service.ts:9:7:
[37m      9 │ } from [32m'api'[37m;
        ╵        [32m~~~~~[0m


[31mX [41;31m[[41;97mERROR[41;31m][0m [1mTS2307: Cannot find module 'api' or its corresponding type declarations.[0m [1m[35m[plugin angular-compiler][0m

    projects/loupe/src/testing/mock-deletion.service.ts:2:63:
[37m      2 │ import { DeletionResult, IDeletionService, ServiceError } from [32m'api'[37m;
        ╵                                                                [32m~~~~~[0m


[31mX [41;31m[[41;97mERROR[41;31m][0m [1mTS2307: Cannot find module 'api' or its corresponding type declarations.[0m [1m[35m[plugin angular-compiler][0m

    projects/loupe/src/testing/mock-photograph.service.ts:10:7:
[37m      10 │ } from [32m'api'[37m;
         ╵        [32m~~~~~[0m


[31mX [41;31m[[41;97mERROR[41;31m][0m [1mTS2307: Cannot find module 'api' or its corresponding type declarations.[0m [1m[35m[plugin angular-compiler][0m

    projects/loupe/src/testing/mock-reference-import.service.ts:7:7:
[37m      7 │ } from [32m'api'[37m;
        ╵        [32m~~~~~[0m


[31mX [41;31m[[41;97mERROR[41;31m][0m [1mTS2307: Cannot find module 'api' or its corresponding type declarations.[0m [1m[35m[plugin angular-compiler][0m

    projects/loupe/src/testing/mock-reference.service.ts:1:70:
[37m      1 │ ...ReferenceMetadata, ReferenceLink, ReferenceLinkResult } from [32m'api'[37m;
        ╵                                                                 [32m~~~~~[0m


[31mX [41;31m[[41;97mERROR[41;31m][0m [1mTS2307: Cannot find module 'api' or its corresponding type declarations.[0m [1m[35m[plugin angular-compiler][0m

    projects/loupe/src/testing/mock-reference.service.ts:2:48:
[37m      2 │ import { ReferenceUpload, UploadProgress } from [32m'api'[37m;
        ╵                                                 [32m~~~~~[0m


[31mX [41;31m[[41;97mERROR[41;31m][0m [1mTS2307: Cannot find module 'api' or its corresponding type declarations.[0m [1m[35m[plugin angular-compiler][0m

    projects/loupe/src/testing/mock-reference.service.ts:4:80:
[37m      4 │ ...Service, ReferencePage, ReferenceResult, ServiceError } from [32m'api'[37m;
        ╵                                                                 [32m~~~~~[0m


[31mX [41;31m[[41;97mERROR[41;31m][0m [1mTS2307: Cannot find module 'api' or its corresponding type declarations.[0m [1m[35m[plugin angular-compiler][0m

    projects/loupe/src/testing/mock-session.service.ts:3:47:
[37m      3 │ import { ISessionService, SessionResult } from [32m'api'[37m;
        ╵                                                [32m~~~~~[0m


❯ Changes detected. Rebuilding...
✔ Changes detected. Rebuilding...
Initial chunk files | Names         |  Raw size
main.js             | main          | 464.15 kB | 
styles.css          | styles        |  23.65 kB | 

                    | Initial total | 487.80 kB

Application bundle generation complete. [1.001 seconds] - 2026-09-08T21:03:16.417Z

Page reload sent to client(s).
[2m5:03:16 p.m.[22m [31m[1m[vite][22m[39m [31m[2m(client)[22m[39m Pre-transform error: Failed to resolve import "components" from ".angular/vite-root/loupe/main.js". Does the file exist?
  Plugin: [35mvite:import-analysis[39m
  File: [36mC:/projects/loupe/frontend/.angular/vite-root/loupe/main.js[39m:515:49
[33m  513 |  
  514 |  // dist/domain/fesm2022/domain.mjs
  515 |  import { PhotographCard, CritiqueContent } from "components";
      |                                                   ^
  516 |  import { DatePipe, DecimalPipe } from "@angular/common";
  517 |  import * as i1 from "@angular/forms";[39m
[2m5:03:16 p.m.[22m [31m[1m[vite][22m[39m [31mInternal server error: Failed to resolve import "components" from ".angular/vite-root/loupe/main.js". Does the file exist?[39m
  Plugin: [35mvite:import-analysis[39m
  File: [36mC:/projects/loupe/frontend/.angular/vite-root/loupe/main.js[39m:515:49
[33m  513 |  
  514 |  // dist/domain/fesm2022/domain.mjs
  515 |  import { PhotographCard, CritiqueContent } from "components";
      |                                                   ^
  516 |  import { DatePipe, DecimalPipe } from "@angular/common";
  517 |  import * as i1 from "@angular/forms";[39m
      at TransformPluginContext._formatLog (file:///C:/projects/loupe/frontend/node_modules/vite/dist/node/chunks/node.js:30416:39)
      at TransformPluginContext.error (file:///C:/projects/loupe/frontend/node_modules/vite/dist/node/chunks/node.js:30413:14)
      at normalizeUrl (file:///C:/projects/loupe/frontend/node_modules/vite/dist/node/chunks/node.js:27438:18)
      at async file:///C:/projects/loupe/frontend/node_modules/vite/dist/node/chunks/node.js:27506:30
      at async Promise.all (index 11)
      at async TransformPluginContext.transform (file:///C:/projects/loupe/frontend/node_modules/vite/dist/node/chunks/node.js:27474:4)
      at async EnvironmentPluginContainer.transform (file:///C:/projects/loupe/frontend/node_modules/vite/dist/node/chunks/node.js:30201:14)
      at async loadAndTransform (file:///C:/projects/loupe/frontend/node_modules/vite/dist/node/chunks/node.js:20124:26)
      at async viteTransformMiddleware (file:///C:/projects/loupe/frontend/node_modules/vite/dist/node/chunks/node.js:24604:20)
❯ Changes detected. Rebuilding...
✔ Changes detected. Rebuilding...
Initial chunk files | Names         |  Raw size
main.js             | main          | 464.15 kB | 
styles.css          | styles        |  23.65 kB | 

                    | Initial total | 487.80 kB

Application bundle generation complete. [0.038 seconds] - 2026-09-08T21:03:18.326Z

❯ Changes detected. Rebuilding...
✔ Changes detected. Rebuilding...
Application bundle generation failed. [0.415 seconds] - 2026-09-08T21:03:21.167Z

[31mX [41;31m[[41;97mERROR[41;31m][0m [1mTS2591: Cannot find name 'domain'. Do you need to install type definitions for node? Try `npm i --save-dev @types/node` and then add 'node' to the types field in your tsconfig.[0m [1m[35m[plugin angular-compiler][0m

    projects/loupe/src/app/dialogs/regenerate-critique/regenerate-critique.ts:3:32:
[37m      3 │ import { RequestCritique } from [32m'domain'[37m;
        ╵                                 [32m~~~~~~~~[0m


[31mX [41;31m[[41;97mERROR[41;31m][0m [1mNG1010: 'imports' must be an array of components, directives, pipes, or NgModules.
  Value could not be determined statically.[0m [1m[35m[plugin angular-compiler][0m

    projects/loupe/src/app/dialogs/regenerate-critique/regenerate-critique.ts:7:12:
[37m      7 │   imports: [[32mRequestCritique[37m],
        ╵             [32m~~~~~~~~~~~~~~~[0m

  Unknown reference.

    projects/loupe/src/app/dialogs/regenerate-critique/regenerate-critique.ts:7:12:
[37m      7 │   imports: [[32mRequestCritique[37m],
        ╵             [32m~~~~~~~~~~~~~~~[0m


[31mX [41;31m[[41;97mERROR[41;31m][0m [1mTS2339: Property 'busy' does not exist on type '{}'.[0m [1m[35m[plugin angular-compiler][0m

    projects/loupe/src/app/dialogs/regenerate-critique/regenerate-critique.ts:17:52:
[37m      17 │ ...uted(() => !!(this.request()?.[32mbusy[37m() || this.request()?.reviewi...
         ╵                                  [32m~~~~[0m


[31mX [41;31m[[41;97mERROR[41;31m][0m [1mTS2339: Property 'reviewing' does not exist on type '{}'.[0m [1m[35m[plugin angular-compiler][0m

    projects/loupe/src/app/dialogs/regenerate-critique/regenerate-critique.ts:17:78:
[37m      17 │ ...(() => !!(this.request()?.busy() || this.request()?.[32mreviewing[37m()));
         ╵                                                        [32m~~~~~~~~~[0m


[31mX [41;31m[[41;97mERROR[41;31m][0m [1mTS2591: Cannot find name 'domain'. Do you need to install type definitions for node? Try `npm i --save-dev @types/node` and then add 'node' to the types field in your tsconfig.[0m [1m[35m[plugin angular-compiler][0m

    projects/loupe/src/app/dialogs/replace-attempt/replace-attempt.ts:2:30:
[37m      2 │ import { AttemptPicker } from [32m'domain'[37m;
        ╵                               [32m~~~~~~~~[0m


[31mX [41;31m[[41;97mERROR[41;31m][0m [1mNG1010: 'imports' must be an array of components, directives, pipes, or NgModules.
  Value could not be determined statically.[0m [1m[35m[plugin angular-compiler][0m

    projects/loupe/src/app/dialogs/replace-attempt/replace-attempt.ts:6:12:
[37m      6 │   imports: [[32mAttemptPicker[37m],
        ╵             [32m~~~~~~~~~~~~~[0m

  Unknown reference.

    projects/loupe/src/app/dialogs/replace-attempt/replace-attempt.ts:6:12:
[37m      6 │   imports: [[32mAttemptPicker[37m],
        ╵             [32m~~~~~~~~~~~~~[0m


[31mX [41;31m[[41;97mERROR[41;31m][0m [1mTS2591: Cannot find name 'domain'. Do you need to install type definitions for node? Try `npm i --save-dev @types/node` and then add 'node' to the types field in your tsconfig.[0m [1m[35m[plugin angular-compiler][0m

    projects/loupe/src/app/pages/compare/compare-page.ts:3:49:
[37m      3 │ import { AttemptComparison, AttemptPicker } from [32m'domain'[37m;
        ╵                                                  [32m~~~~~~~~[0m


[31mX [41;31m[[41;97mERROR[41;31m][0m [1mNG1010: 'imports' must be an array of components, directives, pipes, or NgModules.
  Value could not be determined statically.[0m [1m[35m[plugin angular-compiler][0m

    projects/loupe/src/app/pages/compare/compare-page.ts:8:24:
[37m      8 │   imports: [RouterLink, [32mAttemptComparison[37m, AttemptPicker, ReplaceAt...
        ╵                         [32m~~~~~~~~~~~~~~~~~[0m

  Unknown reference.

    projects/loupe/src/app/pages/compare/compare-page.ts:8:24:
[37m      8 │   imports: [RouterLink, [32mAttemptComparison[37m, AttemptPicker, ReplaceAt...
        ╵                         [32m~~~~~~~~~~~~~~~~~[0m


[31mX [41;31m[[41;97mERROR[41;31m][0m [1mNG1010: 'imports' must be an array of components, directives, pipes, or NgModules.
  Value could not be determined statically.[0m [1m[35m[plugin angular-compiler][0m

    projects/loupe/src/app/pages/compare/compare-page.ts:8:43:
[37m      8 │ ...ts: [RouterLink, AttemptComparison, [32mAttemptPicker[37m, ReplaceAttempt],
        ╵                                        [32m~~~~~~~~~~~~~[0m

  Unknown reference.

    projects/loupe/src/app/pages/compare/compare-page.ts:8:43:
[37m      8 │ ...ts: [RouterLink, AttemptComparison, [32mAttemptPicker[37m, ReplaceAttempt],
        ╵                                        [32m~~~~~~~~~~~~~[0m


[31mX [41;31m[[41;97mERROR[41;31m][0m [1mTS2591: Cannot find name 'domain'. Do you need to install type definitions for node? Try `npm i --save-dev @types/node` and then add 'node' to the types field in your tsconfig.[0m [1m[35m[plugin angular-compiler][0m

    projects/loupe/src/app/pages/deletion/deletion-page.ts:3:31:
[37m      3 │ import { DeletionStatus } from [32m'domain'[37m;
        ╵                                [32m~~~~~~~~[0m


[31mX [41;31m[[41;97mERROR[41;31m][0m [1mNG1010: 'imports' must be an array of components, directives, pipes, or NgModules.
  Value could not be determined statically.[0m [1m[35m[plugin angular-compiler][0m

    projects/loupe/src/app/pages/deletion/deletion-page.ts:7:24:
[37m      7 │   imports: [RouterLink, [32mDeletionStatus[37m],
        ╵                         [32m~~~~~~~~~~~~~~[0m

  Unknown reference.

    projects/loupe/src/app/pages/deletion/deletion-page.ts:7:24:
[37m      7 │   imports: [RouterLink, [32mDeletionStatus[37m],
        ╵                         [32m~~~~~~~~~~~~~~[0m


[31mX [41;31m[[41;97mERROR[41;31m][0m [1mTS2591: Cannot find name 'domain'. Do you need to install type definitions for node? Try `npm i --save-dev @types/node` and then add 'node' to the types field in your tsconfig.[0m [1m[35m[plugin angular-compiler][0m

    projects/loupe/src/app/pages/inspiration/inspiration-page.ts:3:36:
[37m      3 │ import { ReferenceCollection } from [32m'domain'[37m;
        ╵                                     [32m~~~~~~~~[0m


[31mX [41;31m[[41;97mERROR[41;31m][0m [1mNG1010: 'imports' must be an array of components, directives, pipes, or NgModules.
  Value could not be determined statically.[0m [1m[35m[plugin angular-compiler][0m

    projects/loupe/src/app/pages/inspiration/inspiration-page.ts:6:12:
[37m      6 │   imports: [[32mReferenceCollection[37m, RouterLink],
        ╵             [32m~~~~~~~~~~~~~~~~~~~[0m

  Unknown reference.

    projects/loupe/src/app/pages/inspiration/inspiration-page.ts:6:12:
[37m      6 │   imports: [[32mReferenceCollection[37m, RouterLink],
        ╵             [32m~~~~~~~~~~~~~~~~~~~[0m


[31mX [41;31m[[41;97mERROR[41;31m][0m [1mTS2591: Cannot find name 'domain'. Do you need to install type definitions for node? Try `npm i --save-dev @types/node` and then add 'node' to the types field in your tsconfig.[0m [1m[35m[plugin angular-compiler][0m

    projects/loupe/src/app/pages/my-work/my-work.ts:2:37:
[37m      2 │ import { PhotographCollection } from [32m'domain'[37m;
        ╵                                      [32m~~~~~~~~[0m


[31mX [41;31m[[41;97mERROR[41;31m][0m [1mNG1010: 'imports' must be an array of components, directives, pipes, or NgModules.
  Value could not be determined statically.[0m [1m[35m[plugin angular-compiler][0m

    projects/loupe/src/app/pages/my-work/my-work.ts:7:12:
[37m      7 │   imports: [[32mPhotographCollection[37m, RouterLink],
        ╵             [32m~~~~~~~~~~~~~~~~~~~~[0m

  Unknown reference.

    projects/loupe/src/app/pages/my-work/my-work.ts:7:12:
[37m      7 │   imports: [[32mPhotographCollection[37m, RouterLink],
        ╵             [32m~~~~~~~~~~~~~~~~~~~~[0m


[31mX [41;31m[[41;97mERROR[41;31m][0m [1mTS2591: Cannot find name 'domain'. Do you need to install type definitions for node? Try `npm i --save-dev @types/node` and then add 'node' to the types field in your tsconfig.[0m [1m[35m[plugin angular-compiler][0m

    projects/loupe/src/app/pages/photograph-detail/photograph-detail-page.ts:4:33:
[37m      4 │ import { PhotographDetail } from [32m'domain'[37m;
        ╵                                  [32m~~~~~~~~[0m


[31mX [41;31m[[41;97mERROR[41;31m][0m [1mNG1010: 'imports' must be an array of components, directives, pipes, or NgModules.
  Value could not be determined statically.[0m [1m[35m[plugin angular-compiler][0m

    projects/loupe/src/app/pages/photograph-detail/photograph-detail-page.ts:11:24:
[37m      11 │   imports: [RouterLink, [32mPhotographDetail[37m, UnsavedChanges, DeletePh...
         ╵                         [32m~~~~~~~~~~~~~~~~[0m

  Unknown reference.

    projects/loupe/src/app/pages/photograph-detail/photograph-detail-page.ts:11:24:
[37m      11 │   imports: [RouterLink, [32mPhotographDetail[37m, UnsavedChanges, DeletePh...
         ╵                         [32m~~~~~~~~~~~~~~~~[0m


[31mX [41;31m[[41;97mERROR[41;31m][0m [1mTS2339: Property 'dirty' does not exist on type '{}'.[0m [1m[35m[plugin angular-compiler][0m

    projects/loupe/src/app/pages/photograph-detail/photograph-detail-page.ts:24:70:
[37m      24 │ ...uted(() => !this.deletion() && (this.detail()?.[32mdirty[37m() ?? false));
         ╵                                                   [32m~~~~~[0m


[31mX [41;31m[[41;97mERROR[41;31m][0m [1mTS2339: Property 'followCritique' does not exist on type '{}'.[0m [1m[35m[plugin angular-compiler][0m

    projects/loupe/src/app/pages/photograph-detail/photograph-detail-page.ts:29:19:
[37m      29 │     this.detail()?.[32mfollowCritique[37m(operation);
         ╵                    [32m~~~~~~~~~~~~~~[0m


[31mX [41;31m[[41;97mERROR[41;31m][0m [1mTS2339: Property 'photo' does not exist on type '{}'.[0m [1m[35m[plugin angular-compiler][0m

    projects/loupe/src/app/pages/photograph-detail/photograph-detail-page.ts:32:47:
[37m      32 │     if (photo.id === this.id()) this.detail()?.[32mphoto[37m.set(photo);
         ╵                                                [32m~~~~~[0m


[31mX [41;31m[[41;97mERROR[41;31m][0m [1mTS2591: Cannot find name 'domain'. Do you need to install type definitions for node? Try `npm i --save-dev @types/node` and then add 'node' to the types field in your tsconfig.[0m [1m[35m[plugin angular-compiler][0m

    projects/loupe/src/app/pages/photograph-upload/photograph-upload-page.ts:3:50:
[37m      3 │ import { PhotographUpload, RequestCritique } from [32m'domain'[37m;
        ╵                                                   [32m~~~~~~~~[0m


[31mX [41;31m[[41;97mERROR[41;31m][0m [1mNG1010: 'imports' must be an array of components, directives, pipes, or NgModules.
  Value could not be determined statically.[0m [1m[35m[plugin angular-compiler][0m

    projects/loupe/src/app/pages/photograph-upload/photograph-upload-page.ts:9:24:
[37m      9 │   imports: [RouterLink, [32mPhotographUpload[37m, UnsavedChanges, RequestCr...
        ╵                         [32m~~~~~~~~~~~~~~~~[0m

  Unknown reference.

    projects/loupe/src/app/pages/photograph-upload/photograph-upload-page.ts:9:24:
[37m      9 │   imports: [RouterLink, [32mPhotographUpload[37m, UnsavedChanges, RequestCr...
        ╵                         [32m~~~~~~~~~~~~~~~~[0m


[31mX [41;31m[[41;97mERROR[41;31m][0m [1mNG1010: 'imports' must be an array of components, directives, pipes, or NgModules.
  Value could not be determined statically.[0m [1m[35m[plugin angular-compiler][0m

    projects/loupe/src/app/pages/photograph-upload/photograph-upload-page.ts:9:58:
[37m      9 │ ...s: [RouterLink, PhotographUpload, UnsavedChanges, [32mRequestCritique[37m],
        ╵                                                      [32m~~~~~~~~~~~~~~~[0m

  Unknown reference.

    projects/loupe/src/app/pages/photograph-upload/photograph-upload-page.ts:9:58:
[37m      9 │ ...s: [RouterLink, PhotographUpload, UnsavedChanges, [32mRequestCritique[37m],
        ╵                                                      [32m~~~~~~~~~~~~~~~[0m


[31mX [41;31m[[41;97mERROR[41;31m][0m [1mTS2339: Property 'dirty' does not exist on type '{}'.[0m [1m[35m[plugin angular-compiler][0m

    projects/loupe/src/app/pages/photograph-upload/photograph-upload-page.ts:19:38:
[37m      19 │   readonly dirty = () => this.form()?.[32mdirty[37m() ?? false;
         ╵                                       [32m~~~~~[0m


[31mX [41;31m[[41;97mERROR[41;31m][0m [1mTS2339: Property 'dirty' does not exist on type '{}'.[0m [1m[35m[plugin angular-compiler][0m

    projects/loupe/src/app/pages/photograph-upload/photograph-upload-page.ts:21:47:
[37m      21 │     return this.dialog().canLeave(this.form()?.[32mdirty[37m() ?? false);
         ╵                                                [32m~~~~~[0m


[31mX [41;31m[[41;97mERROR[41;31m][0m [1mTS2339: Property 'requestCritique' does not exist on type '{}'.[0m [1m[35m[plugin angular-compiler][0m

    projects/loupe/src/app/pages/photograph-upload/photograph-upload-page.ts:24:21:
[37m      24 │     if (this.form()?.[32mrequestCritique[37m()) {
         ╵                      [32m~~~~~~~~~~~~~~~[0m


[31mX [41;31m[[41;97mERROR[41;31m][0m [1mTS2591: Cannot find name 'domain'. Do you need to install type definitions for node? Try `npm i --save-dev @types/node` and then add 'node' to the types field in your tsconfig.[0m [1m[35m[plugin angular-compiler][0m

    projects/loupe/src/app/pages/reference-detail/reference-detail-page.ts:4:37:
[37m      4 │ import { ReferenceDetailPanel } from [32m'domain'[37m;
        ╵                                      [32m~~~~~~~~[0m


[31mX [41;31m[[41;97mERROR[41;31m][0m [1mNG1010: 'imports' must be an array of components, directives, pipes, or NgModules.
  Value could not be determined statically.[0m [1m[35m[plugin angular-compiler][0m

    projects/loupe/src/app/pages/reference-detail/reference-detail-page.ts:7:24:
[37m      7 │   imports: [RouterLink, [32mReferenceDetailPanel[37m, UnsavedChanges],
        ╵                         [32m~~~~~~~~~~~~~~~~~~~~[0m

  Unknown reference.

    projects/loupe/src/app/pages/reference-detail/reference-detail-page.ts:7:24:
[37m      7 │   imports: [RouterLink, [32mReferenceDetailPanel[37m, UnsavedChanges],
        ╵                         [32m~~~~~~~~~~~~~~~~~~~~[0m


[31mX [41;31m[[41;97mERROR[41;31m][0m [1mTS2339: Property 'dirty' does not exist on type '{}'.[0m [1m[35m[plugin angular-compiler][0m

    projects/loupe/src/app/pages/reference-detail/reference-detail-page.ts:14:40:
[37m      14 │   readonly dirty = () => this.detail()?.[32mdirty[37m() ?? false;
         ╵                                         [32m~~~~~[0m


[31mX [41;31m[[41;97mERROR[41;31m][0m [1mTS2591: Cannot find name 'domain'. Do you need to install type definitions for node? Try `npm i --save-dev @types/node` and then add 'node' to the types field in your tsconfig.[0m [1m[35m[plugin angular-compiler][0m

    projects/loupe/src/app/pages/reference-link/reference-link-page.ts:3:35:
[37m      3 │ import { ReferenceLinkPanel } from [32m'domain'[37m;
        ╵                                    [32m~~~~~~~~[0m


[31mX [41;31m[[41;97mERROR[41;31m][0m [1mNG1010: 'imports' must be an array of components, directives, pipes, or NgModules.
  Value could not be determined statically.[0m [1m[35m[plugin angular-compiler][0m

    projects/loupe/src/app/pages/reference-link/reference-link-page.ts:9:24:
[37m      9 │   imports: [RouterLink, [32mReferenceLinkPanel[37m, UnsavedChanges],
        ╵                         [32m~~~~~~~~~~~~~~~~~~[0m

  Unknown reference.

    projects/loupe/src/app/pages/reference-link/reference-link-page.ts:9:24:
[37m      9 │   imports: [RouterLink, [32mReferenceLinkPanel[37m, UnsavedChanges],
        ╵                         [32m~~~~~~~~~~~~~~~~~~[0m


[31mX [41;31m[[41;97mERROR[41;31m][0m [1mTS2339: Property 'dirty' does not exist on type '{}'.[0m [1m[35m[plugin angular-compiler][0m

    projects/loupe/src/app/pages/reference-link/reference-link-page.ts:17:38:
[37m      17 │   readonly dirty = () => this.form()?.[32mdirty[37m() ?? false;
         ╵                                       [32m~~~~~[0m


[31mX [41;31m[[41;97mERROR[41;31m][0m [1mTS2591: Cannot find name 'domain'. Do you need to install type definitions for node? Try `npm i --save-dev @types/node` and then add 'node' to the types field in your tsconfig.[0m [1m[35m[plugin angular-compiler][0m

    projects/loupe/src/app/pages/reference-upload/reference-upload-page.ts:3:36:
[37m      3 │ import { ReferenceImagePanel } from [32m'domain'[37m;
        ╵                                     [32m~~~~~~~~[0m


[31mX [41;31m[[41;97mERROR[41;31m][0m [1mNG1010: 'imports' must be an array of components, directives, pipes, or NgModules.
  Value could not be determined statically.[0m [1m[35m[plugin angular-compiler][0m

    projects/loupe/src/app/pages/reference-upload/reference-upload-page.ts:9:24:
[37m      9 │   imports: [RouterLink, [32mReferenceImagePanel[37m, UnsavedChanges],
        ╵                         [32m~~~~~~~~~~~~~~~~~~~[0m

  Unknown reference.

    projects/loupe/src/app/pages/reference-upload/reference-upload-page.ts:9:24:
[37m      9 │   imports: [RouterLink, [32mReferenceImagePanel[37m, UnsavedChanges],
        ╵                         [32m~~~~~~~~~~~~~~~~~~~[0m


[31mX [41;31m[[41;97mERROR[41;31m][0m [1mTS2339: Property 'dirty' does not exist on type '{}'.[0m [1m[35m[plugin angular-compiler][0m

    projects/loupe/src/app/pages/reference-upload/reference-upload-page.ts:17:38:
[37m      17 │   readonly dirty = () => this.form()?.[32mdirty[37m() ?? false;
         ╵                                       [32m~~~~~[0m


❯ Changes detected. Rebuilding...
✔ Changes detected. Rebuilding...
Application bundle generation failed. [0.002 seconds] - 2026-09-08T21:03:25.498Z

[31mX [41;31m[[41;97mERROR[41;31m][0m [1mTS2591: Cannot find name 'domain'. Do you need to install type definitions for node? Try `npm i --save-dev @types/node` and then add 'node' to the types field in your tsconfig.[0m [1m[35m[plugin angular-compiler][0m

    projects/loupe/src/app/dialogs/regenerate-critique/regenerate-critique.ts:3:32:
[37m      3 │ import { RequestCritique } from [32m'domain'[37m;
        ╵                                 [32m~~~~~~~~[0m


[31mX [41;31m[[41;97mERROR[41;31m][0m [1mNG1010: 'imports' must be an array of components, directives, pipes, or NgModules.
  Value could not be determined statically.[0m [1m[35m[plugin angular-compiler][0m

    projects/loupe/src/app/dialogs/regenerate-critique/regenerate-critique.ts:7:12:
[37m      7 │   imports: [[32mRequestCritique[37m],
        ╵             [32m~~~~~~~~~~~~~~~[0m

  Unknown reference.

    projects/loupe/src/app/dialogs/regenerate-critique/regenerate-critique.ts:7:12:
[37m      7 │   imports: [[32mRequestCritique[37m],
        ╵             [32m~~~~~~~~~~~~~~~[0m


[31mX [41;31m[[41;97mERROR[41;31m][0m [1mTS2339: Property 'busy' does not exist on type '{}'.[0m [1m[35m[plugin angular-compiler][0m

    projects/loupe/src/app/dialogs/regenerate-critique/regenerate-critique.ts:17:52:
[37m      17 │ ...uted(() => !!(this.request()?.[32mbusy[37m() || this.request()?.reviewi...
         ╵                                  [32m~~~~[0m


[31mX [41;31m[[41;97mERROR[41;31m][0m [1mTS2339: Property 'reviewing' does not exist on type '{}'.[0m [1m[35m[plugin angular-compiler][0m

    projects/loupe/src/app/dialogs/regenerate-critique/regenerate-critique.ts:17:78:
[37m      17 │ ...(() => !!(this.request()?.busy() || this.request()?.[32mreviewing[37m()));
         ╵                                                        [32m~~~~~~~~~[0m


[31mX [41;31m[[41;97mERROR[41;31m][0m [1mTS2591: Cannot find name 'domain'. Do you need to install type definitions for node? Try `npm i --save-dev @types/node` and then add 'node' to the types field in your tsconfig.[0m [1m[35m[plugin angular-compiler][0m

    projects/loupe/src/app/dialogs/replace-attempt/replace-attempt.ts:2:30:
[37m      2 │ import { AttemptPicker } from [32m'domain'[37m;
        ╵                               [32m~~~~~~~~[0m


[31mX [41;31m[[41;97mERROR[41;31m][0m [1mNG1010: 'imports' must be an array of components, directives, pipes, or NgModules.
  Value could not be determined statically.[0m [1m[35m[plugin angular-compiler][0m

    projects/loupe/src/app/dialogs/replace-attempt/replace-attempt.ts:6:12:
[37m      6 │   imports: [[32mAttemptPicker[37m],
        ╵             [32m~~~~~~~~~~~~~[0m

  Unknown reference.

    projects/loupe/src/app/dialogs/replace-attempt/replace-attempt.ts:6:12:
[37m      6 │   imports: [[32mAttemptPicker[37m],
        ╵             [32m~~~~~~~~~~~~~[0m


[31mX [41;31m[[41;97mERROR[41;31m][0m [1mTS2591: Cannot find name 'domain'. Do you need to install type definitions for node? Try `npm i --save-dev @types/node` and then add 'node' to the types field in your tsconfig.[0m [1m[35m[plugin angular-compiler][0m

    projects/loupe/src/app/pages/compare/compare-page.ts:3:49:
[37m      3 │ import { AttemptComparison, AttemptPicker } from [32m'domain'[37m;
        ╵                                                  [32m~~~~~~~~[0m


[31mX [41;31m[[41;97mERROR[41;31m][0m [1mNG1010: 'imports' must be an array of components, directives, pipes, or NgModules.
  Value could not be determined statically.[0m [1m[35m[plugin angular-compiler][0m

    projects/loupe/src/app/pages/compare/compare-page.ts:8:24:
[37m      8 │   imports: [RouterLink, [32mAttemptComparison[37m, AttemptPicker, ReplaceAt...
        ╵                         [32m~~~~~~~~~~~~~~~~~[0m

  Unknown reference.

    projects/loupe/src/app/pages/compare/compare-page.ts:8:24:
[37m      8 │   imports: [RouterLink, [32mAttemptComparison[37m, AttemptPicker, ReplaceAt...
        ╵                         [32m~~~~~~~~~~~~~~~~~[0m


[31mX [41;31m[[41;97mERROR[41;31m][0m [1mNG1010: 'imports' must be an array of components, directives, pipes, or NgModules.
  Value could not be determined statically.[0m [1m[35m[plugin angular-compiler][0m

    projects/loupe/src/app/pages/compare/compare-page.ts:8:43:
[37m      8 │ ...ts: [RouterLink, AttemptComparison, [32mAttemptPicker[37m, ReplaceAttempt],
        ╵                                        [32m~~~~~~~~~~~~~[0m

  Unknown reference.

    projects/loupe/src/app/pages/compare/compare-page.ts:8:43:
[37m      8 │ ...ts: [RouterLink, AttemptComparison, [32mAttemptPicker[37m, ReplaceAttempt],
        ╵                                        [32m~~~~~~~~~~~~~[0m


[31mX [41;31m[[41;97mERROR[41;31m][0m [1mTS2591: Cannot find name 'domain'. Do you need to install type definitions for node? Try `npm i --save-dev @types/node` and then add 'node' to the types field in your tsconfig.[0m [1m[35m[plugin angular-compiler][0m

    projects/loupe/src/app/pages/deletion/deletion-page.ts:3:31:
[37m      3 │ import { DeletionStatus } from [32m'domain'[37m;
        ╵                                [32m~~~~~~~~[0m


[31mX [41;31m[[41;97mERROR[41;31m][0m [1mNG1010: 'imports' must be an array of components, directives, pipes, or NgModules.
  Value could not be determined statically.[0m [1m[35m[plugin angular-compiler][0m

    projects/loupe/src/app/pages/deletion/deletion-page.ts:7:24:
[37m      7 │   imports: [RouterLink, [32mDeletionStatus[37m],
        ╵                         [32m~~~~~~~~~~~~~~[0m

  Unknown reference.

    projects/loupe/src/app/pages/deletion/deletion-page.ts:7:24:
[37m      7 │   imports: [RouterLink, [32mDeletionStatus[37m],
        ╵                         [32m~~~~~~~~~~~~~~[0m


[31mX [41;31m[[41;97mERROR[41;31m][0m [1mTS2591: Cannot find name 'domain'. Do you need to install type definitions for node? Try `npm i --save-dev @types/node` and then add 'node' to the types field in your tsconfig.[0m [1m[35m[plugin angular-compiler][0m

    projects/loupe/src/app/pages/inspiration/inspiration-page.ts:3:36:
[37m      3 │ import { ReferenceCollection } from [32m'domain'[37m;
        ╵                                     [32m~~~~~~~~[0m


[31mX [41;31m[[41;97mERROR[41;31m][0m [1mNG1010: 'imports' must be an array of components, directives, pipes, or NgModules.
  Value could not be determined statically.[0m [1m[35m[plugin angular-compiler][0m

    projects/loupe/src/app/pages/inspiration/inspiration-page.ts:6:12:
[37m      6 │   imports: [[32mReferenceCollection[37m, RouterLink],
        ╵             [32m~~~~~~~~~~~~~~~~~~~[0m

  Unknown reference.

    projects/loupe/src/app/pages/inspiration/inspiration-page.ts:6:12:
[37m      6 │   imports: [[32mReferenceCollection[37m, RouterLink],
        ╵             [32m~~~~~~~~~~~~~~~~~~~[0m


[31mX [41;31m[[41;97mERROR[41;31m][0m [1mTS2591: Cannot find name 'domain'. Do you need to install type definitions for node? Try `npm i --save-dev @types/node` and then add 'node' to the types field in your tsconfig.[0m [1m[35m[plugin angular-compiler][0m

    projects/loupe/src/app/pages/my-work/my-work.ts:2:37:
[37m      2 │ import { PhotographCollection } from [32m'domain'[37m;
        ╵                                      [32m~~~~~~~~[0m


[31mX [41;31m[[41;97mERROR[41;31m][0m [1mNG1010: 'imports' must be an array of components, directives, pipes, or NgModules.
  Value could not be determined statically.[0m [1m[35m[plugin angular-compiler][0m

    projects/loupe/src/app/pages/my-work/my-work.ts:7:12:
[37m      7 │   imports: [[32mPhotographCollection[37m, RouterLink],
        ╵             [32m~~~~~~~~~~~~~~~~~~~~[0m

  Unknown reference.

    projects/loupe/src/app/pages/my-work/my-work.ts:7:12:
[37m      7 │   imports: [[32mPhotographCollection[37m, RouterLink],
        ╵             [32m~~~~~~~~~~~~~~~~~~~~[0m


[31mX [41;31m[[41;97mERROR[41;31m][0m [1mTS2591: Cannot find name 'domain'. Do you need to install type definitions for node? Try `npm i --save-dev @types/node` and then add 'node' to the types field in your tsconfig.[0m [1m[35m[plugin angular-compiler][0m

    projects/loupe/src/app/pages/photograph-detail/photograph-detail-page.ts:4:33:
[37m      4 │ import { PhotographDetail } from [32m'domain'[37m;
        ╵                                  [32m~~~~~~~~[0m


[31mX [41;31m[[41;97mERROR[41;31m][0m [1mNG1010: 'imports' must be an array of components, directives, pipes, or NgModules.
  Value could not be determined statically.[0m [1m[35m[plugin angular-compiler][0m

    projects/loupe/src/app/pages/photograph-detail/photograph-detail-page.ts:11:24:
[37m      11 │   imports: [RouterLink, [32mPhotographDetail[37m, UnsavedChanges, DeletePh...
         ╵                         [32m~~~~~~~~~~~~~~~~[0m

  Unknown reference.

    projects/loupe/src/app/pages/photograph-detail/photograph-detail-page.ts:11:24:
[37m      11 │   imports: [RouterLink, [32mPhotographDetail[37m, UnsavedChanges, DeletePh...
         ╵                         [32m~~~~~~~~~~~~~~~~[0m


[31mX [41;31m[[41;97mERROR[41;31m][0m [1mTS2339: Property 'dirty' does not exist on type '{}'.[0m [1m[35m[plugin angular-compiler][0m

    projects/loupe/src/app/pages/photograph-detail/photograph-detail-page.ts:24:70:
[37m      24 │ ...uted(() => !this.deletion() && (this.detail()?.[32mdirty[37m() ?? false));
         ╵                                                   [32m~~~~~[0m


[31mX [41;31m[[41;97mERROR[41;31m][0m [1mTS2339: Property 'followCritique' does not exist on type '{}'.[0m [1m[35m[plugin angular-compiler][0m

    projects/loupe/src/app/pages/photograph-detail/photograph-detail-page.ts:29:19:
[37m      29 │     this.detail()?.[32mfollowCritique[37m(operation);
         ╵                    [32m~~~~~~~~~~~~~~[0m


[31mX [41;31m[[41;97mERROR[41;31m][0m [1mTS2339: Property 'photo' does not exist on type '{}'.[0m [1m[35m[plugin angular-compiler][0m

    projects/loupe/src/app/pages/photograph-detail/photograph-detail-page.ts:32:47:
[37m      32 │     if (photo.id === this.id()) this.detail()?.[32mphoto[37m.set(photo);
         ╵                                                [32m~~~~~[0m


[31mX [41;31m[[41;97mERROR[41;31m][0m [1mTS2591: Cannot find name 'domain'. Do you need to install type definitions for node? Try `npm i --save-dev @types/node` and then add 'node' to the types field in your tsconfig.[0m [1m[35m[plugin angular-compiler][0m

    projects/loupe/src/app/pages/photograph-upload/photograph-upload-page.ts:3:50:
[37m      3 │ import { PhotographUpload, RequestCritique } from [32m'domain'[37m;
        ╵                                                   [32m~~~~~~~~[0m


[31mX [41;31m[[41;97mERROR[41;31m][0m [1mNG1010: 'imports' must be an array of components, directives, pipes, or NgModules.
  Value could not be determined statically.[0m [1m[35m[plugin angular-compiler][0m

    projects/loupe/src/app/pages/photograph-upload/photograph-upload-page.ts:9:24:
[37m      9 │   imports: [RouterLink, [32mPhotographUpload[37m, UnsavedChanges, RequestCr...
        ╵                         [32m~~~~~~~~~~~~~~~~[0m

  Unknown reference.

    projects/loupe/src/app/pages/photograph-upload/photograph-upload-page.ts:9:24:
[37m      9 │   imports: [RouterLink, [32mPhotographUpload[37m, UnsavedChanges, RequestCr...
        ╵                         [32m~~~~~~~~~~~~~~~~[0m


[31mX [41;31m[[41;97mERROR[41;31m][0m [1mNG1010: 'imports' must be an array of components, directives, pipes, or NgModules.
  Value could not be determined statically.[0m [1m[35m[plugin angular-compiler][0m

    projects/loupe/src/app/pages/photograph-upload/photograph-upload-page.ts:9:58:
[37m      9 │ ...s: [RouterLink, PhotographUpload, UnsavedChanges, [32mRequestCritique[37m],
        ╵                                                      [32m~~~~~~~~~~~~~~~[0m

  Unknown reference.

    projects/loupe/src/app/pages/photograph-upload/photograph-upload-page.ts:9:58:
[37m      9 │ ...s: [RouterLink, PhotographUpload, UnsavedChanges, [32mRequestCritique[37m],
        ╵                                                      [32m~~~~~~~~~~~~~~~[0m


[31mX [41;31m[[41;97mERROR[41;31m][0m [1mTS2339: Property 'dirty' does not exist on type '{}'.[0m [1m[35m[plugin angular-compiler][0m

    projects/loupe/src/app/pages/photograph-upload/photograph-upload-page.ts:19:38:
[37m      19 │   readonly dirty = () => this.form()?.[32mdirty[37m() ?? false;
         ╵                                       [32m~~~~~[0m


[31mX [41;31m[[41;97mERROR[41;31m][0m [1mTS2339: Property 'dirty' does not exist on type '{}'.[0m [1m[35m[plugin angular-compiler][0m

    projects/loupe/src/app/pages/photograph-upload/photograph-upload-page.ts:21:47:
[37m      21 │     return this.dialog().canLeave(this.form()?.[32mdirty[37m() ?? false);
         ╵                                                [32m~~~~~[0m


[31mX [41;31m[[41;97mERROR[41;31m][0m [1mTS2339: Property 'requestCritique' does not exist on type '{}'.[0m [1m[35m[plugin angular-compiler][0m

    projects/loupe/src/app/pages/photograph-upload/photograph-upload-page.ts:24:21:
[37m      24 │     if (this.form()?.[32mrequestCritique[37m()) {
         ╵                      [32m~~~~~~~~~~~~~~~[0m


[31mX [41;31m[[41;97mERROR[41;31m][0m [1mTS2591: Cannot find name 'domain'. Do you need to install type definitions for node? Try `npm i --save-dev @types/node` and then add 'node' to the types field in your tsconfig.[0m [1m[35m[plugin angular-compiler][0m

    projects/loupe/src/app/pages/reference-detail/reference-detail-page.ts:4:37:
[37m      4 │ import { ReferenceDetailPanel } from [32m'domain'[37m;
        ╵                                      [32m~~~~~~~~[0m


[31mX [41;31m[[41;97mERROR[41;31m][0m [1mNG1010: 'imports' must be an array of components, directives, pipes, or NgModules.
  Value could not be determined statically.[0m [1m[35m[plugin angular-compiler][0m

    projects/loupe/src/app/pages/reference-detail/reference-detail-page.ts:7:24:
[37m      7 │   imports: [RouterLink, [32mReferenceDetailPanel[37m, UnsavedChanges],
        ╵                         [32m~~~~~~~~~~~~~~~~~~~~[0m

  Unknown reference.

    projects/loupe/src/app/pages/reference-detail/reference-detail-page.ts:7:24:
[37m      7 │   imports: [RouterLink, [32mReferenceDetailPanel[37m, UnsavedChanges],
        ╵                         [32m~~~~~~~~~~~~~~~~~~~~[0m


[31mX [41;31m[[41;97mERROR[41;31m][0m [1mTS2339: Property 'dirty' does not exist on type '{}'.[0m [1m[35m[plugin angular-compiler][0m

    projects/loupe/src/app/pages/reference-detail/reference-detail-page.ts:14:40:
[37m      14 │   readonly dirty = () => this.detail()?.[32mdirty[37m() ?? false;
         ╵                                         [32m~~~~~[0m


[31mX [41;31m[[41;97mERROR[41;31m][0m [1mTS2591: Cannot find name 'domain'. Do you need to install type definitions for node? Try `npm i --save-dev @types/node` and then add 'node' to the types field in your tsconfig.[0m [1m[35m[plugin angular-compiler][0m

    projects/loupe/src/app/pages/reference-link/reference-link-page.ts:3:35:
[37m      3 │ import { ReferenceLinkPanel } from [32m'domain'[37m;
        ╵                                    [32m~~~~~~~~[0m


[31mX [41;31m[[41;97mERROR[41;31m][0m [1mNG1010: 'imports' must be an array of components, directives, pipes, or NgModules.
  Value could not be determined statically.[0m [1m[35m[plugin angular-compiler][0m

    projects/loupe/src/app/pages/reference-link/reference-link-page.ts:9:24:
[37m      9 │   imports: [RouterLink, [32mReferenceLinkPanel[37m, UnsavedChanges],
        ╵                         [32m~~~~~~~~~~~~~~~~~~[0m

  Unknown reference.

    projects/loupe/src/app/pages/reference-link/reference-link-page.ts:9:24:
[37m      9 │   imports: [RouterLink, [32mReferenceLinkPanel[37m, UnsavedChanges],
        ╵                         [32m~~~~~~~~~~~~~~~~~~[0m


[31mX [41;31m[[41;97mERROR[41;31m][0m [1mTS2339: Property 'dirty' does not exist on type '{}'.[0m [1m[35m[plugin angular-compiler][0m

    projects/loupe/src/app/pages/reference-link/reference-link-page.ts:17:38:
[37m      17 │   readonly dirty = () => this.form()?.[32mdirty[37m() ?? false;
         ╵                                       [32m~~~~~[0m


[31mX [41;31m[[41;97mERROR[41;31m][0m [1mTS2591: Cannot find name 'domain'. Do you need to install type definitions for node? Try `npm i --save-dev @types/node` and then add 'node' to the types field in your tsconfig.[0m [1m[35m[plugin angular-compiler][0m

    projects/loupe/src/app/pages/reference-upload/reference-upload-page.ts:3:36:
[37m      3 │ import { ReferenceImagePanel } from [32m'domain'[37m;
        ╵                                     [32m~~~~~~~~[0m


[31mX [41;31m[[41;97mERROR[41;31m][0m [1mNG1010: 'imports' must be an array of components, directives, pipes, or NgModules.
  Value could not be determined statically.[0m [1m[35m[plugin angular-compiler][0m

    projects/loupe/src/app/pages/reference-upload/reference-upload-page.ts:9:24:
[37m      9 │   imports: [RouterLink, [32mReferenceImagePanel[37m, UnsavedChanges],
        ╵                         [32m~~~~~~~~~~~~~~~~~~~[0m

  Unknown reference.

    projects/loupe/src/app/pages/reference-upload/reference-upload-page.ts:9:24:
[37m      9 │   imports: [RouterLink, [32mReferenceImagePanel[37m, UnsavedChanges],
        ╵                         [32m~~~~~~~~~~~~~~~~~~~[0m


[31mX [41;31m[[41;97mERROR[41;31m][0m [1mTS2339: Property 'dirty' does not exist on type '{}'.[0m [1m[35m[plugin angular-compiler][0m

    projects/loupe/src/app/pages/reference-upload/reference-upload-page.ts:17:38:
[37m      17 │   readonly dirty = () => this.form()?.[32mdirty[37m() ?? false;
         ╵                                       [32m~~~~~[0m


❯ Changes detected. Rebuilding...
✔ Changes detected. Rebuilding...
Application bundle generation failed. [2.359 seconds] - 2026-09-08T21:04:23.798Z

[31mX [41;31m[[41;97mERROR[41;31m][0m [1mTS2571: Object is of type 'unknown'.[0m [1m[35m[plugin angular-compiler][0m

    projects/loupe/src/app/app.html:2:13:
[37m      2 │ @if (session.[32mcurrent[37m(); as user) {
        ╵              [32m~~~~~~~[0m

  Error occurs in the template of component App.

    projects/loupe/src/app/app.ts:10:15:
[37m      10 │   templateUrl: [32m'./app.html'[37m,
         ╵                [32m~~~~~~~~~~~~[0m


[31mX [41;31m[[41;97mERROR[41;31m][0m [1mTS2571: Object is of type 'unknown'.[0m [1m[35m[plugin angular-compiler][0m

    projects/loupe/src/app/app.html:2:13:
[37m      2 │ @if (session.[32mcurrent[37m(); as user) {
        ╵              [32m~~~~~~~[0m

  Error occurs in the template of component App.

    projects/loupe/src/app/app.ts:10:15:
[37m      10 │   templateUrl: [32m'./app.html'[37m,
         ╵                [32m~~~~~~~~~~~~[0m


[31mX [41;31m[[41;97mERROR[41;31m][0m [1mTS2307: Cannot find module 'api' or its corresponding type declarations.[0m [1m[35m[plugin angular-compiler][0m

    projects/loupe/src/app/app.providers.ts:1:65:
[37m      1 │ ...rt { REFERENCE_IMPORT_SERVICE, ReferenceImportService } from [32m'api'[37m;
        ╵                                                                 [32m~~~~~[0m


[31mX [41;31m[[41;97mERROR[41;31m][0m [1mTS2307: Cannot find module 'api' or its corresponding type declarations.[0m [1m[35m[plugin angular-compiler][0m

    projects/loupe/src/app/app.providers.ts:2:52:
[37m      2 │ import { REFERENCE_SERVICE, ReferenceService } from [32m'api'[37m;
        ╵                                                     [32m~~~~~[0m


[31mX [41;31m[[41;97mERROR[41;31m][0m [1mTS2307: Cannot find module 'api' or its corresponding type declarations.[0m [1m[35m[plugin angular-compiler][0m

    projects/loupe/src/app/app.providers.ts:4:87:
[37m      4 │ ...SessionService, PHOTOGRAPH_SERVICE, PhotographService } from [32m'api'[37m;
        ╵                                                                 [32m~~~~~[0m


[31mX [41;31m[[41;97mERROR[41;31m][0m [1mTS2307: Cannot find module 'api' or its corresponding type declarations.[0m [1m[35m[plugin angular-compiler][0m

    projects/loupe/src/app/app.providers.ts:5:50:
[37m      5 │ import { DELETION_SERVICE, DeletionService } from [32m'api'[37m;
        ╵                                                   [32m~~~~~[0m


[31mX [41;31m[[41;97mERROR[41;31m][0m [1mTS2307: Cannot find module 'api' or its corresponding type declarations.[0m [1m[35m[plugin angular-compiler][0m

    projects/loupe/src/app/app.providers.ts:6:50:
[37m      6 │ import { CRITIQUE_SERVICE, CritiqueService } from [32m'api'[37m;
        ╵                                                   [32m~~~~~[0m


[31mX [41;31m[[41;97mERROR[41;31m][0m [1mTS2307: Cannot find module 'api' or its corresponding type declarations.[0m [1m[35m[plugin angular-compiler][0m

    projects/loupe/src/app/app.providers.ts:7:54:
[37m      7 │ import { COMPARISON_SERVICE, ComparisonService } from [32m'api'[37m;
        ╵                                                       [32m~~~~~[0m


[31mX [41;31m[[41;97mERROR[41;31m][0m [1mTS2307: Cannot find module 'api' or its corresponding type declarations.[0m [1m[35m[plugin angular-compiler][0m

    projects/loupe/src/app/app.ts:4:32:
[37m      4 │ import { SESSION_SERVICE } from [32m'api'[37m;
        ╵                                 [32m~~~~~[0m


[31mX [41;31m[[41;97mERROR[41;31m][0m [1mTS2571: Object is of type 'unknown'.[0m [1m[35m[plugin angular-compiler][0m

    projects/loupe/src/app/app.ts:38:12:
[37m      38 │       await [32mthis.session[37m.signOut();
         ╵             [32m~~~~~~~~~~~~[0m


[31mX [41;31m[[41;97mERROR[41;31m][0m [1mTS2307: Cannot find module 'api' or its corresponding type declarations.[0m [1m[35m[plugin angular-compiler][0m

    projects/loupe/src/app/dialogs/delete-photograph/delete-photograph.ts:18:7:
[37m      18 │ } from [32m'api'[37m;
         ╵        [32m~~~~~[0m


[31mX [41;31m[[41;97mERROR[41;31m][0m [1mTS2571: Object is of type 'unknown'.[0m [1m[35m[plugin angular-compiler][0m

    projects/loupe/src/app/dialogs/delete-photograph/delete-photograph.ts:62:27:
[37m      62 │       const result = await [32mthis.service[37m.deletePhotograph(photograp...
         ╵                            [32m~~~~~~~~~~~~[0m


[31mX [41;31m[[41;97mERROR[41;31m][0m [1mTS18046: 'error' is of type 'unknown'.[0m [1m[35m[plugin angular-compiler][0m

    projects/loupe/src/app/dialogs/delete-photograph/delete-photograph.ts:69:45:
[37m      69 │ ...r instanceof ServiceError && [32merror[37m.code === 'revision_conflict') {
         ╵                                 [32m~~~~~[0m


[31mX [41;31m[[41;97mERROR[41;31m][0m [1mTS18046: 'error' is of type 'unknown'.[0m [1m[35m[plugin angular-compiler][0m

    projects/loupe/src/app/dialogs/delete-photograph/delete-photograph.ts:72:52:
[37m      72 │ ...rror instanceof ServiceError && [32merror[37m.code === 'item_unavailable')
         ╵                                    [32m~~~~~[0m


[31mX [41;31m[[41;97mERROR[41;31m][0m [1mTS2571: Object is of type 'unknown'.[0m [1m[35m[plugin angular-compiler][0m

    projects/loupe/src/app/dialogs/delete-photograph/delete-photograph.ts:87:27:
[37m      87 │       const latest = await [32mthis.photographs[37m.get(photograph.id);
         ╵                            [32m~~~~~~~~~~~~~~~~[0m


[31mX [41;31m[[41;97mERROR[41;31m][0m [1mTS18046: 'error' is of type 'unknown'.[0m [1m[35m[plugin angular-compiler][0m

    projects/loupe/src/app/dialogs/delete-photograph/delete-photograph.ts:97:45:
[37m      97 │ ...rror instanceof ServiceError && [32merror[37m.code === 'item_unavailable')
         ╵                                    [32m~~~~~[0m


[31mX [41;31m[[41;97mERROR[41;31m][0m [1mTS2307: Cannot find module 'api' or its corresponding type declarations.[0m [1m[35m[plugin angular-compiler][0m

    projects/loupe/src/app/dialogs/regenerate-critique/regenerate-critique.ts:2:50:
[37m      2 │ import { OperationResult, PhotographResult } from [32m'api'[37m;
        ╵                                                   [32m~~~~~[0m


[31mX [41;31m[[41;97mERROR[41;31m][0m [1mTS2307: Cannot find module 'api' or its corresponding type declarations.[0m [1m[35m[plugin angular-compiler][0m

    projects/loupe/src/app/dialogs/unsaved-changes/unsaved-changes.ts:10:32:
[37m      10 │ import { SESSION_SERVICE } from [32m'api'[37m;
         ╵                                 [32m~~~~~[0m


[31mX [41;31m[[41;97mERROR[41;31m][0m [1mTS2571: Object is of type 'unknown'.[0m [1m[35m[plugin angular-compiler][0m

    projects/loupe/src/app/dialogs/unsaved-changes/unsaved-changes.ts:29:10:
[37m      29 │       if ([32mthis.session[37m.current() && this.dirty()()) {
         ╵           [32m~~~~~~~~~~~~[0m


[31mX [41;31m[[41;97mERROR[41;31m][0m [1mTS2571: Object is of type 'unknown'.[0m [1m[35m[plugin angular-compiler][0m

    projects/loupe/src/app/dialogs/unsaved-changes/unsaved-changes.ts:41:11:
[37m      41 │     return [32mthis.session[37m.current() && dirty ? this.confirmDiscard()...
         ╵            [32m~~~~~~~~~~~~[0m


[31mX [41;31m[[41;97mERROR[41;31m][0m [1mTS2307: Cannot find module 'api' or its corresponding type declarations.[0m [1m[35m[plugin angular-compiler][0m

    projects/loupe/src/app/pages/photograph-detail/photograph-detail-page.ts:3:83:
[37m      3 │ ...t, OperationResult, PhotographResult, SESSION_SERVICE } from [32m'api'[37m;
        ╵                                                                 [32m~~~~~[0m


[31mX [41;31m[[41;97mERROR[41;31m][0m [1mTS2571: Object is of type 'unknown'.[0m [1m[35m[plugin angular-compiler][0m

    projects/loupe/src/app/pages/photograph-detail/photograph-detail-page.ts:39:8:
[37m      39 │     if ([32mthis.session[37m.current() && (this.deleting() || this.request...
         ╵         [32m~~~~~~~~~~~~[0m


[31mX [41;31m[[41;97mERROR[41;31m][0m [1mTS2307: Cannot find module 'api' or its corresponding type declarations.[0m [1m[35m[plugin angular-compiler][0m

    projects/loupe/src/app/pages/photograph-upload/photograph-upload-page.ts:4:50:
[37m      4 │ import { OperationResult, PhotographResult } from [32m'api'[37m;
        ╵                                                   [32m~~~~~[0m


[31mX [41;31m[[41;97mERROR[41;31m][0m [1mTS2307: Cannot find module 'api' or its corresponding type declarations.[0m [1m[35m[plugin angular-compiler][0m

    projects/loupe/src/app/pages/reference-link/reference-link-page.ts:4:32:
[37m      4 │ import { ReferenceResult } from [32m'api'[37m;
        ╵                                 [32m~~~~~[0m


[31mX [41;31m[[41;97mERROR[41;31m][0m [1mTS2307: Cannot find module 'api' or its corresponding type declarations.[0m [1m[35m[plugin angular-compiler][0m

    projects/loupe/src/app/pages/reference-upload/reference-upload-page.ts:4:32:
[37m      4 │ import { ReferenceResult } from [32m'api'[37m;
        ╵                                 [32m~~~~~[0m


[31mX [41;31m[[41;97mERROR[41;31m][0m [1mTS2307: Cannot find module 'api' or its corresponding type declarations.[0m [1m[35m[plugin angular-compiler][0m

    projects/loupe/src/app/pages/sign-in/sign-in.ts:3:32:
[37m      3 │ import { SESSION_SERVICE } from [32m'api'[37m;
        ╵                                 [32m~~~~~[0m


[31mX [41;31m[[41;97mERROR[41;31m][0m [1mTS2571: Object is of type 'unknown'.[0m [1m[35m[plugin angular-compiler][0m

    projects/loupe/src/app/pages/sign-in/sign-in.ts:12:4:
[37m      12 │     [32mthis.session[37m.signIn(this.destination());
         ╵     [32m~~~~~~~~~~~~[0m


[31mX [41;31m[[41;97mERROR[41;31m][0m [1mTS2307: Cannot find module 'api' or its corresponding type declarations.[0m [1m[35m[plugin angular-compiler][0m

    projects/loupe/src/app/session.guard.ts:3:32:
[37m      3 │ import { SESSION_SERVICE } from [32m'api'[37m;
        ╵                                 [32m~~~~~[0m


[31mX [41;31m[[41;97mERROR[41;31m][0m [1mTS18046: 'session' is of type 'unknown'.[0m [1m[35m[plugin angular-compiler][0m

    projects/loupe/src/app/session.guard.ts:9:18:
[37m      9 │     return (await [32msession[37m.load())
        ╵                   [32m~~~~~~~[0m


[31mX [41;31m[[41;97mERROR[41;31m][0m [1mTS2307: Cannot find module 'api' or its corresponding type declarations.[0m [1m[35m[plugin angular-compiler][0m

    projects/loupe/src/testing/app.providers.ts:1:41:
[37m      1 │ import { REFERENCE_IMPORT_SERVICE } from [32m'api'[37m;
        ╵                                          [32m~~~~~[0m


[31mX [41;31m[[41;97mERROR[41;31m][0m [1mTS2307: Cannot find module 'api' or its corresponding type declarations.[0m [1m[35m[plugin angular-compiler][0m

    projects/loupe/src/testing/app.providers.ts:3:34:
[37m      3 │ import { REFERENCE_SERVICE } from [32m'api'[37m;
        ╵                                   [32m~~~~~[0m


[31mX [41;31m[[41;97mERROR[41;31m][0m [1mTS2307: Cannot find module 'api' or its corresponding type declarations.[0m [1m[35m[plugin angular-compiler][0m

    projects/loupe/src/testing/app.providers.ts:5:88:
[37m      5 │ ...HOTOGRAPH_SERVICE, DELETION_SERVICE, CRITIQUE_SERVICE } from [32m'api'[37m;
        ╵                                                                 [32m~~~~~[0m


[31mX [41;31m[[41;97mERROR[41;31m][0m [1mTS2307: Cannot find module 'api' or its corresponding type declarations.[0m [1m[35m[plugin angular-compiler][0m

    projects/loupe/src/testing/app.providers.ts:10:35:
[37m      10 │ import { COMPARISON_SERVICE } from [32m'api'[37m;
         ╵                                    [32m~~~~~[0m


[31mX [41;31m[[41;97mERROR[41;31m][0m [1mTS2307: Cannot find module 'api' or its corresponding type declarations.[0m [1m[35m[plugin angular-compiler][0m

    projects/loupe/src/testing/mock-comparison.service.ts:10:7:
[37m      10 │ } from [32m'api'[37m;
         ╵        [32m~~~~~[0m


[31mX [41;31m[[41;97mERROR[41;31m][0m [1mTS2307: Cannot find module 'api' or its corresponding type declarations.[0m [1m[35m[plugin angular-compiler][0m

    projects/loupe/src/testing/mock-critique.service.ts:9:7:
[37m      9 │ } from [32m'api'[37m;
        ╵        [32m~~~~~[0m


[31mX [41;31m[[41;97mERROR[41;31m][0m [1mTS2307: Cannot find module 'api' or its corresponding type declarations.[0m [1m[35m[plugin angular-compiler][0m

    projects/loupe/src/testing/mock-deletion.service.ts:2:63:
[37m      2 │ import { DeletionResult, IDeletionService, ServiceError } from [32m'api'[37m;
        ╵                                                                [32m~~~~~[0m


[31mX [41;31m[[41;97mERROR[41;31m][0m [1mTS2307: Cannot find module 'api' or its corresponding type declarations.[0m [1m[35m[plugin angular-compiler][0m

    projects/loupe/src/testing/mock-photograph.service.ts:10:7:
[37m      10 │ } from [32m'api'[37m;
         ╵        [32m~~~~~[0m


[31mX [41;31m[[41;97mERROR[41;31m][0m [1mTS2307: Cannot find module 'api' or its corresponding type declarations.[0m [1m[35m[plugin angular-compiler][0m

    projects/loupe/src/testing/mock-reference-import.service.ts:7:7:
[37m      7 │ } from [32m'api'[37m;
        ╵        [32m~~~~~[0m


[31mX [41;31m[[41;97mERROR[41;31m][0m [1mTS2307: Cannot find module 'api' or its corresponding type declarations.[0m [1m[35m[plugin angular-compiler][0m

    projects/loupe/src/testing/mock-reference.service.ts:1:70:
[37m      1 │ ...ReferenceMetadata, ReferenceLink, ReferenceLinkResult } from [32m'api'[37m;
        ╵                                                                 [32m~~~~~[0m


[31mX [41;31m[[41;97mERROR[41;31m][0m [1mTS2307: Cannot find module 'api' or its corresponding type declarations.[0m [1m[35m[plugin angular-compiler][0m

    projects/loupe/src/testing/mock-reference.service.ts:2:48:
[37m      2 │ import { ReferenceUpload, UploadProgress } from [32m'api'[37m;
        ╵                                                 [32m~~~~~[0m


[31mX [41;31m[[41;97mERROR[41;31m][0m [1mTS2307: Cannot find module 'api' or its corresponding type declarations.[0m [1m[35m[plugin angular-compiler][0m

    projects/loupe/src/testing/mock-reference.service.ts:4:80:
[37m      4 │ ...Service, ReferencePage, ReferenceResult, ServiceError } from [32m'api'[37m;
        ╵                                                                 [32m~~~~~[0m


[31mX [41;31m[[41;97mERROR[41;31m][0m [1mTS2307: Cannot find module 'api' or its corresponding type declarations.[0m [1m[35m[plugin angular-compiler][0m

    projects/loupe/src/testing/mock-session.service.ts:3:47:
[37m      3 │ import { ISessionService, SessionResult } from [32m'api'[37m;
        ╵                                                [32m~~~~~[0m


❯ Changes detected. Rebuilding...
✔ Changes detected. Rebuilding...
Application bundle generation failed. [0.003 seconds] - 2026-09-08T21:04:27.353Z

[31mX [41;31m[[41;97mERROR[41;31m][0m [1mTS2571: Object is of type 'unknown'.[0m [1m[35m[plugin angular-compiler][0m

    projects/loupe/src/app/app.html:2:13:
[37m      2 │ @if (session.[32mcurrent[37m(); as user) {
        ╵              [32m~~~~~~~[0m

  Error occurs in the template of component App.

    projects/loupe/src/app/app.ts:10:15:
[37m      10 │   templateUrl: [32m'./app.html'[37m,
         ╵                [32m~~~~~~~~~~~~[0m


[31mX [41;31m[[41;97mERROR[41;31m][0m [1mTS2571: Object is of type 'unknown'.[0m [1m[35m[plugin angular-compiler][0m

    projects/loupe/src/app/app.html:2:13:
[37m      2 │ @if (session.[32mcurrent[37m(); as user) {
        ╵              [32m~~~~~~~[0m

  Error occurs in the template of component App.

    projects/loupe/src/app/app.ts:10:15:
[37m      10 │   templateUrl: [32m'./app.html'[37m,
         ╵                [32m~~~~~~~~~~~~[0m


[31mX [41;31m[[41;97mERROR[41;31m][0m [1mTS2307: Cannot find module 'api' or its corresponding type declarations.[0m [1m[35m[plugin angular-compiler][0m

    projects/loupe/src/app/app.providers.ts:1:65:
[37m      1 │ ...rt { REFERENCE_IMPORT_SERVICE, ReferenceImportService } from [32m'api'[37m;
        ╵                                                                 [32m~~~~~[0m


[31mX [41;31m[[41;97mERROR[41;31m][0m [1mTS2307: Cannot find module 'api' or its corresponding type declarations.[0m [1m[35m[plugin angular-compiler][0m

    projects/loupe/src/app/app.providers.ts:2:52:
[37m      2 │ import { REFERENCE_SERVICE, ReferenceService } from [32m'api'[37m;
        ╵                                                     [32m~~~~~[0m


[31mX [41;31m[[41;97mERROR[41;31m][0m [1mTS2307: Cannot find module 'api' or its corresponding type declarations.[0m [1m[35m[plugin angular-compiler][0m

    projects/loupe/src/app/app.providers.ts:4:87:
[37m      4 │ ...SessionService, PHOTOGRAPH_SERVICE, PhotographService } from [32m'api'[37m;
        ╵                                                                 [32m~~~~~[0m


[31mX [41;31m[[41;97mERROR[41;31m][0m [1mTS2307: Cannot find module 'api' or its corresponding type declarations.[0m [1m[35m[plugin angular-compiler][0m

    projects/loupe/src/app/app.providers.ts:5:50:
[37m      5 │ import { DELETION_SERVICE, DeletionService } from [32m'api'[37m;
        ╵                                                   [32m~~~~~[0m


[31mX [41;31m[[41;97mERROR[41;31m][0m [1mTS2307: Cannot find module 'api' or its corresponding type declarations.[0m [1m[35m[plugin angular-compiler][0m

    projects/loupe/src/app/app.providers.ts:6:50:
[37m      6 │ import { CRITIQUE_SERVICE, CritiqueService } from [32m'api'[37m;
        ╵                                                   [32m~~~~~[0m


[31mX [41;31m[[41;97mERROR[41;31m][0m [1mTS2307: Cannot find module 'api' or its corresponding type declarations.[0m [1m[35m[plugin angular-compiler][0m

    projects/loupe/src/app/app.providers.ts:7:54:
[37m      7 │ import { COMPARISON_SERVICE, ComparisonService } from [32m'api'[37m;
        ╵                                                       [32m~~~~~[0m


[31mX [41;31m[[41;97mERROR[41;31m][0m [1mTS2307: Cannot find module 'api' or its corresponding type declarations.[0m [1m[35m[plugin angular-compiler][0m

    projects/loupe/src/app/app.ts:4:32:
[37m      4 │ import { SESSION_SERVICE } from [32m'api'[37m;
        ╵                                 [32m~~~~~[0m


[31mX [41;31m[[41;97mERROR[41;31m][0m [1mTS2571: Object is of type 'unknown'.[0m [1m[35m[plugin angular-compiler][0m

    projects/loupe/src/app/app.ts:38:12:
[37m      38 │       await [32mthis.session[37m.signOut();
         ╵             [32m~~~~~~~~~~~~[0m


[31mX [41;31m[[41;97mERROR[41;31m][0m [1mTS2307: Cannot find module 'api' or its corresponding type declarations.[0m [1m[35m[plugin angular-compiler][0m

    projects/loupe/src/app/dialogs/delete-photograph/delete-photograph.ts:18:7:
[37m      18 │ } from [32m'api'[37m;
         ╵        [32m~~~~~[0m


[31mX [41;31m[[41;97mERROR[41;31m][0m [1mTS2571: Object is of type 'unknown'.[0m [1m[35m[plugin angular-compiler][0m

    projects/loupe/src/app/dialogs/delete-photograph/delete-photograph.ts:62:27:
[37m      62 │       const result = await [32mthis.service[37m.deletePhotograph(photograp...
         ╵                            [32m~~~~~~~~~~~~[0m


[31mX [41;31m[[41;97mERROR[41;31m][0m [1mTS18046: 'error' is of type 'unknown'.[0m [1m[35m[plugin angular-compiler][0m

    projects/loupe/src/app/dialogs/delete-photograph/delete-photograph.ts:69:45:
[37m      69 │ ...r instanceof ServiceError && [32merror[37m.code === 'revision_conflict') {
         ╵                                 [32m~~~~~[0m


[31mX [41;31m[[41;97mERROR[41;31m][0m [1mTS18046: 'error' is of type 'unknown'.[0m [1m[35m[plugin angular-compiler][0m

    projects/loupe/src/app/dialogs/delete-photograph/delete-photograph.ts:72:52:
[37m      72 │ ...rror instanceof ServiceError && [32merror[37m.code === 'item_unavailable')
         ╵                                    [32m~~~~~[0m


[31mX [41;31m[[41;97mERROR[41;31m][0m [1mTS2571: Object is of type 'unknown'.[0m [1m[35m[plugin angular-compiler][0m

    projects/loupe/src/app/dialogs/delete-photograph/delete-photograph.ts:87:27:
[37m      87 │       const latest = await [32mthis.photographs[37m.get(photograph.id);
         ╵                            [32m~~~~~~~~~~~~~~~~[0m


[31mX [41;31m[[41;97mERROR[41;31m][0m [1mTS18046: 'error' is of type 'unknown'.[0m [1m[35m[plugin angular-compiler][0m

    projects/loupe/src/app/dialogs/delete-photograph/delete-photograph.ts:97:45:
[37m      97 │ ...rror instanceof ServiceError && [32merror[37m.code === 'item_unavailable')
         ╵                                    [32m~~~~~[0m


[31mX [41;31m[[41;97mERROR[41;31m][0m [1mTS2307: Cannot find module 'api' or its corresponding type declarations.[0m [1m[35m[plugin angular-compiler][0m

    projects/loupe/src/app/dialogs/regenerate-critique/regenerate-critique.ts:2:50:
[37m      2 │ import { OperationResult, PhotographResult } from [32m'api'[37m;
        ╵                                                   [32m~~~~~[0m


[31mX [41;31m[[41;97mERROR[41;31m][0m [1mTS2307: Cannot find module 'api' or its corresponding type declarations.[0m [1m[35m[plugin angular-compiler][0m

    projects/loupe/src/app/dialogs/unsaved-changes/unsaved-changes.ts:10:32:
[37m      10 │ import { SESSION_SERVICE } from [32m'api'[37m;
         ╵                                 [32m~~~~~[0m


[31mX [41;31m[[41;97mERROR[41;31m][0m [1mTS2571: Object is of type 'unknown'.[0m [1m[35m[plugin angular-compiler][0m

    projects/loupe/src/app/dialogs/unsaved-changes/unsaved-changes.ts:29:10:
[37m      29 │       if ([32mthis.session[37m.current() && this.dirty()()) {
         ╵           [32m~~~~~~~~~~~~[0m


[31mX [41;31m[[41;97mERROR[41;31m][0m [1mTS2571: Object is of type 'unknown'.[0m [1m[35m[plugin angular-compiler][0m

    projects/loupe/src/app/dialogs/unsaved-changes/unsaved-changes.ts:41:11:
[37m      41 │     return [32mthis.session[37m.current() && dirty ? this.confirmDiscard()...
         ╵            [32m~~~~~~~~~~~~[0m


[31mX [41;31m[[41;97mERROR[41;31m][0m [1mTS2307: Cannot find module 'api' or its corresponding type declarations.[0m [1m[35m[plugin angular-compiler][0m

    projects/loupe/src/app/pages/photograph-detail/photograph-detail-page.ts:3:83:
[37m      3 │ ...t, OperationResult, PhotographResult, SESSION_SERVICE } from [32m'api'[37m;
        ╵                                                                 [32m~~~~~[0m


[31mX [41;31m[[41;97mERROR[41;31m][0m [1mTS2571: Object is of type 'unknown'.[0m [1m[35m[plugin angular-compiler][0m

    projects/loupe/src/app/pages/photograph-detail/photograph-detail-page.ts:39:8:
[37m      39 │     if ([32mthis.session[37m.current() && (this.deleting() || this.request...
         ╵         [32m~~~~~~~~~~~~[0m


[31mX [41;31m[[41;97mERROR[41;31m][0m [1mTS2307: Cannot find module 'api' or its corresponding type declarations.[0m [1m[35m[plugin angular-compiler][0m

    projects/loupe/src/app/pages/photograph-upload/photograph-upload-page.ts:4:50:
[37m      4 │ import { OperationResult, PhotographResult } from [32m'api'[37m;
        ╵                                                   [32m~~~~~[0m


[31mX [41;31m[[41;97mERROR[41;31m][0m [1mTS2307: Cannot find module 'api' or its corresponding type declarations.[0m [1m[35m[plugin angular-compiler][0m

    projects/loupe/src/app/pages/reference-link/reference-link-page.ts:4:32:
[37m      4 │ import { ReferenceResult } from [32m'api'[37m;
        ╵                                 [32m~~~~~[0m


[31mX [41;31m[[41;97mERROR[41;31m][0m [1mTS2307: Cannot find module 'api' or its corresponding type declarations.[0m [1m[35m[plugin angular-compiler][0m

    projects/loupe/src/app/pages/reference-upload/reference-upload-page.ts:4:32:
[37m      4 │ import { ReferenceResult } from [32m'api'[37m;
        ╵                                 [32m~~~~~[0m


[31mX [41;31m[[41;97mERROR[41;31m][0m [1mTS2307: Cannot find module 'api' or its corresponding type declarations.[0m [1m[35m[plugin angular-compiler][0m

    projects/loupe/src/app/pages/sign-in/sign-in.ts:3:32:
[37m      3 │ import { SESSION_SERVICE } from [32m'api'[37m;
        ╵                                 [32m~~~~~[0m


[31mX [41;31m[[41;97mERROR[41;31m][0m [1mTS2571: Object is of type 'unknown'.[0m [1m[35m[plugin angular-compiler][0m

    projects/loupe/src/app/pages/sign-in/sign-in.ts:12:4:
[37m      12 │     [32mthis.session[37m.signIn(this.destination());
         ╵     [32m~~~~~~~~~~~~[0m


[31mX [41;31m[[41;97mERROR[41;31m][0m [1mTS2307: Cannot find module 'api' or its corresponding type declarations.[0m [1m[35m[plugin angular-compiler][0m

    projects/loupe/src/app/session.guard.ts:3:32:
[37m      3 │ import { SESSION_SERVICE } from [32m'api'[37m;
        ╵                                 [32m~~~~~[0m


[31mX [41;31m[[41;97mERROR[41;31m][0m [1mTS18046: 'session' is of type 'unknown'.[0m [1m[35m[plugin angular-compiler][0m

    projects/loupe/src/app/session.guard.ts:9:18:
[37m      9 │     return (await [32msession[37m.load())
        ╵                   [32m~~~~~~~[0m


[31mX [41;31m[[41;97mERROR[41;31m][0m [1mTS2307: Cannot find module 'api' or its corresponding type declarations.[0m [1m[35m[plugin angular-compiler][0m

    projects/loupe/src/testing/app.providers.ts:1:41:
[37m      1 │ import { REFERENCE_IMPORT_SERVICE } from [32m'api'[37m;
        ╵                                          [32m~~~~~[0m


[31mX [41;31m[[41;97mERROR[41;31m][0m [1mTS2307: Cannot find module 'api' or its corresponding type declarations.[0m [1m[35m[plugin angular-compiler][0m

    projects/loupe/src/testing/app.providers.ts:3:34:
[37m      3 │ import { REFERENCE_SERVICE } from [32m'api'[37m;
        ╵                                   [32m~~~~~[0m


[31mX [41;31m[[41;97mERROR[41;31m][0m [1mTS2307: Cannot find module 'api' or its corresponding type declarations.[0m [1m[35m[plugin angular-compiler][0m

    projects/loupe/src/testing/app.providers.ts:5:88:
[37m      5 │ ...HOTOGRAPH_SERVICE, DELETION_SERVICE, CRITIQUE_SERVICE } from [32m'api'[37m;
        ╵                                                                 [32m~~~~~[0m


[31mX [41;31m[[41;97mERROR[41;31m][0m [1mTS2307: Cannot find module 'api' or its corresponding type declarations.[0m [1m[35m[plugin angular-compiler][0m

    projects/loupe/src/testing/app.providers.ts:10:35:
[37m      10 │ import { COMPARISON_SERVICE } from [32m'api'[37m;
         ╵                                    [32m~~~~~[0m


[31mX [41;31m[[41;97mERROR[41;31m][0m [1mTS2307: Cannot find module 'api' or its corresponding type declarations.[0m [1m[35m[plugin angular-compiler][0m

    projects/loupe/src/testing/mock-comparison.service.ts:10:7:
[37m      10 │ } from [32m'api'[37m;
         ╵        [32m~~~~~[0m


[31mX [41;31m[[41;97mERROR[41;31m][0m [1mTS2307: Cannot find module 'api' or its corresponding type declarations.[0m [1m[35m[plugin angular-compiler][0m

    projects/loupe/src/testing/mock-critique.service.ts:9:7:
[37m      9 │ } from [32m'api'[37m;
        ╵        [32m~~~~~[0m


[31mX [41;31m[[41;97mERROR[41;31m][0m [1mTS2307: Cannot find module 'api' or its corresponding type declarations.[0m [1m[35m[plugin angular-compiler][0m

    projects/loupe/src/testing/mock-deletion.service.ts:2:63:
[37m      2 │ import { DeletionResult, IDeletionService, ServiceError } from [32m'api'[37m;
        ╵                                                                [32m~~~~~[0m


[31mX [41;31m[[41;97mERROR[41;31m][0m [1mTS2307: Cannot find module 'api' or its corresponding type declarations.[0m [1m[35m[plugin angular-compiler][0m

    projects/loupe/src/testing/mock-photograph.service.ts:10:7:
[37m      10 │ } from [32m'api'[37m;
         ╵        [32m~~~~~[0m


[31mX [41;31m[[41;97mERROR[41;31m][0m [1mTS2307: Cannot find module 'api' or its corresponding type declarations.[0m [1m[35m[plugin angular-compiler][0m

    projects/loupe/src/testing/mock-reference-import.service.ts:7:7:
[37m      7 │ } from [32m'api'[37m;
        ╵        [32m~~~~~[0m


[31mX [41;31m[[41;97mERROR[41;31m][0m [1mTS2307: Cannot find module 'api' or its corresponding type declarations.[0m [1m[35m[plugin angular-compiler][0m

    projects/loupe/src/testing/mock-reference.service.ts:1:70:
[37m      1 │ ...ReferenceMetadata, ReferenceLink, ReferenceLinkResult } from [32m'api'[37m;
        ╵                                                                 [32m~~~~~[0m


[31mX [41;31m[[41;97mERROR[41;31m][0m [1mTS2307: Cannot find module 'api' or its corresponding type declarations.[0m [1m[35m[plugin angular-compiler][0m

    projects/loupe/src/testing/mock-reference.service.ts:2:48:
[37m      2 │ import { ReferenceUpload, UploadProgress } from [32m'api'[37m;
        ╵                                                 [32m~~~~~[0m


[31mX [41;31m[[41;97mERROR[41;31m][0m [1mTS2307: Cannot find module 'api' or its corresponding type declarations.[0m [1m[35m[plugin angular-compiler][0m

    projects/loupe/src/testing/mock-reference.service.ts:4:80:
[37m      4 │ ...Service, ReferencePage, ReferenceResult, ServiceError } from [32m'api'[37m;
        ╵                                                                 [32m~~~~~[0m


[31mX [41;31m[[41;97mERROR[41;31m][0m [1mTS2307: Cannot find module 'api' or its corresponding type declarations.[0m [1m[35m[plugin angular-compiler][0m

    projects/loupe/src/testing/mock-session.service.ts:3:47:
[37m      3 │ import { ISessionService, SessionResult } from [32m'api'[37m;
        ╵                                                [32m~~~~~[0m


❯ Changes detected. Rebuilding...
✔ Changes detected. Rebuilding...
Initial chunk files | Names         |  Raw size
main.js             | main          | 464.15 kB | 
styles.css          | styles        |  23.65 kB | 

                    | Initial total | 487.80 kB

Application bundle generation complete. [2.527 seconds] - 2026-09-08T21:04:32.685Z

Page reload sent to client(s).
[2m5:04:32 p.m.[22m [31m[1m[vite][22m[39m [31mInternal server error: Failed to resolve import "components" from ".angular/vite-root/loupe/main.js". Does the file exist?[39m
  Plugin: [35mvite:import-analysis[39m
  File: [36mC:/projects/loupe/frontend/.angular/vite-root/loupe/main.js[39m:515:49
[33m  513 |  
  514 |  // dist/domain/fesm2022/domain.mjs
  515 |  import { PhotographCard, CritiqueContent } from "components";
      |                                                   ^
  516 |  import { DatePipe, DecimalPipe } from "@angular/common";
  517 |  import * as i1 from "@angular/forms";[39m
      at TransformPluginContext._formatLog (file:///C:/projects/loupe/frontend/node_modules/vite/dist/node/chunks/node.js:30416:39)
      at TransformPluginContext.error (file:///C:/projects/loupe/frontend/node_modules/vite/dist/node/chunks/node.js:30413:14)
      at normalizeUrl (file:///C:/projects/loupe/frontend/node_modules/vite/dist/node/chunks/node.js:27438:18)
      at async file:///C:/projects/loupe/frontend/node_modules/vite/dist/node/chunks/node.js:27506:30
      at async Promise.all (index 11)
      at async TransformPluginContext.transform (file:///C:/projects/loupe/frontend/node_modules/vite/dist/node/chunks/node.js:27474:4)
      at async EnvironmentPluginContainer.transform (file:///C:/projects/loupe/frontend/node_modules/vite/dist/node/chunks/node.js:30201:14)
      at async loadAndTransform (file:///C:/projects/loupe/frontend/node_modules/vite/dist/node/chunks/node.js:20124:26)
[2m5:04:32 p.m.[22m [31m[1m[vite][22m[39m [31m[2m(client)[22m[39m Pre-transform error: Failed to resolve import "components" from ".angular/vite-root/loupe/main.js". Does the file exist?
  Plugin: [35mvite:import-analysis[39m
  File: [36mC:/projects/loupe/frontend/.angular/vite-root/loupe/main.js[39m:515:49
[33m  513 |  
  514 |  // dist/domain/fesm2022/domain.mjs
  515 |  import { PhotographCard, CritiqueContent } from "components";
      |                                                   ^
  516 |  import { DatePipe, DecimalPipe } from "@angular/common";
  517 |  import * as i1 from "@angular/forms";[39m
❯ Changes detected. Rebuilding...
✔ Changes detected. Rebuilding...
Initial chunk files | Names         |  Raw size
main.js             | main          | 464.15 kB | 
styles.css          | styles        |  23.65 kB | 

                    | Initial total | 487.80 kB

Application bundle generation complete. [0.050 seconds] - 2026-09-08T21:04:35.771Z

❯ Changes detected. Rebuilding...
✔ Changes detected. Rebuilding...
Application bundle generation failed. [1.108 seconds] - 2026-09-08T21:04:39.684Z

[31mX [41;31m[[41;97mERROR[41;31m][0m [1mTS2591: Cannot find name 'domain'. Do you need to install type definitions for node? Try `npm i --save-dev @types/node` and then add 'node' to the types field in your tsconfig.[0m [1m[35m[plugin angular-compiler][0m

    projects/loupe/src/app/dialogs/regenerate-critique/regenerate-critique.ts:3:32:
[37m      3 │ import { RequestCritique } from [32m'domain'[37m;
        ╵                                 [32m~~~~~~~~[0m


[31mX [41;31m[[41;97mERROR[41;31m][0m [1mNG1010: 'imports' must be an array of components, directives, pipes, or NgModules.
  Value could not be determined statically.[0m [1m[35m[plugin angular-compiler][0m

    projects/loupe/src/app/dialogs/regenerate-critique/regenerate-critique.ts:7:12:
[37m      7 │   imports: [[32mRequestCritique[37m],
        ╵             [32m~~~~~~~~~~~~~~~[0m

  Unknown reference.

    projects/loupe/src/app/dialogs/regenerate-critique/regenerate-critique.ts:7:12:
[37m      7 │   imports: [[32mRequestCritique[37m],
        ╵             [32m~~~~~~~~~~~~~~~[0m


[31mX [41;31m[[41;97mERROR[41;31m][0m [1mTS2339: Property 'busy' does not exist on type '{}'.[0m [1m[35m[plugin angular-compiler][0m

    projects/loupe/src/app/dialogs/regenerate-critique/regenerate-critique.ts:17:52:
[37m      17 │ ...uted(() => !!(this.request()?.[32mbusy[37m() || this.request()?.reviewi...
         ╵                                  [32m~~~~[0m


[31mX [41;31m[[41;97mERROR[41;31m][0m [1mTS2339: Property 'reviewing' does not exist on type '{}'.[0m [1m[35m[plugin angular-compiler][0m

    projects/loupe/src/app/dialogs/regenerate-critique/regenerate-critique.ts:17:78:
[37m      17 │ ...(() => !!(this.request()?.busy() || this.request()?.[32mreviewing[37m()));
         ╵                                                        [32m~~~~~~~~~[0m


[31mX [41;31m[[41;97mERROR[41;31m][0m [1mTS2591: Cannot find name 'domain'. Do you need to install type definitions for node? Try `npm i --save-dev @types/node` and then add 'node' to the types field in your tsconfig.[0m [1m[35m[plugin angular-compiler][0m

    projects/loupe/src/app/dialogs/replace-attempt/replace-attempt.ts:2:30:
[37m      2 │ import { AttemptPicker } from [32m'domain'[37m;
        ╵                               [32m~~~~~~~~[0m


[31mX [41;31m[[41;97mERROR[41;31m][0m [1mNG1010: 'imports' must be an array of components, directives, pipes, or NgModules.
  Value could not be determined statically.[0m [1m[35m[plugin angular-compiler][0m

    projects/loupe/src/app/dialogs/replace-attempt/replace-attempt.ts:6:12:
[37m      6 │   imports: [[32mAttemptPicker[37m],
        ╵             [32m~~~~~~~~~~~~~[0m

  Unknown reference.

    projects/loupe/src/app/dialogs/replace-attempt/replace-attempt.ts:6:12:
[37m      6 │   imports: [[32mAttemptPicker[37m],
        ╵             [32m~~~~~~~~~~~~~[0m


[31mX [41;31m[[41;97mERROR[41;31m][0m [1mTS2591: Cannot find name 'domain'. Do you need to install type definitions for node? Try `npm i --save-dev @types/node` and then add 'node' to the types field in your tsconfig.[0m [1m[35m[plugin angular-compiler][0m

    projects/loupe/src/app/pages/compare/compare-page.ts:3:49:
[37m      3 │ import { AttemptComparison, AttemptPicker } from [32m'domain'[37m;
        ╵                                                  [32m~~~~~~~~[0m


[31mX [41;31m[[41;97mERROR[41;31m][0m [1mNG1010: 'imports' must be an array of components, directives, pipes, or NgModules.
  Value could not be determined statically.[0m [1m[35m[plugin angular-compiler][0m

    projects/loupe/src/app/pages/compare/compare-page.ts:8:24:
[37m      8 │   imports: [RouterLink, [32mAttemptComparison[37m, AttemptPicker, ReplaceAt...
        ╵                         [32m~~~~~~~~~~~~~~~~~[0m

  Unknown reference.

    projects/loupe/src/app/pages/compare/compare-page.ts:8:24:
[37m      8 │   imports: [RouterLink, [32mAttemptComparison[37m, AttemptPicker, ReplaceAt...
        ╵                         [32m~~~~~~~~~~~~~~~~~[0m


[31mX [41;31m[[41;97mERROR[41;31m][0m [1mNG1010: 'imports' must be an array of components, directives, pipes, or NgModules.
  Value could not be determined statically.[0m [1m[35m[plugin angular-compiler][0m

    projects/loupe/src/app/pages/compare/compare-page.ts:8:43:
[37m      8 │ ...ts: [RouterLink, AttemptComparison, [32mAttemptPicker[37m, ReplaceAttempt],
        ╵                                        [32m~~~~~~~~~~~~~[0m

  Unknown reference.

    projects/loupe/src/app/pages/compare/compare-page.ts:8:43:
[37m      8 │ ...ts: [RouterLink, AttemptComparison, [32mAttemptPicker[37m, ReplaceAttempt],
        ╵                                        [32m~~~~~~~~~~~~~[0m


[31mX [41;31m[[41;97mERROR[41;31m][0m [1mTS2591: Cannot find name 'domain'. Do you need to install type definitions for node? Try `npm i --save-dev @types/node` and then add 'node' to the types field in your tsconfig.[0m [1m[35m[plugin angular-compiler][0m

    projects/loupe/src/app/pages/deletion/deletion-page.ts:3:31:
[37m      3 │ import { DeletionStatus } from [32m'domain'[37m;
        ╵                                [32m~~~~~~~~[0m


[31mX [41;31m[[41;97mERROR[41;31m][0m [1mNG1010: 'imports' must be an array of components, directives, pipes, or NgModules.
  Value could not be determined statically.[0m [1m[35m[plugin angular-compiler][0m

    projects/loupe/src/app/pages/deletion/deletion-page.ts:7:24:
[37m      7 │   imports: [RouterLink, [32mDeletionStatus[37m],
        ╵                         [32m~~~~~~~~~~~~~~[0m

  Unknown reference.

    projects/loupe/src/app/pages/deletion/deletion-page.ts:7:24:
[37m      7 │   imports: [RouterLink, [32mDeletionStatus[37m],
        ╵                         [32m~~~~~~~~~~~~~~[0m


[31mX [41;31m[[41;97mERROR[41;31m][0m [1mTS2591: Cannot find name 'domain'. Do you need to install type definitions for node? Try `npm i --save-dev @types/node` and then add 'node' to the types field in your tsconfig.[0m [1m[35m[plugin angular-compiler][0m

    projects/loupe/src/app/pages/inspiration/inspiration-page.ts:3:36:
[37m      3 │ import { ReferenceCollection } from [32m'domain'[37m;
        ╵                                     [32m~~~~~~~~[0m


[31mX [41;31m[[41;97mERROR[41;31m][0m [1mNG1010: 'imports' must be an array of components, directives, pipes, or NgModules.
  Value could not be determined statically.[0m [1m[35m[plugin angular-compiler][0m

    projects/loupe/src/app/pages/inspiration/inspiration-page.ts:6:12:
[37m      6 │   imports: [[32mReferenceCollection[37m, RouterLink],
        ╵             [32m~~~~~~~~~~~~~~~~~~~[0m

  Unknown reference.

    projects/loupe/src/app/pages/inspiration/inspiration-page.ts:6:12:
[37m      6 │   imports: [[32mReferenceCollection[37m, RouterLink],
        ╵             [32m~~~~~~~~~~~~~~~~~~~[0m


[31mX [41;31m[[41;97mERROR[41;31m][0m [1mTS2591: Cannot find name 'domain'. Do you need to install type definitions for node? Try `npm i --save-dev @types/node` and then add 'node' to the types field in your tsconfig.[0m [1m[35m[plugin angular-compiler][0m

    projects/loupe/src/app/pages/my-work/my-work.ts:2:37:
[37m      2 │ import { PhotographCollection } from [32m'domain'[37m;
        ╵                                      [32m~~~~~~~~[0m


[31mX [41;31m[[41;97mERROR[41;31m][0m [1mNG1010: 'imports' must be an array of components, directives, pipes, or NgModules.
  Value could not be determined statically.[0m [1m[35m[plugin angular-compiler][0m

    projects/loupe/src/app/pages/my-work/my-work.ts:7:12:
[37m      7 │   imports: [[32mPhotographCollection[37m, RouterLink],
        ╵             [32m~~~~~~~~~~~~~~~~~~~~[0m

  Unknown reference.

    projects/loupe/src/app/pages/my-work/my-work.ts:7:12:
[37m      7 │   imports: [[32mPhotographCollection[37m, RouterLink],
        ╵             [32m~~~~~~~~~~~~~~~~~~~~[0m


[31mX [41;31m[[41;97mERROR[41;31m][0m [1mTS2591: Cannot find name 'domain'. Do you need to install type definitions for node? Try `npm i --save-dev @types/node` and then add 'node' to the types field in your tsconfig.[0m [1m[35m[plugin angular-compiler][0m

    projects/loupe/src/app/pages/photograph-detail/photograph-detail-page.ts:4:33:
[37m      4 │ import { PhotographDetail } from [32m'domain'[37m;
        ╵                                  [32m~~~~~~~~[0m


[31mX [41;31m[[41;97mERROR[41;31m][0m [1mNG1010: 'imports' must be an array of components, directives, pipes, or NgModules.
  Value could not be determined statically.[0m [1m[35m[plugin angular-compiler][0m

    projects/loupe/src/app/pages/photograph-detail/photograph-detail-page.ts:11:24:
[37m      11 │   imports: [RouterLink, [32mPhotographDetail[37m, UnsavedChanges, DeletePh...
         ╵                         [32m~~~~~~~~~~~~~~~~[0m

  Unknown reference.

    projects/loupe/src/app/pages/photograph-detail/photograph-detail-page.ts:11:24:
[37m      11 │   imports: [RouterLink, [32mPhotographDetail[37m, UnsavedChanges, DeletePh...
         ╵                         [32m~~~~~~~~~~~~~~~~[0m


[31mX [41;31m[[41;97mERROR[41;31m][0m [1mTS2339: Property 'dirty' does not exist on type '{}'.[0m [1m[35m[plugin angular-compiler][0m

    projects/loupe/src/app/pages/photograph-detail/photograph-detail-page.ts:24:70:
[37m      24 │ ...uted(() => !this.deletion() && (this.detail()?.[32mdirty[37m() ?? false));
         ╵                                                   [32m~~~~~[0m


[31mX [41;31m[[41;97mERROR[41;31m][0m [1mTS2339: Property 'followCritique' does not exist on type '{}'.[0m [1m[35m[plugin angular-compiler][0m

    projects/loupe/src/app/pages/photograph-detail/photograph-detail-page.ts:29:19:
[37m      29 │     this.detail()?.[32mfollowCritique[37m(operation);
         ╵                    [32m~~~~~~~~~~~~~~[0m


[31mX [41;31m[[41;97mERROR[41;31m][0m [1mTS2339: Property 'photo' does not exist on type '{}'.[0m [1m[35m[plugin angular-compiler][0m

    projects/loupe/src/app/pages/photograph-detail/photograph-detail-page.ts:32:47:
[37m      32 │     if (photo.id === this.id()) this.detail()?.[32mphoto[37m.set(photo);
         ╵                                                [32m~~~~~[0m


[31mX [41;31m[[41;97mERROR[41;31m][0m [1mTS2591: Cannot find name 'domain'. Do you need to install type definitions for node? Try `npm i --save-dev @types/node` and then add 'node' to the types field in your tsconfig.[0m [1m[35m[plugin angular-compiler][0m

    projects/loupe/src/app/pages/photograph-upload/photograph-upload-page.ts:3:50:
[37m      3 │ import { PhotographUpload, RequestCritique } from [32m'domain'[37m;
        ╵                                                   [32m~~~~~~~~[0m


[31mX [41;31m[[41;97mERROR[41;31m][0m [1mNG1010: 'imports' must be an array of components, directives, pipes, or NgModules.
  Value could not be determined statically.[0m [1m[35m[plugin angular-compiler][0m

    projects/loupe/src/app/pages/photograph-upload/photograph-upload-page.ts:9:24:
[37m      9 │   imports: [RouterLink, [32mPhotographUpload[37m, UnsavedChanges, RequestCr...
        ╵                         [32m~~~~~~~~~~~~~~~~[0m

  Unknown reference.

    projects/loupe/src/app/pages/photograph-upload/photograph-upload-page.ts:9:24:
[37m      9 │   imports: [RouterLink, [32mPhotographUpload[37m, UnsavedChanges, RequestCr...
        ╵                         [32m~~~~~~~~~~~~~~~~[0m


[31mX [41;31m[[41;97mERROR[41;31m][0m [1mNG1010: 'imports' must be an array of components, directives, pipes, or NgModules.
  Value could not be determined statically.[0m [1m[35m[plugin angular-compiler][0m

    projects/loupe/src/app/pages/photograph-upload/photograph-upload-page.ts:9:58:
[37m      9 │ ...s: [RouterLink, PhotographUpload, UnsavedChanges, [32mRequestCritique[37m],
        ╵                                                      [32m~~~~~~~~~~~~~~~[0m

  Unknown reference.

    projects/loupe/src/app/pages/photograph-upload/photograph-upload-page.ts:9:58:
[37m      9 │ ...s: [RouterLink, PhotographUpload, UnsavedChanges, [32mRequestCritique[37m],
        ╵                                                      [32m~~~~~~~~~~~~~~~[0m


[31mX [41;31m[[41;97mERROR[41;31m][0m [1mTS2339: Property 'dirty' does not exist on type '{}'.[0m [1m[35m[plugin angular-compiler][0m

    projects/loupe/src/app/pages/photograph-upload/photograph-upload-page.ts:19:38:
[37m      19 │   readonly dirty = () => this.form()?.[32mdirty[37m() ?? false;
         ╵                                       [32m~~~~~[0m


[31mX [41;31m[[41;97mERROR[41;31m][0m [1mTS2339: Property 'dirty' does not exist on type '{}'.[0m [1m[35m[plugin angular-compiler][0m

    projects/loupe/src/app/pages/photograph-upload/photograph-upload-page.ts:21:47:
[37m      21 │     return this.dialog().canLeave(this.form()?.[32mdirty[37m() ?? false);
         ╵                                                [32m~~~~~[0m


[31mX [41;31m[[41;97mERROR[41;31m][0m [1mTS2339: Property 'requestCritique' does not exist on type '{}'.[0m [1m[35m[plugin angular-compiler][0m

    projects/loupe/src/app/pages/photograph-upload/photograph-upload-page.ts:24:21:
[37m      24 │     if (this.form()?.[32mrequestCritique[37m()) {
         ╵                      [32m~~~~~~~~~~~~~~~[0m


[31mX [41;31m[[41;97mERROR[41;31m][0m [1mTS2591: Cannot find name 'domain'. Do you need to install type definitions for node? Try `npm i --save-dev @types/node` and then add 'node' to the types field in your tsconfig.[0m [1m[35m[plugin angular-compiler][0m

    projects/loupe/src/app/pages/reference-detail/reference-detail-page.ts:4:37:
[37m      4 │ import { ReferenceDetailPanel } from [32m'domain'[37m;
        ╵                                      [32m~~~~~~~~[0m


[31mX [41;31m[[41;97mERROR[41;31m][0m [1mNG1010: 'imports' must be an array of components, directives, pipes, or NgModules.
  Value could not be determined statically.[0m [1m[35m[plugin angular-compiler][0m

    projects/loupe/src/app/pages/reference-detail/reference-detail-page.ts:7:24:
[37m      7 │   imports: [RouterLink, [32mReferenceDetailPanel[37m, UnsavedChanges],
        ╵                         [32m~~~~~~~~~~~~~~~~~~~~[0m

  Unknown reference.

    projects/loupe/src/app/pages/reference-detail/reference-detail-page.ts:7:24:
[37m      7 │   imports: [RouterLink, [32mReferenceDetailPanel[37m, UnsavedChanges],
        ╵                         [32m~~~~~~~~~~~~~~~~~~~~[0m


[31mX [41;31m[[41;97mERROR[41;31m][0m [1mTS2339: Property 'dirty' does not exist on type '{}'.[0m [1m[35m[plugin angular-compiler][0m

    projects/loupe/src/app/pages/reference-detail/reference-detail-page.ts:14:40:
[37m      14 │   readonly dirty = () => this.detail()?.[32mdirty[37m() ?? false;
         ╵                                         [32m~~~~~[0m


[31mX [41;31m[[41;97mERROR[41;31m][0m [1mTS2591: Cannot find name 'domain'. Do you need to install type definitions for node? Try `npm i --save-dev @types/node` and then add 'node' to the types field in your tsconfig.[0m [1m[35m[plugin angular-compiler][0m

    projects/loupe/src/app/pages/reference-link/reference-link-page.ts:3:35:
[37m      3 │ import { ReferenceLinkPanel } from [32m'domain'[37m;
        ╵                                    [32m~~~~~~~~[0m


[31mX [41;31m[[41;97mERROR[41;31m][0m [1mNG1010: 'imports' must be an array of components, directives, pipes, or NgModules.
  Value could not be determined statically.[0m [1m[35m[plugin angular-compiler][0m

    projects/loupe/src/app/pages/reference-link/reference-link-page.ts:9:24:
[37m      9 │   imports: [RouterLink, [32mReferenceLinkPanel[37m, UnsavedChanges],
        ╵                         [32m~~~~~~~~~~~~~~~~~~[0m

  Unknown reference.

    projects/loupe/src/app/pages/reference-link/reference-link-page.ts:9:24:
[37m      9 │   imports: [RouterLink, [32mReferenceLinkPanel[37m, UnsavedChanges],
        ╵                         [32m~~~~~~~~~~~~~~~~~~[0m


[31mX [41;31m[[41;97mERROR[41;31m][0m [1mTS2339: Property 'dirty' does not exist on type '{}'.[0m [1m[35m[plugin angular-compiler][0m

    projects/loupe/src/app/pages/reference-link/reference-link-page.ts:17:38:
[37m      17 │   readonly dirty = () => this.form()?.[32mdirty[37m() ?? false;
         ╵                                       [32m~~~~~[0m


[31mX [41;31m[[41;97mERROR[41;31m][0m [1mTS2591: Cannot find name 'domain'. Do you need to install type definitions for node? Try `npm i --save-dev @types/node` and then add 'node' to the types field in your tsconfig.[0m [1m[35m[plugin angular-compiler][0m

    projects/loupe/src/app/pages/reference-upload/reference-upload-page.ts:3:36:
[37m      3 │ import { ReferenceImagePanel } from [32m'domain'[37m;
        ╵                                     [32m~~~~~~~~[0m


[31mX [41;31m[[41;97mERROR[41;31m][0m [1mNG1010: 'imports' must be an array of components, directives, pipes, or NgModules.
  Value could not be determined statically.[0m [1m[35m[plugin angular-compiler][0m

    projects/loupe/src/app/pages/reference-upload/reference-upload-page.ts:9:24:
[37m      9 │   imports: [RouterLink, [32mReferenceImagePanel[37m, UnsavedChanges],
        ╵                         [32m~~~~~~~~~~~~~~~~~~~[0m

  Unknown reference.

    projects/loupe/src/app/pages/reference-upload/reference-upload-page.ts:9:24:
[37m      9 │   imports: [RouterLink, [32mReferenceImagePanel[37m, UnsavedChanges],
        ╵                         [32m~~~~~~~~~~~~~~~~~~~[0m


[31mX [41;31m[[41;97mERROR[41;31m][0m [1mTS2339: Property 'dirty' does not exist on type '{}'.[0m [1m[35m[plugin angular-compiler][0m

    projects/loupe/src/app/pages/reference-upload/reference-upload-page.ts:17:38:
[37m      17 │   readonly dirty = () => this.form()?.[32mdirty[37m() ?? false;
         ╵                                       [32m~~~~~[0m


❯ Changes detected. Rebuilding...
✔ Changes detected. Rebuilding...
Application bundle generation failed. [0.002 seconds] - 2026-09-08T21:04:48.522Z

[31mX [41;31m[[41;97mERROR[41;31m][0m [1mTS2591: Cannot find name 'domain'. Do you need to install type definitions for node? Try `npm i --save-dev @types/node` and then add 'node' to the types field in your tsconfig.[0m [1m[35m[plugin angular-compiler][0m

    projects/loupe/src/app/dialogs/regenerate-critique/regenerate-critique.ts:3:32:
[37m      3 │ import { RequestCritique } from [32m'domain'[37m;
        ╵                                 [32m~~~~~~~~[0m


[31mX [41;31m[[41;97mERROR[41;31m][0m [1mNG1010: 'imports' must be an array of components, directives, pipes, or NgModules.
  Value could not be determined statically.[0m [1m[35m[plugin angular-compiler][0m

    projects/loupe/src/app/dialogs/regenerate-critique/regenerate-critique.ts:7:12:
[37m      7 │   imports: [[32mRequestCritique[37m],
        ╵             [32m~~~~~~~~~~~~~~~[0m

  Unknown reference.

    projects/loupe/src/app/dialogs/regenerate-critique/regenerate-critique.ts:7:12:
[37m      7 │   imports: [[32mRequestCritique[37m],
        ╵             [32m~~~~~~~~~~~~~~~[0m


[31mX [41;31m[[41;97mERROR[41;31m][0m [1mTS2339: Property 'busy' does not exist on type '{}'.[0m [1m[35m[plugin angular-compiler][0m

    projects/loupe/src/app/dialogs/regenerate-critique/regenerate-critique.ts:17:52:
[37m      17 │ ...uted(() => !!(this.request()?.[32mbusy[37m() || this.request()?.reviewi...
         ╵                                  [32m~~~~[0m


[31mX [41;31m[[41;97mERROR[41;31m][0m [1mTS2339: Property 'reviewing' does not exist on type '{}'.[0m [1m[35m[plugin angular-compiler][0m

    projects/loupe/src/app/dialogs/regenerate-critique/regenerate-critique.ts:17:78:
[37m      17 │ ...(() => !!(this.request()?.busy() || this.request()?.[32mreviewing[37m()));
         ╵                                                        [32m~~~~~~~~~[0m


[31mX [41;31m[[41;97mERROR[41;31m][0m [1mTS2591: Cannot find name 'domain'. Do you need to install type definitions for node? Try `npm i --save-dev @types/node` and then add 'node' to the types field in your tsconfig.[0m [1m[35m[plugin angular-compiler][0m

    projects/loupe/src/app/dialogs/replace-attempt/replace-attempt.ts:2:30:
[37m      2 │ import { AttemptPicker } from [32m'domain'[37m;
        ╵                               [32m~~~~~~~~[0m


[31mX [41;31m[[41;97mERROR[41;31m][0m [1mNG1010: 'imports' must be an array of components, directives, pipes, or NgModules.
  Value could not be determined statically.[0m [1m[35m[plugin angular-compiler][0m

    projects/loupe/src/app/dialogs/replace-attempt/replace-attempt.ts:6:12:
[37m      6 │   imports: [[32mAttemptPicker[37m],
        ╵             [32m~~~~~~~~~~~~~[0m

  Unknown reference.

    projects/loupe/src/app/dialogs/replace-attempt/replace-attempt.ts:6:12:
[37m      6 │   imports: [[32mAttemptPicker[37m],
        ╵             [32m~~~~~~~~~~~~~[0m


[31mX [41;31m[[41;97mERROR[41;31m][0m [1mTS2591: Cannot find name 'domain'. Do you need to install type definitions for node? Try `npm i --save-dev @types/node` and then add 'node' to the types field in your tsconfig.[0m [1m[35m[plugin angular-compiler][0m

    projects/loupe/src/app/pages/compare/compare-page.ts:3:49:
[37m      3 │ import { AttemptComparison, AttemptPicker } from [32m'domain'[37m;
        ╵                                                  [32m~~~~~~~~[0m


[31mX [41;31m[[41;97mERROR[41;31m][0m [1mNG1010: 'imports' must be an array of components, directives, pipes, or NgModules.
  Value could not be determined statically.[0m [1m[35m[plugin angular-compiler][0m

    projects/loupe/src/app/pages/compare/compare-page.ts:8:24:
[37m      8 │   imports: [RouterLink, [32mAttemptComparison[37m, AttemptPicker, ReplaceAt...
        ╵                         [32m~~~~~~~~~~~~~~~~~[0m

  Unknown reference.

    projects/loupe/src/app/pages/compare/compare-page.ts:8:24:
[37m      8 │   imports: [RouterLink, [32mAttemptComparison[37m, AttemptPicker, ReplaceAt...
        ╵                         [32m~~~~~~~~~~~~~~~~~[0m


[31mX [41;31m[[41;97mERROR[41;31m][0m [1mNG1010: 'imports' must be an array of components, directives, pipes, or NgModules.
  Value could not be determined statically.[0m [1m[35m[plugin angular-compiler][0m

    projects/loupe/src/app/pages/compare/compare-page.ts:8:43:
[37m      8 │ ...ts: [RouterLink, AttemptComparison, [32mAttemptPicker[37m, ReplaceAttempt],
        ╵                                        [32m~~~~~~~~~~~~~[0m

  Unknown reference.

    projects/loupe/src/app/pages/compare/compare-page.ts:8:43:
[37m      8 │ ...ts: [RouterLink, AttemptComparison, [32mAttemptPicker[37m, ReplaceAttempt],
        ╵                                        [32m~~~~~~~~~~~~~[0m


[31mX [41;31m[[41;97mERROR[41;31m][0m [1mTS2591: Cannot find name 'domain'. Do you need to install type definitions for node? Try `npm i --save-dev @types/node` and then add 'node' to the types field in your tsconfig.[0m [1m[35m[plugin angular-compiler][0m

    projects/loupe/src/app/pages/deletion/deletion-page.ts:3:31:
[37m      3 │ import { DeletionStatus } from [32m'domain'[37m;
        ╵                                [32m~~~~~~~~[0m


[31mX [41;31m[[41;97mERROR[41;31m][0m [1mNG1010: 'imports' must be an array of components, directives, pipes, or NgModules.
  Value could not be determined statically.[0m [1m[35m[plugin angular-compiler][0m

    projects/loupe/src/app/pages/deletion/deletion-page.ts:7:24:
[37m      7 │   imports: [RouterLink, [32mDeletionStatus[37m],
        ╵                         [32m~~~~~~~~~~~~~~[0m

  Unknown reference.

    projects/loupe/src/app/pages/deletion/deletion-page.ts:7:24:
[37m      7 │   imports: [RouterLink, [32mDeletionStatus[37m],
        ╵                         [32m~~~~~~~~~~~~~~[0m


[31mX [41;31m[[41;97mERROR[41;31m][0m [1mTS2591: Cannot find name 'domain'. Do you need to install type definitions for node? Try `npm i --save-dev @types/node` and then add 'node' to the types field in your tsconfig.[0m [1m[35m[plugin angular-compiler][0m

    projects/loupe/src/app/pages/inspiration/inspiration-page.ts:3:36:
[37m      3 │ import { ReferenceCollection } from [32m'domain'[37m;
        ╵                                     [32m~~~~~~~~[0m


[31mX [41;31m[[41;97mERROR[41;31m][0m [1mNG1010: 'imports' must be an array of components, directives, pipes, or NgModules.
  Value could not be determined statically.[0m [1m[35m[plugin angular-compiler][0m

    projects/loupe/src/app/pages/inspiration/inspiration-page.ts:6:12:
[37m      6 │   imports: [[32mReferenceCollection[37m, RouterLink],
        ╵             [32m~~~~~~~~~~~~~~~~~~~[0m

  Unknown reference.

    projects/loupe/src/app/pages/inspiration/inspiration-page.ts:6:12:
[37m      6 │   imports: [[32mReferenceCollection[37m, RouterLink],
        ╵             [32m~~~~~~~~~~~~~~~~~~~[0m


[31mX [41;31m[[41;97mERROR[41;31m][0m [1mTS2591: Cannot find name 'domain'. Do you need to install type definitions for node? Try `npm i --save-dev @types/node` and then add 'node' to the types field in your tsconfig.[0m [1m[35m[plugin angular-compiler][0m

    projects/loupe/src/app/pages/my-work/my-work.ts:2:37:
[37m      2 │ import { PhotographCollection } from [32m'domain'[37m;
        ╵                                      [32m~~~~~~~~[0m


[31mX [41;31m[[41;97mERROR[41;31m][0m [1mNG1010: 'imports' must be an array of components, directives, pipes, or NgModules.
  Value could not be determined statically.[0m [1m[35m[plugin angular-compiler][0m

    projects/loupe/src/app/pages/my-work/my-work.ts:7:12:
[37m      7 │   imports: [[32mPhotographCollection[37m, RouterLink],
        ╵             [32m~~~~~~~~~~~~~~~~~~~~[0m

  Unknown reference.

    projects/loupe/src/app/pages/my-work/my-work.ts:7:12:
[37m      7 │   imports: [[32mPhotographCollection[37m, RouterLink],
        ╵             [32m~~~~~~~~~~~~~~~~~~~~[0m


[31mX [41;31m[[41;97mERROR[41;31m][0m [1mTS2591: Cannot find name 'domain'. Do you need to install type definitions for node? Try `npm i --save-dev @types/node` and then add 'node' to the types field in your tsconfig.[0m [1m[35m[plugin angular-compiler][0m

    projects/loupe/src/app/pages/photograph-detail/photograph-detail-page.ts:4:33:
[37m      4 │ import { PhotographDetail } from [32m'domain'[37m;
        ╵                                  [32m~~~~~~~~[0m


[31mX [41;31m[[41;97mERROR[41;31m][0m [1mNG1010: 'imports' must be an array of components, directives, pipes, or NgModules.
  Value could not be determined statically.[0m [1m[35m[plugin angular-compiler][0m

    projects/loupe/src/app/pages/photograph-detail/photograph-detail-page.ts:11:24:
[37m      11 │   imports: [RouterLink, [32mPhotographDetail[37m, UnsavedChanges, DeletePh...
         ╵                         [32m~~~~~~~~~~~~~~~~[0m

  Unknown reference.

    projects/loupe/src/app/pages/photograph-detail/photograph-detail-page.ts:11:24:
[37m      11 │   imports: [RouterLink, [32mPhotographDetail[37m, UnsavedChanges, DeletePh...
         ╵                         [32m~~~~~~~~~~~~~~~~[0m


[31mX [41;31m[[41;97mERROR[41;31m][0m [1mTS2339: Property 'dirty' does not exist on type '{}'.[0m [1m[35m[plugin angular-compiler][0m

    projects/loupe/src/app/pages/photograph-detail/photograph-detail-page.ts:24:70:
[37m      24 │ ...uted(() => !this.deletion() && (this.detail()?.[32mdirty[37m() ?? false));
         ╵                                                   [32m~~~~~[0m


[31mX [41;31m[[41;97mERROR[41;31m][0m [1mTS2339: Property 'followCritique' does not exist on type '{}'.[0m [1m[35m[plugin angular-compiler][0m

    projects/loupe/src/app/pages/photograph-detail/photograph-detail-page.ts:29:19:
[37m      29 │     this.detail()?.[32mfollowCritique[37m(operation);
         ╵                    [32m~~~~~~~~~~~~~~[0m


[31mX [41;31m[[41;97mERROR[41;31m][0m [1mTS2339: Property 'photo' does not exist on type '{}'.[0m [1m[35m[plugin angular-compiler][0m

    projects/loupe/src/app/pages/photograph-detail/photograph-detail-page.ts:32:47:
[37m      32 │     if (photo.id === this.id()) this.detail()?.[32mphoto[37m.set(photo);
         ╵                                                [32m~~~~~[0m


[31mX [41;31m[[41;97mERROR[41;31m][0m [1mTS2591: Cannot find name 'domain'. Do you need to install type definitions for node? Try `npm i --save-dev @types/node` and then add 'node' to the types field in your tsconfig.[0m [1m[35m[plugin angular-compiler][0m

    projects/loupe/src/app/pages/photograph-upload/photograph-upload-page.ts:3:50:
[37m      3 │ import { PhotographUpload, RequestCritique } from [32m'domain'[37m;
        ╵                                                   [32m~~~~~~~~[0m


[31mX [41;31m[[41;97mERROR[41;31m][0m [1mNG1010: 'imports' must be an array of components, directives, pipes, or NgModules.
  Value could not be determined statically.[0m [1m[35m[plugin angular-compiler][0m

    projects/loupe/src/app/pages/photograph-upload/photograph-upload-page.ts:9:24:
[37m      9 │   imports: [RouterLink, [32mPhotographUpload[37m, UnsavedChanges, RequestCr...
        ╵                         [32m~~~~~~~~~~~~~~~~[0m

  Unknown reference.

    projects/loupe/src/app/pages/photograph-upload/photograph-upload-page.ts:9:24:
[37m      9 │   imports: [RouterLink, [32mPhotographUpload[37m, UnsavedChanges, RequestCr...
        ╵                         [32m~~~~~~~~~~~~~~~~[0m


[31mX [41;31m[[41;97mERROR[41;31m][0m [1mNG1010: 'imports' must be an array of components, directives, pipes, or NgModules.
  Value could not be determined statically.[0m [1m[35m[plugin angular-compiler][0m

    projects/loupe/src/app/pages/photograph-upload/photograph-upload-page.ts:9:58:
[37m      9 │ ...s: [RouterLink, PhotographUpload, UnsavedChanges, [32mRequestCritique[37m],
        ╵                                                      [32m~~~~~~~~~~~~~~~[0m

  Unknown reference.

    projects/loupe/src/app/pages/photograph-upload/photograph-upload-page.ts:9:58:
[37m      9 │ ...s: [RouterLink, PhotographUpload, UnsavedChanges, [32mRequestCritique[37m],
        ╵                                                      [32m~~~~~~~~~~~~~~~[0m


[31mX [41;31m[[41;97mERROR[41;31m][0m [1mTS2339: Property 'dirty' does not exist on type '{}'.[0m [1m[35m[plugin angular-compiler][0m

    projects/loupe/src/app/pages/photograph-upload/photograph-upload-page.ts:19:38:
[37m      19 │   readonly dirty = () => this.form()?.[32mdirty[37m() ?? false;
         ╵                                       [32m~~~~~[0m


[31mX [41;31m[[41;97mERROR[41;31m][0m [1mTS2339: Property 'dirty' does not exist on type '{}'.[0m [1m[35m[plugin angular-compiler][0m

    projects/loupe/src/app/pages/photograph-upload/photograph-upload-page.ts:21:47:
[37m      21 │     return this.dialog().canLeave(this.form()?.[32mdirty[37m() ?? false);
         ╵                                                [32m~~~~~[0m


[31mX [41;31m[[41;97mERROR[41;31m][0m [1mTS2339: Property 'requestCritique' does not exist on type '{}'.[0m [1m[35m[plugin angular-compiler][0m

    projects/loupe/src/app/pages/photograph-upload/photograph-upload-page.ts:24:21:
[37m      24 │     if (this.form()?.[32mrequestCritique[37m()) {
         ╵                      [32m~~~~~~~~~~~~~~~[0m


[31mX [41;31m[[41;97mERROR[41;31m][0m [1mTS2591: Cannot find name 'domain'. Do you need to install type definitions for node? Try `npm i --save-dev @types/node` and then add 'node' to the types field in your tsconfig.[0m [1m[35m[plugin angular-compiler][0m

    projects/loupe/src/app/pages/reference-detail/reference-detail-page.ts:4:37:
[37m      4 │ import { ReferenceDetailPanel } from [32m'domain'[37m;
        ╵                                      [32m~~~~~~~~[0m


[31mX [41;31m[[41;97mERROR[41;31m][0m [1mNG1010: 'imports' must be an array of components, directives, pipes, or NgModules.
  Value could not be determined statically.[0m [1m[35m[plugin angular-compiler][0m

    projects/loupe/src/app/pages/reference-detail/reference-detail-page.ts:7:24:
[37m      7 │   imports: [RouterLink, [32mReferenceDetailPanel[37m, UnsavedChanges],
        ╵                         [32m~~~~~~~~~~~~~~~~~~~~[0m

  Unknown reference.

    projects/loupe/src/app/pages/reference-detail/reference-detail-page.ts:7:24:
[37m      7 │   imports: [RouterLink, [32mReferenceDetailPanel[37m, UnsavedChanges],
        ╵                         [32m~~~~~~~~~~~~~~~~~~~~[0m


[31mX [41;31m[[41;97mERROR[41;31m][0m [1mTS2339: Property 'dirty' does not exist on type '{}'.[0m [1m[35m[plugin angular-compiler][0m

    projects/loupe/src/app/pages/reference-detail/reference-detail-page.ts:14:40:
[37m      14 │   readonly dirty = () => this.detail()?.[32mdirty[37m() ?? false;
         ╵                                         [32m~~~~~[0m


[31mX [41;31m[[41;97mERROR[41;31m][0m [1mTS2591: Cannot find name 'domain'. Do you need to install type definitions for node? Try `npm i --save-dev @types/node` and then add 'node' to the types field in your tsconfig.[0m [1m[35m[plugin angular-compiler][0m

    projects/loupe/src/app/pages/reference-link/reference-link-page.ts:3:35:
[37m      3 │ import { ReferenceLinkPanel } from [32m'domain'[37m;
        ╵                                    [32m~~~~~~~~[0m


[31mX [41;31m[[41;97mERROR[41;31m][0m [1mNG1010: 'imports' must be an array of components, directives, pipes, or NgModules.
  Value could not be determined statically.[0m [1m[35m[plugin angular-compiler][0m

    projects/loupe/src/app/pages/reference-link/reference-link-page.ts:9:24:
[37m      9 │   imports: [RouterLink, [32mReferenceLinkPanel[37m, UnsavedChanges],
        ╵                         [32m~~~~~~~~~~~~~~~~~~[0m

  Unknown reference.

    projects/loupe/src/app/pages/reference-link/reference-link-page.ts:9:24:
[37m      9 │   imports: [RouterLink, [32mReferenceLinkPanel[37m, UnsavedChanges],
        ╵                         [32m~~~~~~~~~~~~~~~~~~[0m


[31mX [41;31m[[41;97mERROR[41;31m][0m [1mTS2339: Property 'dirty' does not exist on type '{}'.[0m [1m[35m[plugin angular-compiler][0m

    projects/loupe/src/app/pages/reference-link/reference-link-page.ts:17:38:
[37m      17 │   readonly dirty = () => this.form()?.[32mdirty[37m() ?? false;
         ╵                                       [32m~~~~~[0m


[31mX [41;31m[[41;97mERROR[41;31m][0m [1mTS2591: Cannot find name 'domain'. Do you need to install type definitions for node? Try `npm i --save-dev @types/node` and then add 'node' to the types field in your tsconfig.[0m [1m[35m[plugin angular-compiler][0m

    projects/loupe/src/app/pages/reference-upload/reference-upload-page.ts:3:36:
[37m      3 │ import { ReferenceImagePanel } from [32m'domain'[37m;
        ╵                                     [32m~~~~~~~~[0m


[31mX [41;31m[[41;97mERROR[41;31m][0m [1mNG1010: 'imports' must be an array of components, directives, pipes, or NgModules.
  Value could not be determined statically.[0m [1m[35m[plugin angular-compiler][0m

    projects/loupe/src/app/pages/reference-upload/reference-upload-page.ts:9:24:
[37m      9 │   imports: [RouterLink, [32mReferenceImagePanel[37m, UnsavedChanges],
        ╵                         [32m~~~~~~~~~~~~~~~~~~~[0m

  Unknown reference.

    projects/loupe/src/app/pages/reference-upload/reference-upload-page.ts:9:24:
[37m      9 │   imports: [RouterLink, [32mReferenceImagePanel[37m, UnsavedChanges],
        ╵                         [32m~~~~~~~~~~~~~~~~~~~[0m


[31mX [41;31m[[41;97mERROR[41;31m][0m [1mTS2339: Property 'dirty' does not exist on type '{}'.[0m [1m[35m[plugin angular-compiler][0m

    projects/loupe/src/app/pages/reference-upload/reference-upload-page.ts:17:38:
[37m      17 │   readonly dirty = () => this.form()?.[32mdirty[37m() ?? false;
         ╵                                       [32m~~~~~[0m


❯ Changes detected. Rebuilding...
✔ Changes detected. Rebuilding...
Application bundle generation failed. [1.689 seconds] - 2026-09-08T21:47:38.584Z

[31mX [41;31m[[41;97mERROR[41;31m][0m [1mTS2571: Object is of type 'unknown'.[0m [1m[35m[plugin angular-compiler][0m

    projects/loupe/src/app/app.html:2:13:
[37m      2 │ @if (session.[32mcurrent[37m(); as user) {
        ╵              [32m~~~~~~~[0m

  Error occurs in the template of component App.

    projects/loupe/src/app/app.ts:10:15:
[37m      10 │   templateUrl: [32m'./app.html'[37m,
         ╵                [32m~~~~~~~~~~~~[0m


[31mX [41;31m[[41;97mERROR[41;31m][0m [1mTS2571: Object is of type 'unknown'.[0m [1m[35m[plugin angular-compiler][0m

    projects/loupe/src/app/app.html:2:13:
[37m      2 │ @if (session.[32mcurrent[37m(); as user) {
        ╵              [32m~~~~~~~[0m

  Error occurs in the template of component App.

    projects/loupe/src/app/app.ts:10:15:
[37m      10 │   templateUrl: [32m'./app.html'[37m,
         ╵                [32m~~~~~~~~~~~~[0m


[31mX [41;31m[[41;97mERROR[41;31m][0m [1mTS2307: Cannot find module 'api' or its corresponding type declarations.[0m [1m[35m[plugin angular-compiler][0m

    projects/loupe/src/app/app.providers.ts:1:65:
[37m      1 │ ...rt { REFERENCE_IMPORT_SERVICE, ReferenceImportService } from [32m'api'[37m;
        ╵                                                                 [32m~~~~~[0m


[31mX [41;31m[[41;97mERROR[41;31m][0m [1mTS2307: Cannot find module 'api' or its corresponding type declarations.[0m [1m[35m[plugin angular-compiler][0m

    projects/loupe/src/app/app.providers.ts:2:52:
[37m      2 │ import { REFERENCE_SERVICE, ReferenceService } from [32m'api'[37m;
        ╵                                                     [32m~~~~~[0m


[31mX [41;31m[[41;97mERROR[41;31m][0m [1mTS2307: Cannot find module 'api' or its corresponding type declarations.[0m [1m[35m[plugin angular-compiler][0m

    projects/loupe/src/app/app.providers.ts:4:87:
[37m      4 │ ...SessionService, PHOTOGRAPH_SERVICE, PhotographService } from [32m'api'[37m;
        ╵                                                                 [32m~~~~~[0m


[31mX [41;31m[[41;97mERROR[41;31m][0m [1mTS2307: Cannot find module 'api' or its corresponding type declarations.[0m [1m[35m[plugin angular-compiler][0m

    projects/loupe/src/app/app.providers.ts:5:50:
[37m      5 │ import { DELETION_SERVICE, DeletionService } from [32m'api'[37m;
        ╵                                                   [32m~~~~~[0m


[31mX [41;31m[[41;97mERROR[41;31m][0m [1mTS2307: Cannot find module 'api' or its corresponding type declarations.[0m [1m[35m[plugin angular-compiler][0m

    projects/loupe/src/app/app.providers.ts:6:50:
[37m      6 │ import { CRITIQUE_SERVICE, CritiqueService } from [32m'api'[37m;
        ╵                                                   [32m~~~~~[0m


[31mX [41;31m[[41;97mERROR[41;31m][0m [1mTS2307: Cannot find module 'api' or its corresponding type declarations.[0m [1m[35m[plugin angular-compiler][0m

    projects/loupe/src/app/app.providers.ts:7:54:
[37m      7 │ import { COMPARISON_SERVICE, ComparisonService } from [32m'api'[37m;
        ╵                                                       [32m~~~~~[0m


[31mX [41;31m[[41;97mERROR[41;31m][0m [1mTS2307: Cannot find module 'api' or its corresponding type declarations.[0m [1m[35m[plugin angular-compiler][0m

    projects/loupe/src/app/app.ts:4:32:
[37m      4 │ import { SESSION_SERVICE } from [32m'api'[37m;
        ╵                                 [32m~~~~~[0m


[31mX [41;31m[[41;97mERROR[41;31m][0m [1mTS2571: Object is of type 'unknown'.[0m [1m[35m[plugin angular-compiler][0m

    projects/loupe/src/app/app.ts:38:12:
[37m      38 │       await [32mthis.session[37m.signOut();
         ╵             [32m~~~~~~~~~~~~[0m


[31mX [41;31m[[41;97mERROR[41;31m][0m [1mTS2307: Cannot find module 'api' or its corresponding type declarations.[0m [1m[35m[plugin angular-compiler][0m

    projects/loupe/src/app/dialogs/delete-photograph/delete-photograph.ts:18:7:
[37m      18 │ } from [32m'api'[37m;
         ╵        [32m~~~~~[0m


[31mX [41;31m[[41;97mERROR[41;31m][0m [1mTS2571: Object is of type 'unknown'.[0m [1m[35m[plugin angular-compiler][0m

    projects/loupe/src/app/dialogs/delete-photograph/delete-photograph.ts:62:27:
[37m      62 │       const result = await [32mthis.service[37m.deletePhotograph(photograp...
         ╵                            [32m~~~~~~~~~~~~[0m


[31mX [41;31m[[41;97mERROR[41;31m][0m [1mTS18046: 'error' is of type 'unknown'.[0m [1m[35m[plugin angular-compiler][0m

    projects/loupe/src/app/dialogs/delete-photograph/delete-photograph.ts:69:45:
[37m      69 │ ...r instanceof ServiceError && [32merror[37m.code === 'revision_conflict') {
         ╵                                 [32m~~~~~[0m


[31mX [41;31m[[41;97mERROR[41;31m][0m [1mTS18046: 'error' is of type 'unknown'.[0m [1m[35m[plugin angular-compiler][0m

    projects/loupe/src/app/dialogs/delete-photograph/delete-photograph.ts:72:52:
[37m      72 │ ...rror instanceof ServiceError && [32merror[37m.code === 'item_unavailable')
         ╵                                    [32m~~~~~[0m


[31mX [41;31m[[41;97mERROR[41;31m][0m [1mTS2571: Object is of type 'unknown'.[0m [1m[35m[plugin angular-compiler][0m

    projects/loupe/src/app/dialogs/delete-photograph/delete-photograph.ts:87:27:
[37m      87 │       const latest = await [32mthis.photographs[37m.get(photograph.id);
         ╵                            [32m~~~~~~~~~~~~~~~~[0m


[31mX [41;31m[[41;97mERROR[41;31m][0m [1mTS18046: 'error' is of type 'unknown'.[0m [1m[35m[plugin angular-compiler][0m

    projects/loupe/src/app/dialogs/delete-photograph/delete-photograph.ts:97:45:
[37m      97 │ ...rror instanceof ServiceError && [32merror[37m.code === 'item_unavailable')
         ╵                                    [32m~~~~~[0m


[31mX [41;31m[[41;97mERROR[41;31m][0m [1mTS2307: Cannot find module 'api' or its corresponding type declarations.[0m [1m[35m[plugin angular-compiler][0m

    projects/loupe/src/app/dialogs/regenerate-critique/regenerate-critique.ts:2:50:
[37m      2 │ import { OperationResult, PhotographResult } from [32m'api'[37m;
        ╵                                                   [32m~~~~~[0m


[31mX [41;31m[[41;97mERROR[41;31m][0m [1mTS2307: Cannot find module 'api' or its corresponding type declarations.[0m [1m[35m[plugin angular-compiler][0m

    projects/loupe/src/app/dialogs/unsaved-changes/unsaved-changes.ts:10:32:
[37m      10 │ import { SESSION_SERVICE } from [32m'api'[37m;
         ╵                                 [32m~~~~~[0m


[31mX [41;31m[[41;97mERROR[41;31m][0m [1mTS2571: Object is of type 'unknown'.[0m [1m[35m[plugin angular-compiler][0m

    projects/loupe/src/app/dialogs/unsaved-changes/unsaved-changes.ts:29:10:
[37m      29 │       if ([32mthis.session[37m.current() && this.dirty()()) {
         ╵           [32m~~~~~~~~~~~~[0m


[31mX [41;31m[[41;97mERROR[41;31m][0m [1mTS2571: Object is of type 'unknown'.[0m [1m[35m[plugin angular-compiler][0m

    projects/loupe/src/app/dialogs/unsaved-changes/unsaved-changes.ts:41:11:
[37m      41 │     return [32mthis.session[37m.current() && dirty ? this.confirmDiscard()...
         ╵            [32m~~~~~~~~~~~~[0m


[31mX [41;31m[[41;97mERROR[41;31m][0m [1mTS2307: Cannot find module 'api' or its corresponding type declarations.[0m [1m[35m[plugin angular-compiler][0m

    projects/loupe/src/app/pages/photograph-detail/photograph-detail-page.ts:3:83:
[37m      3 │ ...t, OperationResult, PhotographResult, SESSION_SERVICE } from [32m'api'[37m;
        ╵                                                                 [32m~~~~~[0m


[31mX [41;31m[[41;97mERROR[41;31m][0m [1mTS2571: Object is of type 'unknown'.[0m [1m[35m[plugin angular-compiler][0m

    projects/loupe/src/app/pages/photograph-detail/photograph-detail-page.ts:39:8:
[37m      39 │     if ([32mthis.session[37m.current() && (this.deleting() || this.request...
         ╵         [32m~~~~~~~~~~~~[0m


[31mX [41;31m[[41;97mERROR[41;31m][0m [1mTS2307: Cannot find module 'api' or its corresponding type declarations.[0m [1m[35m[plugin angular-compiler][0m

    projects/loupe/src/app/pages/photograph-upload/photograph-upload-page.ts:4:50:
[37m      4 │ import { OperationResult, PhotographResult } from [32m'api'[37m;
        ╵                                                   [32m~~~~~[0m


[31mX [41;31m[[41;97mERROR[41;31m][0m [1mTS2307: Cannot find module 'api' or its corresponding type declarations.[0m [1m[35m[plugin angular-compiler][0m

    projects/loupe/src/app/pages/reference-link/reference-link-page.ts:4:32:
[37m      4 │ import { ReferenceResult } from [32m'api'[37m;
        ╵                                 [32m~~~~~[0m


[31mX [41;31m[[41;97mERROR[41;31m][0m [1mTS2307: Cannot find module 'api' or its corresponding type declarations.[0m [1m[35m[plugin angular-compiler][0m

    projects/loupe/src/app/pages/reference-upload/reference-upload-page.ts:4:32:
[37m      4 │ import { ReferenceResult } from [32m'api'[37m;
        ╵                                 [32m~~~~~[0m


[31mX [41;31m[[41;97mERROR[41;31m][0m [1mTS2307: Cannot find module 'api' or its corresponding type declarations.[0m [1m[35m[plugin angular-compiler][0m

    projects/loupe/src/app/pages/sign-in/sign-in.ts:3:32:
[37m      3 │ import { SESSION_SERVICE } from [32m'api'[37m;
        ╵                                 [32m~~~~~[0m


[31mX [41;31m[[41;97mERROR[41;31m][0m [1mTS2571: Object is of type 'unknown'.[0m [1m[35m[plugin angular-compiler][0m

    projects/loupe/src/app/pages/sign-in/sign-in.ts:12:4:
[37m      12 │     [32mthis.session[37m.signIn(this.destination());
         ╵     [32m~~~~~~~~~~~~[0m


[31mX [41;31m[[41;97mERROR[41;31m][0m [1mTS2307: Cannot find module 'api' or its corresponding type declarations.[0m [1m[35m[plugin angular-compiler][0m

    projects/loupe/src/app/session.guard.ts:3:32:
[37m      3 │ import { SESSION_SERVICE } from [32m'api'[37m;
        ╵                                 [32m~~~~~[0m


[31mX [41;31m[[41;97mERROR[41;31m][0m [1mTS18046: 'session' is of type 'unknown'.[0m [1m[35m[plugin angular-compiler][0m

    projects/loupe/src/app/session.guard.ts:9:18:
[37m      9 │     return (await [32msession[37m.load())
        ╵                   [32m~~~~~~~[0m


[31mX [41;31m[[41;97mERROR[41;31m][0m [1mTS2307: Cannot find module 'api' or its corresponding type declarations.[0m [1m[35m[plugin angular-compiler][0m

    projects/loupe/src/testing/app.providers.ts:1:41:
[37m      1 │ import { REFERENCE_IMPORT_SERVICE } from [32m'api'[37m;
        ╵                                          [32m~~~~~[0m


[31mX [41;31m[[41;97mERROR[41;31m][0m [1mTS2307: Cannot find module 'api' or its corresponding type declarations.[0m [1m[35m[plugin angular-compiler][0m

    projects/loupe/src/testing/app.providers.ts:3:34:
[37m      3 │ import { REFERENCE_SERVICE } from [32m'api'[37m;
        ╵                                   [32m~~~~~[0m


[31mX [41;31m[[41;97mERROR[41;31m][0m [1mTS2307: Cannot find module 'api' or its corresponding type declarations.[0m [1m[35m[plugin angular-compiler][0m

    projects/loupe/src/testing/app.providers.ts:5:88:
[37m      5 │ ...HOTOGRAPH_SERVICE, DELETION_SERVICE, CRITIQUE_SERVICE } from [32m'api'[37m;
        ╵                                                                 [32m~~~~~[0m


[31mX [41;31m[[41;97mERROR[41;31m][0m [1mTS2307: Cannot find module 'api' or its corresponding type declarations.[0m [1m[35m[plugin angular-compiler][0m

    projects/loupe/src/testing/app.providers.ts:10:35:
[37m      10 │ import { COMPARISON_SERVICE } from [32m'api'[37m;
         ╵                                    [32m~~~~~[0m


[31mX [41;31m[[41;97mERROR[41;31m][0m [1mTS2307: Cannot find module 'api' or its corresponding type declarations.[0m [1m[35m[plugin angular-compiler][0m

    projects/loupe/src/testing/mock-comparison.service.ts:10:7:
[37m      10 │ } from [32m'api'[37m;
         ╵        [32m~~~~~[0m


[31mX [41;31m[[41;97mERROR[41;31m][0m [1mTS2307: Cannot find module 'api' or its corresponding type declarations.[0m [1m[35m[plugin angular-compiler][0m

    projects/loupe/src/testing/mock-critique.service.ts:9:7:
[37m      9 │ } from [32m'api'[37m;
        ╵        [32m~~~~~[0m


[31mX [41;31m[[41;97mERROR[41;31m][0m [1mTS2307: Cannot find module 'api' or its corresponding type declarations.[0m [1m[35m[plugin angular-compiler][0m

    projects/loupe/src/testing/mock-deletion.service.ts:2:63:
[37m      2 │ import { DeletionResult, IDeletionService, ServiceError } from [32m'api'[37m;
        ╵                                                                [32m~~~~~[0m


[31mX [41;31m[[41;97mERROR[41;31m][0m [1mTS2307: Cannot find module 'api' or its corresponding type declarations.[0m [1m[35m[plugin angular-compiler][0m

    projects/loupe/src/testing/mock-photograph.service.ts:10:7:
[37m      10 │ } from [32m'api'[37m;
         ╵        [32m~~~~~[0m


[31mX [41;31m[[41;97mERROR[41;31m][0m [1mTS2307: Cannot find module 'api' or its corresponding type declarations.[0m [1m[35m[plugin angular-compiler][0m

    projects/loupe/src/testing/mock-reference-import.service.ts:7:7:
[37m      7 │ } from [32m'api'[37m;
        ╵        [32m~~~~~[0m


[31mX [41;31m[[41;97mERROR[41;31m][0m [1mTS2307: Cannot find module 'api' or its corresponding type declarations.[0m [1m[35m[plugin angular-compiler][0m

    projects/loupe/src/testing/mock-reference.service.ts:1:70:
[37m      1 │ ...ReferenceMetadata, ReferenceLink, ReferenceLinkResult } from [32m'api'[37m;
        ╵                                                                 [32m~~~~~[0m


[31mX [41;31m[[41;97mERROR[41;31m][0m [1mTS2307: Cannot find module 'api' or its corresponding type declarations.[0m [1m[35m[plugin angular-compiler][0m

    projects/loupe/src/testing/mock-reference.service.ts:2:48:
[37m      2 │ import { ReferenceUpload, UploadProgress } from [32m'api'[37m;
        ╵                                                 [32m~~~~~[0m


[31mX [41;31m[[41;97mERROR[41;31m][0m [1mTS2307: Cannot find module 'api' or its corresponding type declarations.[0m [1m[35m[plugin angular-compiler][0m

    projects/loupe/src/testing/mock-reference.service.ts:4:80:
[37m      4 │ ...Service, ReferencePage, ReferenceResult, ServiceError } from [32m'api'[37m;
        ╵                                                                 [32m~~~~~[0m


[31mX [41;31m[[41;97mERROR[41;31m][0m [1mTS2307: Cannot find module 'api' or its corresponding type declarations.[0m [1m[35m[plugin angular-compiler][0m

    projects/loupe/src/testing/mock-session.service.ts:3:47:
[37m      3 │ import { ISessionService, SessionResult } from [32m'api'[37m;
        ╵                                                [32m~~~~~[0m


❯ Changes detected. Rebuilding...
✔ Changes detected. Rebuilding...
Application bundle generation failed. [0.002 seconds] - 2026-09-08T21:47:40.047Z

[31mX [41;31m[[41;97mERROR[41;31m][0m [1mTS2571: Object is of type 'unknown'.[0m [1m[35m[plugin angular-compiler][0m

    projects/loupe/src/app/app.html:2:13:
[37m      2 │ @if (session.[32mcurrent[37m(); as user) {
        ╵              [32m~~~~~~~[0m

  Error occurs in the template of component App.

    projects/loupe/src/app/app.ts:10:15:
[37m      10 │   templateUrl: [32m'./app.html'[37m,
         ╵                [32m~~~~~~~~~~~~[0m


[31mX [41;31m[[41;97mERROR[41;31m][0m [1mTS2571: Object is of type 'unknown'.[0m [1m[35m[plugin angular-compiler][0m

    projects/loupe/src/app/app.html:2:13:
[37m      2 │ @if (session.[32mcurrent[37m(); as user) {
        ╵              [32m~~~~~~~[0m

  Error occurs in the template of component App.

    projects/loupe/src/app/app.ts:10:15:
[37m      10 │   templateUrl: [32m'./app.html'[37m,
         ╵                [32m~~~~~~~~~~~~[0m


[31mX [41;31m[[41;97mERROR[41;31m][0m [1mTS2307: Cannot find module 'api' or its corresponding type declarations.[0m [1m[35m[plugin angular-compiler][0m

    projects/loupe/src/app/app.providers.ts:1:65:
[37m      1 │ ...rt { REFERENCE_IMPORT_SERVICE, ReferenceImportService } from [32m'api'[37m;
        ╵                                                                 [32m~~~~~[0m


[31mX [41;31m[[41;97mERROR[41;31m][0m [1mTS2307: Cannot find module 'api' or its corresponding type declarations.[0m [1m[35m[plugin angular-compiler][0m

    projects/loupe/src/app/app.providers.ts:2:52:
[37m      2 │ import { REFERENCE_SERVICE, ReferenceService } from [32m'api'[37m;
        ╵                                                     [32m~~~~~[0m


[31mX [41;31m[[41;97mERROR[41;31m][0m [1mTS2307: Cannot find module 'api' or its corresponding type declarations.[0m [1m[35m[plugin angular-compiler][0m

    projects/loupe/src/app/app.providers.ts:4:87:
[37m      4 │ ...SessionService, PHOTOGRAPH_SERVICE, PhotographService } from [32m'api'[37m;
        ╵                                                                 [32m~~~~~[0m


[31mX [41;31m[[41;97mERROR[41;31m][0m [1mTS2307: Cannot find module 'api' or its corresponding type declarations.[0m [1m[35m[plugin angular-compiler][0m

    projects/loupe/src/app/app.providers.ts:5:50:
[37m      5 │ import { DELETION_SERVICE, DeletionService } from [32m'api'[37m;
        ╵                                                   [32m~~~~~[0m


[31mX [41;31m[[41;97mERROR[41;31m][0m [1mTS2307: Cannot find module 'api' or its corresponding type declarations.[0m [1m[35m[plugin angular-compiler][0m

    projects/loupe/src/app/app.providers.ts:6:50:
[37m      6 │ import { CRITIQUE_SERVICE, CritiqueService } from [32m'api'[37m;
        ╵                                                   [32m~~~~~[0m


[31mX [41;31m[[41;97mERROR[41;31m][0m [1mTS2307: Cannot find module 'api' or its corresponding type declarations.[0m [1m[35m[plugin angular-compiler][0m

    projects/loupe/src/app/app.providers.ts:7:54:
[37m      7 │ import { COMPARISON_SERVICE, ComparisonService } from [32m'api'[37m;
        ╵                                                       [32m~~~~~[0m


[31mX [41;31m[[41;97mERROR[41;31m][0m [1mTS2307: Cannot find module 'api' or its corresponding type declarations.[0m [1m[35m[plugin angular-compiler][0m

    projects/loupe/src/app/app.ts:4:32:
[37m      4 │ import { SESSION_SERVICE } from [32m'api'[37m;
        ╵                                 [32m~~~~~[0m


[31mX [41;31m[[41;97mERROR[41;31m][0m [1mTS2571: Object is of type 'unknown'.[0m [1m[35m[plugin angular-compiler][0m

    projects/loupe/src/app/app.ts:38:12:
[37m      38 │       await [32mthis.session[37m.signOut();
         ╵             [32m~~~~~~~~~~~~[0m


[31mX [41;31m[[41;97mERROR[41;31m][0m [1mTS2307: Cannot find module 'api' or its corresponding type declarations.[0m [1m[35m[plugin angular-compiler][0m

    projects/loupe/src/app/dialogs/delete-photograph/delete-photograph.ts:18:7:
[37m      18 │ } from [32m'api'[37m;
         ╵        [32m~~~~~[0m


[31mX [41;31m[[41;97mERROR[41;31m][0m [1mTS2571: Object is of type 'unknown'.[0m [1m[35m[plugin angular-compiler][0m

    projects/loupe/src/app/dialogs/delete-photograph/delete-photograph.ts:62:27:
[37m      62 │       const result = await [32mthis.service[37m.deletePhotograph(photograp...
         ╵                            [32m~~~~~~~~~~~~[0m


[31mX [41;31m[[41;97mERROR[41;31m][0m [1mTS18046: 'error' is of type 'unknown'.[0m [1m[35m[plugin angular-compiler][0m

    projects/loupe/src/app/dialogs/delete-photograph/delete-photograph.ts:69:45:
[37m      69 │ ...r instanceof ServiceError && [32merror[37m.code === 'revision_conflict') {
         ╵                                 [32m~~~~~[0m


[31mX [41;31m[[41;97mERROR[41;31m][0m [1mTS18046: 'error' is of type 'unknown'.[0m [1m[35m[plugin angular-compiler][0m

    projects/loupe/src/app/dialogs/delete-photograph/delete-photograph.ts:72:52:
[37m      72 │ ...rror instanceof ServiceError && [32merror[37m.code === 'item_unavailable')
         ╵                                    [32m~~~~~[0m


[31mX [41;31m[[41;97mERROR[41;31m][0m [1mTS2571: Object is of type 'unknown'.[0m [1m[35m[plugin angular-compiler][0m

    projects/loupe/src/app/dialogs/delete-photograph/delete-photograph.ts:87:27:
[37m      87 │       const latest = await [32mthis.photographs[37m.get(photograph.id);
         ╵                            [32m~~~~~~~~~~~~~~~~[0m


[31mX [41;31m[[41;97mERROR[41;31m][0m [1mTS18046: 'error' is of type 'unknown'.[0m [1m[35m[plugin angular-compiler][0m

    projects/loupe/src/app/dialogs/delete-photograph/delete-photograph.ts:97:45:
[37m      97 │ ...rror instanceof ServiceError && [32merror[37m.code === 'item_unavailable')
         ╵                                    [32m~~~~~[0m


[31mX [41;31m[[41;97mERROR[41;31m][0m [1mTS2307: Cannot find module 'api' or its corresponding type declarations.[0m [1m[35m[plugin angular-compiler][0m

    projects/loupe/src/app/dialogs/regenerate-critique/regenerate-critique.ts:2:50:
[37m      2 │ import { OperationResult, PhotographResult } from [32m'api'[37m;
        ╵                                                   [32m~~~~~[0m


[31mX [41;31m[[41;97mERROR[41;31m][0m [1mTS2307: Cannot find module 'api' or its corresponding type declarations.[0m [1m[35m[plugin angular-compiler][0m

    projects/loupe/src/app/dialogs/unsaved-changes/unsaved-changes.ts:10:32:
[37m      10 │ import { SESSION_SERVICE } from [32m'api'[37m;
         ╵                                 [32m~~~~~[0m


[31mX [41;31m[[41;97mERROR[41;31m][0m [1mTS2571: Object is of type 'unknown'.[0m [1m[35m[plugin angular-compiler][0m

    projects/loupe/src/app/dialogs/unsaved-changes/unsaved-changes.ts:29:10:
[37m      29 │       if ([32mthis.session[37m.current() && this.dirty()()) {
         ╵           [32m~~~~~~~~~~~~[0m


[31mX [41;31m[[41;97mERROR[41;31m][0m [1mTS2571: Object is of type 'unknown'.[0m [1m[35m[plugin angular-compiler][0m

    projects/loupe/src/app/dialogs/unsaved-changes/unsaved-changes.ts:41:11:
[37m      41 │     return [32mthis.session[37m.current() && dirty ? this.confirmDiscard()...
         ╵            [32m~~~~~~~~~~~~[0m


[31mX [41;31m[[41;97mERROR[41;31m][0m [1mTS2307: Cannot find module 'api' or its corresponding type declarations.[0m [1m[35m[plugin angular-compiler][0m

    projects/loupe/src/app/pages/photograph-detail/photograph-detail-page.ts:3:83:
[37m      3 │ ...t, OperationResult, PhotographResult, SESSION_SERVICE } from [32m'api'[37m;
        ╵                                                                 [32m~~~~~[0m


[31mX [41;31m[[41;97mERROR[41;31m][0m [1mTS2571: Object is of type 'unknown'.[0m [1m[35m[plugin angular-compiler][0m

    projects/loupe/src/app/pages/photograph-detail/photograph-detail-page.ts:39:8:
[37m      39 │     if ([32mthis.session[37m.current() && (this.deleting() || this.request...
         ╵         [32m~~~~~~~~~~~~[0m


[31mX [41;31m[[41;97mERROR[41;31m][0m [1mTS2307: Cannot find module 'api' or its corresponding type declarations.[0m [1m[35m[plugin angular-compiler][0m

    projects/loupe/src/app/pages/photograph-upload/photograph-upload-page.ts:4:50:
[37m      4 │ import { OperationResult, PhotographResult } from [32m'api'[37m;
        ╵                                                   [32m~~~~~[0m


[31mX [41;31m[[41;97mERROR[41;31m][0m [1mTS2307: Cannot find module 'api' or its corresponding type declarations.[0m [1m[35m[plugin angular-compiler][0m

    projects/loupe/src/app/pages/reference-link/reference-link-page.ts:4:32:
[37m      4 │ import { ReferenceResult } from [32m'api'[37m;
        ╵                                 [32m~~~~~[0m


[31mX [41;31m[[41;97mERROR[41;31m][0m [1mTS2307: Cannot find module 'api' or its corresponding type declarations.[0m [1m[35m[plugin angular-compiler][0m

    projects/loupe/src/app/pages/reference-upload/reference-upload-page.ts:4:32:
[37m      4 │ import { ReferenceResult } from [32m'api'[37m;
        ╵                                 [32m~~~~~[0m


[31mX [41;31m[[41;97mERROR[41;31m][0m [1mTS2307: Cannot find module 'api' or its corresponding type declarations.[0m [1m[35m[plugin angular-compiler][0m

    projects/loupe/src/app/pages/sign-in/sign-in.ts:3:32:
[37m      3 │ import { SESSION_SERVICE } from [32m'api'[37m;
        ╵                                 [32m~~~~~[0m


[31mX [41;31m[[41;97mERROR[41;31m][0m [1mTS2571: Object is of type 'unknown'.[0m [1m[35m[plugin angular-compiler][0m

    projects/loupe/src/app/pages/sign-in/sign-in.ts:12:4:
[37m      12 │     [32mthis.session[37m.signIn(this.destination());
         ╵     [32m~~~~~~~~~~~~[0m


[31mX [41;31m[[41;97mERROR[41;31m][0m [1mTS2307: Cannot find module 'api' or its corresponding type declarations.[0m [1m[35m[plugin angular-compiler][0m

    projects/loupe/src/app/session.guard.ts:3:32:
[37m      3 │ import { SESSION_SERVICE } from [32m'api'[37m;
        ╵                                 [32m~~~~~[0m


[31mX [41;31m[[41;97mERROR[41;31m][0m [1mTS18046: 'session' is of type 'unknown'.[0m [1m[35m[plugin angular-compiler][0m

    projects/loupe/src/app/session.guard.ts:9:18:
[37m      9 │     return (await [32msession[37m.load())
        ╵                   [32m~~~~~~~[0m


[31mX [41;31m[[41;97mERROR[41;31m][0m [1mTS2307: Cannot find module 'api' or its corresponding type declarations.[0m [1m[35m[plugin angular-compiler][0m

    projects/loupe/src/testing/app.providers.ts:1:41:
[37m      1 │ import { REFERENCE_IMPORT_SERVICE } from [32m'api'[37m;
        ╵                                          [32m~~~~~[0m


[31mX [41;31m[[41;97mERROR[41;31m][0m [1mTS2307: Cannot find module 'api' or its corresponding type declarations.[0m [1m[35m[plugin angular-compiler][0m

    projects/loupe/src/testing/app.providers.ts:3:34:
[37m      3 │ import { REFERENCE_SERVICE } from [32m'api'[37m;
        ╵                                   [32m~~~~~[0m


[31mX [41;31m[[41;97mERROR[41;31m][0m [1mTS2307: Cannot find module 'api' or its corresponding type declarations.[0m [1m[35m[plugin angular-compiler][0m

    projects/loupe/src/testing/app.providers.ts:5:88:
[37m      5 │ ...HOTOGRAPH_SERVICE, DELETION_SERVICE, CRITIQUE_SERVICE } from [32m'api'[37m;
        ╵                                                                 [32m~~~~~[0m


[31mX [41;31m[[41;97mERROR[41;31m][0m [1mTS2307: Cannot find module 'api' or its corresponding type declarations.[0m [1m[35m[plugin angular-compiler][0m

    projects/loupe/src/testing/app.providers.ts:10:35:
[37m      10 │ import { COMPARISON_SERVICE } from [32m'api'[37m;
         ╵                                    [32m~~~~~[0m


[31mX [41;31m[[41;97mERROR[41;31m][0m [1mTS2307: Cannot find module 'api' or its corresponding type declarations.[0m [1m[35m[plugin angular-compiler][0m

    projects/loupe/src/testing/mock-comparison.service.ts:10:7:
[37m      10 │ } from [32m'api'[37m;
         ╵        [32m~~~~~[0m


[31mX [41;31m[[41;97mERROR[41;31m][0m [1mTS2307: Cannot find module 'api' or its corresponding type declarations.[0m [1m[35m[plugin angular-compiler][0m

    projects/loupe/src/testing/mock-critique.service.ts:9:7:
[37m      9 │ } from [32m'api'[37m;
        ╵        [32m~~~~~[0m


[31mX [41;31m[[41;97mERROR[41;31m][0m [1mTS2307: Cannot find module 'api' or its corresponding type declarations.[0m [1m[35m[plugin angular-compiler][0m

    projects/loupe/src/testing/mock-deletion.service.ts:2:63:
[37m      2 │ import { DeletionResult, IDeletionService, ServiceError } from [32m'api'[37m;
        ╵                                                                [32m~~~~~[0m


[31mX [41;31m[[41;97mERROR[41;31m][0m [1mTS2307: Cannot find module 'api' or its corresponding type declarations.[0m [1m[35m[plugin angular-compiler][0m

    projects/loupe/src/testing/mock-photograph.service.ts:10:7:
[37m      10 │ } from [32m'api'[37m;
         ╵        [32m~~~~~[0m


[31mX [41;31m[[41;97mERROR[41;31m][0m [1mTS2307: Cannot find module 'api' or its corresponding type declarations.[0m [1m[35m[plugin angular-compiler][0m

    projects/loupe/src/testing/mock-reference-import.service.ts:7:7:
[37m      7 │ } from [32m'api'[37m;
        ╵        [32m~~~~~[0m


[31mX [41;31m[[41;97mERROR[41;31m][0m [1mTS2307: Cannot find module 'api' or its corresponding type declarations.[0m [1m[35m[plugin angular-compiler][0m

    projects/loupe/src/testing/mock-reference.service.ts:1:70:
[37m      1 │ ...ReferenceMetadata, ReferenceLink, ReferenceLinkResult } from [32m'api'[37m;
        ╵                                                                 [32m~~~~~[0m


[31mX [41;31m[[41;97mERROR[41;31m][0m [1mTS2307: Cannot find module 'api' or its corresponding type declarations.[0m [1m[35m[plugin angular-compiler][0m

    projects/loupe/src/testing/mock-reference.service.ts:2:48:
[37m      2 │ import { ReferenceUpload, UploadProgress } from [32m'api'[37m;
        ╵                                                 [32m~~~~~[0m


[31mX [41;31m[[41;97mERROR[41;31m][0m [1mTS2307: Cannot find module 'api' or its corresponding type declarations.[0m [1m[35m[plugin angular-compiler][0m

    projects/loupe/src/testing/mock-reference.service.ts:4:80:
[37m      4 │ ...Service, ReferencePage, ReferenceResult, ServiceError } from [32m'api'[37m;
        ╵                                                                 [32m~~~~~[0m


[31mX [41;31m[[41;97mERROR[41;31m][0m [1mTS2307: Cannot find module 'api' or its corresponding type declarations.[0m [1m[35m[plugin angular-compiler][0m

    projects/loupe/src/testing/mock-session.service.ts:3:47:
[37m      3 │ import { ISessionService, SessionResult } from [32m'api'[37m;
        ╵                                                [32m~~~~~[0m


❯ Changes detected. Rebuilding...
✔ Changes detected. Rebuilding...
Initial chunk files | Names         |  Raw size
main.js             | main          | 464.15 kB | 
styles.css          | styles        |  23.65 kB | 

                    | Initial total | 487.80 kB

Application bundle generation complete. [1.083 seconds] - 2026-09-08T21:47:45.935Z

Page reload sent to client(s).
[2m5:47:46 p.m.[22m [31m[1m[vite][22m[39m [31m[2m(client)[22m[39m Pre-transform error: Failed to resolve import "components" from ".angular/vite-root/loupe/main.js". Does the file exist?
  Plugin: [35mvite:import-analysis[39m
  File: [36mC:/projects/loupe/frontend/.angular/vite-root/loupe/main.js[39m:515:49
[33m  513 |  
  514 |  // dist/domain/fesm2022/domain.mjs
  515 |  import { PhotographCard, CritiqueContent } from "components";
      |                                                   ^
  516 |  import { DatePipe, DecimalPipe } from "@angular/common";
  517 |  import * as i1 from "@angular/forms";[39m
[2m5:47:46 p.m.[22m [31m[1m[vite][22m[39m [31mInternal server error: Failed to resolve import "components" from ".angular/vite-root/loupe/main.js". Does the file exist?[39m
  Plugin: [35mvite:import-analysis[39m
  File: [36mC:/projects/loupe/frontend/.angular/vite-root/loupe/main.js[39m:515:49
[33m  513 |  
  514 |  // dist/domain/fesm2022/domain.mjs
  515 |  import { PhotographCard, CritiqueContent } from "components";
      |                                                   ^
  516 |  import { DatePipe, DecimalPipe } from "@angular/common";
  517 |  import * as i1 from "@angular/forms";[39m
      at TransformPluginContext._formatLog (file:///C:/projects/loupe/frontend/node_modules/vite/dist/node/chunks/node.js:30416:39)
      at TransformPluginContext.error (file:///C:/projects/loupe/frontend/node_modules/vite/dist/node/chunks/node.js:30413:14)
      at normalizeUrl (file:///C:/projects/loupe/frontend/node_modules/vite/dist/node/chunks/node.js:27438:18)
      at async file:///C:/projects/loupe/frontend/node_modules/vite/dist/node/chunks/node.js:27506:30
      at async Promise.all (index 11)
      at async TransformPluginContext.transform (file:///C:/projects/loupe/frontend/node_modules/vite/dist/node/chunks/node.js:27474:4)
      at async EnvironmentPluginContainer.transform (file:///C:/projects/loupe/frontend/node_modules/vite/dist/node/chunks/node.js:30201:14)
      at async loadAndTransform (file:///C:/projects/loupe/frontend/node_modules/vite/dist/node/chunks/node.js:20124:26)
      at async viteTransformMiddleware (file:///C:/projects/loupe/frontend/node_modules/vite/dist/node/chunks/node.js:24604:20)
❯ Changes detected. Rebuilding...
✔ Changes detected. Rebuilding...
Initial chunk files | Names         |  Raw size
main.js             | main          | 464.15 kB | 
styles.css          | styles        |  23.65 kB | 

                    | Initial total | 487.80 kB

Application bundle generation complete. [0.039 seconds] - 2026-09-08T21:47:47.860Z

❯ Changes detected. Rebuilding...
✔ Changes detected. Rebuilding...
Application bundle generation failed. [0.481 seconds] - 2026-09-08T21:47:53.543Z

[31mX [41;31m[[41;97mERROR[41;31m][0m [1mTS2591: Cannot find name 'domain'. Do you need to install type definitions for node? Try `npm i --save-dev @types/node` and then add 'node' to the types field in your tsconfig.[0m [1m[35m[plugin angular-compiler][0m

    projects/loupe/src/app/dialogs/regenerate-critique/regenerate-critique.ts:3:32:
[37m      3 │ import { RequestCritique } from [32m'domain'[37m;
        ╵                                 [32m~~~~~~~~[0m


[31mX [41;31m[[41;97mERROR[41;31m][0m [1mNG1010: 'imports' must be an array of components, directives, pipes, or NgModules.
  Value could not be determined statically.[0m [1m[35m[plugin angular-compiler][0m

    projects/loupe/src/app/dialogs/regenerate-critique/regenerate-critique.ts:7:12:
[37m      7 │   imports: [[32mRequestCritique[37m],
        ╵             [32m~~~~~~~~~~~~~~~[0m

  Unknown reference.

    projects/loupe/src/app/dialogs/regenerate-critique/regenerate-critique.ts:7:12:
[37m      7 │   imports: [[32mRequestCritique[37m],
        ╵             [32m~~~~~~~~~~~~~~~[0m


[31mX [41;31m[[41;97mERROR[41;31m][0m [1mTS2339: Property 'busy' does not exist on type '{}'.[0m [1m[35m[plugin angular-compiler][0m

    projects/loupe/src/app/dialogs/regenerate-critique/regenerate-critique.ts:17:52:
[37m      17 │ ...uted(() => !!(this.request()?.[32mbusy[37m() || this.request()?.reviewi...
         ╵                                  [32m~~~~[0m


[31mX [41;31m[[41;97mERROR[41;31m][0m [1mTS2339: Property 'reviewing' does not exist on type '{}'.[0m [1m[35m[plugin angular-compiler][0m

    projects/loupe/src/app/dialogs/regenerate-critique/regenerate-critique.ts:17:78:
[37m      17 │ ...(() => !!(this.request()?.busy() || this.request()?.[32mreviewing[37m()));
         ╵                                                        [32m~~~~~~~~~[0m


[31mX [41;31m[[41;97mERROR[41;31m][0m [1mTS2591: Cannot find name 'domain'. Do you need to install type definitions for node? Try `npm i --save-dev @types/node` and then add 'node' to the types field in your tsconfig.[0m [1m[35m[plugin angular-compiler][0m

    projects/loupe/src/app/dialogs/replace-attempt/replace-attempt.ts:2:30:
[37m      2 │ import { AttemptPicker } from [32m'domain'[37m;
        ╵                               [32m~~~~~~~~[0m


[31mX [41;31m[[41;97mERROR[41;31m][0m [1mNG1010: 'imports' must be an array of components, directives, pipes, or NgModules.
  Value could not be determined statically.[0m [1m[35m[plugin angular-compiler][0m

    projects/loupe/src/app/dialogs/replace-attempt/replace-attempt.ts:6:12:
[37m      6 │   imports: [[32mAttemptPicker[37m],
        ╵             [32m~~~~~~~~~~~~~[0m

  Unknown reference.

    projects/loupe/src/app/dialogs/replace-attempt/replace-attempt.ts:6:12:
[37m      6 │   imports: [[32mAttemptPicker[37m],
        ╵             [32m~~~~~~~~~~~~~[0m


[31mX [41;31m[[41;97mERROR[41;31m][0m [1mTS2591: Cannot find name 'domain'. Do you need to install type definitions for node? Try `npm i --save-dev @types/node` and then add 'node' to the types field in your tsconfig.[0m [1m[35m[plugin angular-compiler][0m

    projects/loupe/src/app/pages/compare/compare-page.ts:3:49:
[37m      3 │ import { AttemptComparison, AttemptPicker } from [32m'domain'[37m;
        ╵                                                  [32m~~~~~~~~[0m


[31mX [41;31m[[41;97mERROR[41;31m][0m [1mNG1010: 'imports' must be an array of components, directives, pipes, or NgModules.
  Value could not be determined statically.[0m [1m[35m[plugin angular-compiler][0m

    projects/loupe/src/app/pages/compare/compare-page.ts:8:24:
[37m      8 │   imports: [RouterLink, [32mAttemptComparison[37m, AttemptPicker, ReplaceAt...
        ╵                         [32m~~~~~~~~~~~~~~~~~[0m

  Unknown reference.

    projects/loupe/src/app/pages/compare/compare-page.ts:8:24:
[37m      8 │   imports: [RouterLink, [32mAttemptComparison[37m, AttemptPicker, ReplaceAt...
        ╵                         [32m~~~~~~~~~~~~~~~~~[0m


[31mX [41;31m[[41;97mERROR[41;31m][0m [1mNG1010: 'imports' must be an array of components, directives, pipes, or NgModules.
  Value could not be determined statically.[0m [1m[35m[plugin angular-compiler][0m

    projects/loupe/src/app/pages/compare/compare-page.ts:8:43:
[37m      8 │ ...ts: [RouterLink, AttemptComparison, [32mAttemptPicker[37m, ReplaceAttempt],
        ╵                                        [32m~~~~~~~~~~~~~[0m

  Unknown reference.

    projects/loupe/src/app/pages/compare/compare-page.ts:8:43:
[37m      8 │ ...ts: [RouterLink, AttemptComparison, [32mAttemptPicker[37m, ReplaceAttempt],
        ╵                                        [32m~~~~~~~~~~~~~[0m


[31mX [41;31m[[41;97mERROR[41;31m][0m [1mTS2591: Cannot find name 'domain'. Do you need to install type definitions for node? Try `npm i --save-dev @types/node` and then add 'node' to the types field in your tsconfig.[0m [1m[35m[plugin angular-compiler][0m

    projects/loupe/src/app/pages/deletion/deletion-page.ts:3:31:
[37m      3 │ import { DeletionStatus } from [32m'domain'[37m;
        ╵                                [32m~~~~~~~~[0m


[31mX [41;31m[[41;97mERROR[41;31m][0m [1mNG1010: 'imports' must be an array of components, directives, pipes, or NgModules.
  Value could not be determined statically.[0m [1m[35m[plugin angular-compiler][0m

    projects/loupe/src/app/pages/deletion/deletion-page.ts:7:24:
[37m      7 │   imports: [RouterLink, [32mDeletionStatus[37m],
        ╵                         [32m~~~~~~~~~~~~~~[0m

  Unknown reference.

    projects/loupe/src/app/pages/deletion/deletion-page.ts:7:24:
[37m      7 │   imports: [RouterLink, [32mDeletionStatus[37m],
        ╵                         [32m~~~~~~~~~~~~~~[0m


[31mX [41;31m[[41;97mERROR[41;31m][0m [1mTS2591: Cannot find name 'domain'. Do you need to install type definitions for node? Try `npm i --save-dev @types/node` and then add 'node' to the types field in your tsconfig.[0m [1m[35m[plugin angular-compiler][0m

    projects/loupe/src/app/pages/inspiration/inspiration-page.ts:3:36:
[37m      3 │ import { ReferenceCollection } from [32m'domain'[37m;
        ╵                                     [32m~~~~~~~~[0m


[31mX [41;31m[[41;97mERROR[41;31m][0m [1mNG1010: 'imports' must be an array of components, directives, pipes, or NgModules.
  Value could not be determined statically.[0m [1m[35m[plugin angular-compiler][0m

    projects/loupe/src/app/pages/inspiration/inspiration-page.ts:6:12:
[37m      6 │   imports: [[32mReferenceCollection[37m, RouterLink],
        ╵             [32m~~~~~~~~~~~~~~~~~~~[0m

  Unknown reference.

    projects/loupe/src/app/pages/inspiration/inspiration-page.ts:6:12:
[37m      6 │   imports: [[32mReferenceCollection[37m, RouterLink],
        ╵             [32m~~~~~~~~~~~~~~~~~~~[0m


[31mX [41;31m[[41;97mERROR[41;31m][0m [1mTS2591: Cannot find name 'domain'. Do you need to install type definitions for node? Try `npm i --save-dev @types/node` and then add 'node' to the types field in your tsconfig.[0m [1m[35m[plugin angular-compiler][0m

    projects/loupe/src/app/pages/my-work/my-work.ts:2:37:
[37m      2 │ import { PhotographCollection } from [32m'domain'[37m;
        ╵                                      [32m~~~~~~~~[0m


[31mX [41;31m[[41;97mERROR[41;31m][0m [1mNG1010: 'imports' must be an array of components, directives, pipes, or NgModules.
  Value could not be determined statically.[0m [1m[35m[plugin angular-compiler][0m

    projects/loupe/src/app/pages/my-work/my-work.ts:7:12:
[37m      7 │   imports: [[32mPhotographCollection[37m, RouterLink],
        ╵             [32m~~~~~~~~~~~~~~~~~~~~[0m

  Unknown reference.

    projects/loupe/src/app/pages/my-work/my-work.ts:7:12:
[37m      7 │   imports: [[32mPhotographCollection[37m, RouterLink],
        ╵             [32m~~~~~~~~~~~~~~~~~~~~[0m


[31mX [41;31m[[41;97mERROR[41;31m][0m [1mTS2591: Cannot find name 'domain'. Do you need to install type definitions for node? Try `npm i --save-dev @types/node` and then add 'node' to the types field in your tsconfig.[0m [1m[35m[plugin angular-compiler][0m

    projects/loupe/src/app/pages/photograph-detail/photograph-detail-page.ts:4:33:
[37m      4 │ import { PhotographDetail } from [32m'domain'[37m;
        ╵                                  [32m~~~~~~~~[0m


[31mX [41;31m[[41;97mERROR[41;31m][0m [1mNG1010: 'imports' must be an array of components, directives, pipes, or NgModules.
  Value could not be determined statically.[0m [1m[35m[plugin angular-compiler][0m

    projects/loupe/src/app/pages/photograph-detail/photograph-detail-page.ts:11:24:
[37m      11 │   imports: [RouterLink, [32mPhotographDetail[37m, UnsavedChanges, DeletePh...
         ╵                         [32m~~~~~~~~~~~~~~~~[0m

  Unknown reference.

    projects/loupe/src/app/pages/photograph-detail/photograph-detail-page.ts:11:24:
[37m      11 │   imports: [RouterLink, [32mPhotographDetail[37m, UnsavedChanges, DeletePh...
         ╵                         [32m~~~~~~~~~~~~~~~~[0m


[31mX [41;31m[[41;97mERROR[41;31m][0m [1mTS2339: Property 'dirty' does not exist on type '{}'.[0m [1m[35m[plugin angular-compiler][0m

    projects/loupe/src/app/pages/photograph-detail/photograph-detail-page.ts:24:70:
[37m      24 │ ...uted(() => !this.deletion() && (this.detail()?.[32mdirty[37m() ?? false));
         ╵                                                   [32m~~~~~[0m


[31mX [41;31m[[41;97mERROR[41;31m][0m [1mTS2339: Property 'followCritique' does not exist on type '{}'.[0m [1m[35m[plugin angular-compiler][0m

    projects/loupe/src/app/pages/photograph-detail/photograph-detail-page.ts:29:19:
[37m      29 │     this.detail()?.[32mfollowCritique[37m(operation);
         ╵                    [32m~~~~~~~~~~~~~~[0m


[31mX [41;31m[[41;97mERROR[41;31m][0m [1mTS2339: Property 'photo' does not exist on type '{}'.[0m [1m[35m[plugin angular-compiler][0m

    projects/loupe/src/app/pages/photograph-detail/photograph-detail-page.ts:32:47:
[37m      32 │     if (photo.id === this.id()) this.detail()?.[32mphoto[37m.set(photo);
         ╵                                                [32m~~~~~[0m


[31mX [41;31m[[41;97mERROR[41;31m][0m [1mTS2591: Cannot find name 'domain'. Do you need to install type definitions for node? Try `npm i --save-dev @types/node` and then add 'node' to the types field in your tsconfig.[0m [1m[35m[plugin angular-compiler][0m

    projects/loupe/src/app/pages/photograph-upload/photograph-upload-page.ts:3:50:
[37m      3 │ import { PhotographUpload, RequestCritique } from [32m'domain'[37m;
        ╵                                                   [32m~~~~~~~~[0m


[31mX [41;31m[[41;97mERROR[41;31m][0m [1mNG1010: 'imports' must be an array of components, directives, pipes, or NgModules.
  Value could not be determined statically.[0m [1m[35m[plugin angular-compiler][0m

    projects/loupe/src/app/pages/photograph-upload/photograph-upload-page.ts:9:24:
[37m      9 │   imports: [RouterLink, [32mPhotographUpload[37m, UnsavedChanges, RequestCr...
        ╵                         [32m~~~~~~~~~~~~~~~~[0m

  Unknown reference.

    projects/loupe/src/app/pages/photograph-upload/photograph-upload-page.ts:9:24:
[37m      9 │   imports: [RouterLink, [32mPhotographUpload[37m, UnsavedChanges, RequestCr...
        ╵                         [32m~~~~~~~~~~~~~~~~[0m


[31mX [41;31m[[41;97mERROR[41;31m][0m [1mNG1010: 'imports' must be an array of components, directives, pipes, or NgModules.
  Value could not be determined statically.[0m [1m[35m[plugin angular-compiler][0m

    projects/loupe/src/app/pages/photograph-upload/photograph-upload-page.ts:9:58:
[37m      9 │ ...s: [RouterLink, PhotographUpload, UnsavedChanges, [32mRequestCritique[37m],
        ╵                                                      [32m~~~~~~~~~~~~~~~[0m

  Unknown reference.

    projects/loupe/src/app/pages/photograph-upload/photograph-upload-page.ts:9:58:
[37m      9 │ ...s: [RouterLink, PhotographUpload, UnsavedChanges, [32mRequestCritique[37m],
        ╵                                                      [32m~~~~~~~~~~~~~~~[0m


[31mX [41;31m[[41;97mERROR[41;31m][0m [1mTS2339: Property 'dirty' does not exist on type '{}'.[0m [1m[35m[plugin angular-compiler][0m

    projects/loupe/src/app/pages/photograph-upload/photograph-upload-page.ts:19:38:
[37m      19 │   readonly dirty = () => this.form()?.[32mdirty[37m() ?? false;
         ╵                                       [32m~~~~~[0m


[31mX [41;31m[[41;97mERROR[41;31m][0m [1mTS2339: Property 'dirty' does not exist on type '{}'.[0m [1m[35m[plugin angular-compiler][0m

    projects/loupe/src/app/pages/photograph-upload/photograph-upload-page.ts:21:47:
[37m      21 │     return this.dialog().canLeave(this.form()?.[32mdirty[37m() ?? false);
         ╵                                                [32m~~~~~[0m


[31mX [41;31m[[41;97mERROR[41;31m][0m [1mTS2339: Property 'requestCritique' does not exist on type '{}'.[0m [1m[35m[plugin angular-compiler][0m

    projects/loupe/src/app/pages/photograph-upload/photograph-upload-page.ts:24:21:
[37m      24 │     if (this.form()?.[32mrequestCritique[37m()) {
         ╵                      [32m~~~~~~~~~~~~~~~[0m


[31mX [41;31m[[41;97mERROR[41;31m][0m [1mTS2591: Cannot find name 'domain'. Do you need to install type definitions for node? Try `npm i --save-dev @types/node` and then add 'node' to the types field in your tsconfig.[0m [1m[35m[plugin angular-compiler][0m

    projects/loupe/src/app/pages/reference-detail/reference-detail-page.ts:4:37:
[37m      4 │ import { ReferenceDetailPanel } from [32m'domain'[37m;
        ╵                                      [32m~~~~~~~~[0m


[31mX [41;31m[[41;97mERROR[41;31m][0m [1mNG1010: 'imports' must be an array of components, directives, pipes, or NgModules.
  Value could not be determined statically.[0m [1m[35m[plugin angular-compiler][0m

    projects/loupe/src/app/pages/reference-detail/reference-detail-page.ts:7:24:
[37m      7 │   imports: [RouterLink, [32mReferenceDetailPanel[37m, UnsavedChanges],
        ╵                         [32m~~~~~~~~~~~~~~~~~~~~[0m

  Unknown reference.

    projects/loupe/src/app/pages/reference-detail/reference-detail-page.ts:7:24:
[37m      7 │   imports: [RouterLink, [32mReferenceDetailPanel[37m, UnsavedChanges],
        ╵                         [32m~~~~~~~~~~~~~~~~~~~~[0m


[31mX [41;31m[[41;97mERROR[41;31m][0m [1mTS2339: Property 'dirty' does not exist on type '{}'.[0m [1m[35m[plugin angular-compiler][0m

    projects/loupe/src/app/pages/reference-detail/reference-detail-page.ts:14:40:
[37m      14 │   readonly dirty = () => this.detail()?.[32mdirty[37m() ?? false;
         ╵                                         [32m~~~~~[0m


[31mX [41;31m[[41;97mERROR[41;31m][0m [1mTS2591: Cannot find name 'domain'. Do you need to install type definitions for node? Try `npm i --save-dev @types/node` and then add 'node' to the types field in your tsconfig.[0m [1m[35m[plugin angular-compiler][0m

    projects/loupe/src/app/pages/reference-link/reference-link-page.ts:3:35:
[37m      3 │ import { ReferenceLinkPanel } from [32m'domain'[37m;
        ╵                                    [32m~~~~~~~~[0m


[31mX [41;31m[[41;97mERROR[41;31m][0m [1mNG1010: 'imports' must be an array of components, directives, pipes, or NgModules.
  Value could not be determined statically.[0m [1m[35m[plugin angular-compiler][0m

    projects/loupe/src/app/pages/reference-link/reference-link-page.ts:9:24:
[37m      9 │   imports: [RouterLink, [32mReferenceLinkPanel[37m, UnsavedChanges],
        ╵                         [32m~~~~~~~~~~~~~~~~~~[0m

  Unknown reference.

    projects/loupe/src/app/pages/reference-link/reference-link-page.ts:9:24:
[37m      9 │   imports: [RouterLink, [32mReferenceLinkPanel[37m, UnsavedChanges],
        ╵                         [32m~~~~~~~~~~~~~~~~~~[0m


[31mX [41;31m[[41;97mERROR[41;31m][0m [1mTS2339: Property 'dirty' does not exist on type '{}'.[0m [1m[35m[plugin angular-compiler][0m

    projects/loupe/src/app/pages/reference-link/reference-link-page.ts:17:38:
[37m      17 │   readonly dirty = () => this.form()?.[32mdirty[37m() ?? false;
         ╵                                       [32m~~~~~[0m


[31mX [41;31m[[41;97mERROR[41;31m][0m [1mTS2591: Cannot find name 'domain'. Do you need to install type definitions for node? Try `npm i --save-dev @types/node` and then add 'node' to the types field in your tsconfig.[0m [1m[35m[plugin angular-compiler][0m

    projects/loupe/src/app/pages/reference-upload/reference-upload-page.ts:3:36:
[37m      3 │ import { ReferenceImagePanel } from [32m'domain'[37m;
        ╵                                     [32m~~~~~~~~[0m


[31mX [41;31m[[41;97mERROR[41;31m][0m [1mNG1010: 'imports' must be an array of components, directives, pipes, or NgModules.
  Value could not be determined statically.[0m [1m[35m[plugin angular-compiler][0m

    projects/loupe/src/app/pages/reference-upload/reference-upload-page.ts:9:24:
[37m      9 │   imports: [RouterLink, [32mReferenceImagePanel[37m, UnsavedChanges],
        ╵                         [32m~~~~~~~~~~~~~~~~~~~[0m

  Unknown reference.

    projects/loupe/src/app/pages/reference-upload/reference-upload-page.ts:9:24:
[37m      9 │   imports: [RouterLink, [32mReferenceImagePanel[37m, UnsavedChanges],
        ╵                         [32m~~~~~~~~~~~~~~~~~~~[0m


[31mX [41;31m[[41;97mERROR[41;31m][0m [1mTS2339: Property 'dirty' does not exist on type '{}'.[0m [1m[35m[plugin angular-compiler][0m

    projects/loupe/src/app/pages/reference-upload/reference-upload-page.ts:17:38:
[37m      17 │   readonly dirty = () => this.form()?.[32mdirty[37m() ?? false;
         ╵                                       [32m~~~~~[0m


❯ Changes detected. Rebuilding...
✔ Changes detected. Rebuilding...
Application bundle generation failed. [0.001 seconds] - 2026-09-08T21:47:57.927Z

[31mX [41;31m[[41;97mERROR[41;31m][0m [1mTS2591: Cannot find name 'domain'. Do you need to install type definitions for node? Try `npm i --save-dev @types/node` and then add 'node' to the types field in your tsconfig.[0m [1m[35m[plugin angular-compiler][0m

    projects/loupe/src/app/dialogs/regenerate-critique/regenerate-critique.ts:3:32:
[37m      3 │ import { RequestCritique } from [32m'domain'[37m;
        ╵                                 [32m~~~~~~~~[0m


[31mX [41;31m[[41;97mERROR[41;31m][0m [1mNG1010: 'imports' must be an array of components, directives, pipes, or NgModules.
  Value could not be determined statically.[0m [1m[35m[plugin angular-compiler][0m

    projects/loupe/src/app/dialogs/regenerate-critique/regenerate-critique.ts:7:12:
[37m      7 │   imports: [[32mRequestCritique[37m],
        ╵             [32m~~~~~~~~~~~~~~~[0m

  Unknown reference.

    projects/loupe/src/app/dialogs/regenerate-critique/regenerate-critique.ts:7:12:
[37m      7 │   imports: [[32mRequestCritique[37m],
        ╵             [32m~~~~~~~~~~~~~~~[0m


[31mX [41;31m[[41;97mERROR[41;31m][0m [1mTS2339: Property 'busy' does not exist on type '{}'.[0m [1m[35m[plugin angular-compiler][0m

    projects/loupe/src/app/dialogs/regenerate-critique/regenerate-critique.ts:17:52:
[37m      17 │ ...uted(() => !!(this.request()?.[32mbusy[37m() || this.request()?.reviewi...
         ╵                                  [32m~~~~[0m


[31mX [41;31m[[41;97mERROR[41;31m][0m [1mTS2339: Property 'reviewing' does not exist on type '{}'.[0m [1m[35m[plugin angular-compiler][0m

    projects/loupe/src/app/dialogs/regenerate-critique/regenerate-critique.ts:17:78:
[37m      17 │ ...(() => !!(this.request()?.busy() || this.request()?.[32mreviewing[37m()));
         ╵                                                        [32m~~~~~~~~~[0m


[31mX [41;31m[[41;97mERROR[41;31m][0m [1mTS2591: Cannot find name 'domain'. Do you need to install type definitions for node? Try `npm i --save-dev @types/node` and then add 'node' to the types field in your tsconfig.[0m [1m[35m[plugin angular-compiler][0m

    projects/loupe/src/app/dialogs/replace-attempt/replace-attempt.ts:2:30:
[37m      2 │ import { AttemptPicker } from [32m'domain'[37m;
        ╵                               [32m~~~~~~~~[0m


[31mX [41;31m[[41;97mERROR[41;31m][0m [1mNG1010: 'imports' must be an array of components, directives, pipes, or NgModules.
  Value could not be determined statically.[0m [1m[35m[plugin angular-compiler][0m

    projects/loupe/src/app/dialogs/replace-attempt/replace-attempt.ts:6:12:
[37m      6 │   imports: [[32mAttemptPicker[37m],
        ╵             [32m~~~~~~~~~~~~~[0m

  Unknown reference.

    projects/loupe/src/app/dialogs/replace-attempt/replace-attempt.ts:6:12:
[37m      6 │   imports: [[32mAttemptPicker[37m],
        ╵             [32m~~~~~~~~~~~~~[0m


[31mX [41;31m[[41;97mERROR[41;31m][0m [1mTS2591: Cannot find name 'domain'. Do you need to install type definitions for node? Try `npm i --save-dev @types/node` and then add 'node' to the types field in your tsconfig.[0m [1m[35m[plugin angular-compiler][0m

    projects/loupe/src/app/pages/compare/compare-page.ts:3:49:
[37m      3 │ import { AttemptComparison, AttemptPicker } from [32m'domain'[37m;
        ╵                                                  [32m~~~~~~~~[0m


[31mX [41;31m[[41;97mERROR[41;31m][0m [1mNG1010: 'imports' must be an array of components, directives, pipes, or NgModules.
  Value could not be determined statically.[0m [1m[35m[plugin angular-compiler][0m

    projects/loupe/src/app/pages/compare/compare-page.ts:8:24:
[37m      8 │   imports: [RouterLink, [32mAttemptComparison[37m, AttemptPicker, ReplaceAt...
        ╵                         [32m~~~~~~~~~~~~~~~~~[0m

  Unknown reference.

    projects/loupe/src/app/pages/compare/compare-page.ts:8:24:
[37m      8 │   imports: [RouterLink, [32mAttemptComparison[37m, AttemptPicker, ReplaceAt...
        ╵                         [32m~~~~~~~~~~~~~~~~~[0m


[31mX [41;31m[[41;97mERROR[41;31m][0m [1mNG1010: 'imports' must be an array of components, directives, pipes, or NgModules.
  Value could not be determined statically.[0m [1m[35m[plugin angular-compiler][0m

    projects/loupe/src/app/pages/compare/compare-page.ts:8:43:
[37m      8 │ ...ts: [RouterLink, AttemptComparison, [32mAttemptPicker[37m, ReplaceAttempt],
        ╵                                        [32m~~~~~~~~~~~~~[0m

  Unknown reference.

    projects/loupe/src/app/pages/compare/compare-page.ts:8:43:
[37m      8 │ ...ts: [RouterLink, AttemptComparison, [32mAttemptPicker[37m, ReplaceAttempt],
        ╵                                        [32m~~~~~~~~~~~~~[0m


[31mX [41;31m[[41;97mERROR[41;31m][0m [1mTS2591: Cannot find name 'domain'. Do you need to install type definitions for node? Try `npm i --save-dev @types/node` and then add 'node' to the types field in your tsconfig.[0m [1m[35m[plugin angular-compiler][0m

    projects/loupe/src/app/pages/deletion/deletion-page.ts:3:31:
[37m      3 │ import { DeletionStatus } from [32m'domain'[37m;
        ╵                                [32m~~~~~~~~[0m


[31mX [41;31m[[41;97mERROR[41;31m][0m [1mNG1010: 'imports' must be an array of components, directives, pipes, or NgModules.
  Value could not be determined statically.[0m [1m[35m[plugin angular-compiler][0m

    projects/loupe/src/app/pages/deletion/deletion-page.ts:7:24:
[37m      7 │   imports: [RouterLink, [32mDeletionStatus[37m],
        ╵                         [32m~~~~~~~~~~~~~~[0m

  Unknown reference.

    projects/loupe/src/app/pages/deletion/deletion-page.ts:7:24:
[37m      7 │   imports: [RouterLink, [32mDeletionStatus[37m],
        ╵                         [32m~~~~~~~~~~~~~~[0m


[31mX [41;31m[[41;97mERROR[41;31m][0m [1mTS2591: Cannot find name 'domain'. Do you need to install type definitions for node? Try `npm i --save-dev @types/node` and then add 'node' to the types field in your tsconfig.[0m [1m[35m[plugin angular-compiler][0m

    projects/loupe/src/app/pages/inspiration/inspiration-page.ts:3:36:
[37m      3 │ import { ReferenceCollection } from [32m'domain'[37m;
        ╵                                     [32m~~~~~~~~[0m


[31mX [41;31m[[41;97mERROR[41;31m][0m [1mNG1010: 'imports' must be an array of components, directives, pipes, or NgModules.
  Value could not be determined statically.[0m [1m[35m[plugin angular-compiler][0m

    projects/loupe/src/app/pages/inspiration/inspiration-page.ts:6:12:
[37m      6 │   imports: [[32mReferenceCollection[37m, RouterLink],
        ╵             [32m~~~~~~~~~~~~~~~~~~~[0m

  Unknown reference.

    projects/loupe/src/app/pages/inspiration/inspiration-page.ts:6:12:
[37m      6 │   imports: [[32mReferenceCollection[37m, RouterLink],
        ╵             [32m~~~~~~~~~~~~~~~~~~~[0m


[31mX [41;31m[[41;97mERROR[41;31m][0m [1mTS2591: Cannot find name 'domain'. Do you need to install type definitions for node? Try `npm i --save-dev @types/node` and then add 'node' to the types field in your tsconfig.[0m [1m[35m[plugin angular-compiler][0m

    projects/loupe/src/app/pages/my-work/my-work.ts:2:37:
[37m      2 │ import { PhotographCollection } from [32m'domain'[37m;
        ╵                                      [32m~~~~~~~~[0m


[31mX [41;31m[[41;97mERROR[41;31m][0m [1mNG1010: 'imports' must be an array of components, directives, pipes, or NgModules.
  Value could not be determined statically.[0m [1m[35m[plugin angular-compiler][0m

    projects/loupe/src/app/pages/my-work/my-work.ts:7:12:
[37m      7 │   imports: [[32mPhotographCollection[37m, RouterLink],
        ╵             [32m~~~~~~~~~~~~~~~~~~~~[0m

  Unknown reference.

    projects/loupe/src/app/pages/my-work/my-work.ts:7:12:
[37m      7 │   imports: [[32mPhotographCollection[37m, RouterLink],
        ╵             [32m~~~~~~~~~~~~~~~~~~~~[0m


[31mX [41;31m[[41;97mERROR[41;31m][0m [1mTS2591: Cannot find name 'domain'. Do you need to install type definitions for node? Try `npm i --save-dev @types/node` and then add 'node' to the types field in your tsconfig.[0m [1m[35m[plugin angular-compiler][0m

    projects/loupe/src/app/pages/photograph-detail/photograph-detail-page.ts:4:33:
[37m      4 │ import { PhotographDetail } from [32m'domain'[37m;
        ╵                                  [32m~~~~~~~~[0m


[31mX [41;31m[[41;97mERROR[41;31m][0m [1mNG1010: 'imports' must be an array of components, directives, pipes, or NgModules.
  Value could not be determined statically.[0m [1m[35m[plugin angular-compiler][0m

    projects/loupe/src/app/pages/photograph-detail/photograph-detail-page.ts:11:24:
[37m      11 │   imports: [RouterLink, [32mPhotographDetail[37m, UnsavedChanges, DeletePh...
         ╵                         [32m~~~~~~~~~~~~~~~~[0m

  Unknown reference.

    projects/loupe/src/app/pages/photograph-detail/photograph-detail-page.ts:11:24:
[37m      11 │   imports: [RouterLink, [32mPhotographDetail[37m, UnsavedChanges, DeletePh...
         ╵                         [32m~~~~~~~~~~~~~~~~[0m


[31mX [41;31m[[41;97mERROR[41;31m][0m [1mTS2339: Property 'dirty' does not exist on type '{}'.[0m [1m[35m[plugin angular-compiler][0m

    projects/loupe/src/app/pages/photograph-detail/photograph-detail-page.ts:24:70:
[37m      24 │ ...uted(() => !this.deletion() && (this.detail()?.[32mdirty[37m() ?? false));
         ╵                                                   [32m~~~~~[0m


[31mX [41;31m[[41;97mERROR[41;31m][0m [1mTS2339: Property 'followCritique' does not exist on type '{}'.[0m [1m[35m[plugin angular-compiler][0m

    projects/loupe/src/app/pages/photograph-detail/photograph-detail-page.ts:29:19:
[37m      29 │     this.detail()?.[32mfollowCritique[37m(operation);
         ╵                    [32m~~~~~~~~~~~~~~[0m


[31mX [41;31m[[41;97mERROR[41;31m][0m [1mTS2339: Property 'photo' does not exist on type '{}'.[0m [1m[35m[plugin angular-compiler][0m

    projects/loupe/src/app/pages/photograph-detail/photograph-detail-page.ts:32:47:
[37m      32 │     if (photo.id === this.id()) this.detail()?.[32mphoto[37m.set(photo);
         ╵                                                [32m~~~~~[0m


[31mX [41;31m[[41;97mERROR[41;31m][0m [1mTS2591: Cannot find name 'domain'. Do you need to install type definitions for node? Try `npm i --save-dev @types/node` and then add 'node' to the types field in your tsconfig.[0m [1m[35m[plugin angular-compiler][0m

    projects/loupe/src/app/pages/photograph-upload/photograph-upload-page.ts:3:50:
[37m      3 │ import { PhotographUpload, RequestCritique } from [32m'domain'[37m;
        ╵                                                   [32m~~~~~~~~[0m


[31mX [41;31m[[41;97mERROR[41;31m][0m [1mNG1010: 'imports' must be an array of components, directives, pipes, or NgModules.
  Value could not be determined statically.[0m [1m[35m[plugin angular-compiler][0m

    projects/loupe/src/app/pages/photograph-upload/photograph-upload-page.ts:9:24:
[37m      9 │   imports: [RouterLink, [32mPhotographUpload[37m, UnsavedChanges, RequestCr...
        ╵                         [32m~~~~~~~~~~~~~~~~[0m

  Unknown reference.

    projects/loupe/src/app/pages/photograph-upload/photograph-upload-page.ts:9:24:
[37m      9 │   imports: [RouterLink, [32mPhotographUpload[37m, UnsavedChanges, RequestCr...
        ╵                         [32m~~~~~~~~~~~~~~~~[0m


[31mX [41;31m[[41;97mERROR[41;31m][0m [1mNG1010: 'imports' must be an array of components, directives, pipes, or NgModules.
  Value could not be determined statically.[0m [1m[35m[plugin angular-compiler][0m

    projects/loupe/src/app/pages/photograph-upload/photograph-upload-page.ts:9:58:
[37m      9 │ ...s: [RouterLink, PhotographUpload, UnsavedChanges, [32mRequestCritique[37m],
        ╵                                                      [32m~~~~~~~~~~~~~~~[0m

  Unknown reference.

    projects/loupe/src/app/pages/photograph-upload/photograph-upload-page.ts:9:58:
[37m      9 │ ...s: [RouterLink, PhotographUpload, UnsavedChanges, [32mRequestCritique[37m],
        ╵                                                      [32m~~~~~~~~~~~~~~~[0m


[31mX [41;31m[[41;97mERROR[41;31m][0m [1mTS2339: Property 'dirty' does not exist on type '{}'.[0m [1m[35m[plugin angular-compiler][0m

    projects/loupe/src/app/pages/photograph-upload/photograph-upload-page.ts:19:38:
[37m      19 │   readonly dirty = () => this.form()?.[32mdirty[37m() ?? false;
         ╵                                       [32m~~~~~[0m


[31mX [41;31m[[41;97mERROR[41;31m][0m [1mTS2339: Property 'dirty' does not exist on type '{}'.[0m [1m[35m[plugin angular-compiler][0m

    projects/loupe/src/app/pages/photograph-upload/photograph-upload-page.ts:21:47:
[37m      21 │     return this.dialog().canLeave(this.form()?.[32mdirty[37m() ?? false);
         ╵                                                [32m~~~~~[0m


[31mX [41;31m[[41;97mERROR[41;31m][0m [1mTS2339: Property 'requestCritique' does not exist on type '{}'.[0m [1m[35m[plugin angular-compiler][0m

    projects/loupe/src/app/pages/photograph-upload/photograph-upload-page.ts:24:21:
[37m      24 │     if (this.form()?.[32mrequestCritique[37m()) {
         ╵                      [32m~~~~~~~~~~~~~~~[0m


[31mX [41;31m[[41;97mERROR[41;31m][0m [1mTS2591: Cannot find name 'domain'. Do you need to install type definitions for node? Try `npm i --save-dev @types/node` and then add 'node' to the types field in your tsconfig.[0m [1m[35m[plugin angular-compiler][0m

    projects/loupe/src/app/pages/reference-detail/reference-detail-page.ts:4:37:
[37m      4 │ import { ReferenceDetailPanel } from [32m'domain'[37m;
        ╵                                      [32m~~~~~~~~[0m


[31mX [41;31m[[41;97mERROR[41;31m][0m [1mNG1010: 'imports' must be an array of components, directives, pipes, or NgModules.
  Value could not be determined statically.[0m [1m[35m[plugin angular-compiler][0m

    projects/loupe/src/app/pages/reference-detail/reference-detail-page.ts:7:24:
[37m      7 │   imports: [RouterLink, [32mReferenceDetailPanel[37m, UnsavedChanges],
        ╵                         [32m~~~~~~~~~~~~~~~~~~~~[0m

  Unknown reference.

    projects/loupe/src/app/pages/reference-detail/reference-detail-page.ts:7:24:
[37m      7 │   imports: [RouterLink, [32mReferenceDetailPanel[37m, UnsavedChanges],
        ╵                         [32m~~~~~~~~~~~~~~~~~~~~[0m


[31mX [41;31m[[41;97mERROR[41;31m][0m [1mTS2339: Property 'dirty' does not exist on type '{}'.[0m [1m[35m[plugin angular-compiler][0m

    projects/loupe/src/app/pages/reference-detail/reference-detail-page.ts:14:40:
[37m      14 │   readonly dirty = () => this.detail()?.[32mdirty[37m() ?? false;
         ╵                                         [32m~~~~~[0m


[31mX [41;31m[[41;97mERROR[41;31m][0m [1mTS2591: Cannot find name 'domain'. Do you need to install type definitions for node? Try `npm i --save-dev @types/node` and then add 'node' to the types field in your tsconfig.[0m [1m[35m[plugin angular-compiler][0m

    projects/loupe/src/app/pages/reference-link/reference-link-page.ts:3:35:
[37m      3 │ import { ReferenceLinkPanel } from [32m'domain'[37m;
        ╵                                    [32m~~~~~~~~[0m


[31mX [41;31m[[41;97mERROR[41;31m][0m [1mNG1010: 'imports' must be an array of components, directives, pipes, or NgModules.
  Value could not be determined statically.[0m [1m[35m[plugin angular-compiler][0m

    projects/loupe/src/app/pages/reference-link/reference-link-page.ts:9:24:
[37m      9 │   imports: [RouterLink, [32mReferenceLinkPanel[37m, UnsavedChanges],
        ╵                         [32m~~~~~~~~~~~~~~~~~~[0m

  Unknown reference.

    projects/loupe/src/app/pages/reference-link/reference-link-page.ts:9:24:
[37m      9 │   imports: [RouterLink, [32mReferenceLinkPanel[37m, UnsavedChanges],
        ╵                         [32m~~~~~~~~~~~~~~~~~~[0m


[31mX [41;31m[[41;97mERROR[41;31m][0m [1mTS2339: Property 'dirty' does not exist on type '{}'.[0m [1m[35m[plugin angular-compiler][0m

    projects/loupe/src/app/pages/reference-link/reference-link-page.ts:17:38:
[37m      17 │   readonly dirty = () => this.form()?.[32mdirty[37m() ?? false;
         ╵                                       [32m~~~~~[0m


[31mX [41;31m[[41;97mERROR[41;31m][0m [1mTS2591: Cannot find name 'domain'. Do you need to install type definitions for node? Try `npm i --save-dev @types/node` and then add 'node' to the types field in your tsconfig.[0m [1m[35m[plugin angular-compiler][0m

    projects/loupe/src/app/pages/reference-upload/reference-upload-page.ts:3:36:
[37m      3 │ import { ReferenceImagePanel } from [32m'domain'[37m;
        ╵                                     [32m~~~~~~~~[0m


[31mX [41;31m[[41;97mERROR[41;31m][0m [1mNG1010: 'imports' must be an array of components, directives, pipes, or NgModules.
  Value could not be determined statically.[0m [1m[35m[plugin angular-compiler][0m

    projects/loupe/src/app/pages/reference-upload/reference-upload-page.ts:9:24:
[37m      9 │   imports: [RouterLink, [32mReferenceImagePanel[37m, UnsavedChanges],
        ╵                         [32m~~~~~~~~~~~~~~~~~~~[0m

  Unknown reference.

    projects/loupe/src/app/pages/reference-upload/reference-upload-page.ts:9:24:
[37m      9 │   imports: [RouterLink, [32mReferenceImagePanel[37m, UnsavedChanges],
        ╵                         [32m~~~~~~~~~~~~~~~~~~~[0m


[31mX [41;31m[[41;97mERROR[41;31m][0m [1mTS2339: Property 'dirty' does not exist on type '{}'.[0m [1m[35m[plugin angular-compiler][0m

    projects/loupe/src/app/pages/reference-upload/reference-upload-page.ts:17:38:
[37m      17 │   readonly dirty = () => this.form()?.[32mdirty[37m() ?? false;
         ╵                                       [32m~~~~~[0m


❯ Changes detected. Rebuilding...
✔ Changes detected. Rebuilding...
Application bundle generation failed. [0.011 seconds] - 2026-09-08T21:48:28.819Z

[31mX [41;31m[[41;97mERROR[41;31m][0m [1mTS2591: Cannot find name 'domain'. Do you need to install type definitions for node? Try `npm i --save-dev @types/node` and then add 'node' to the types field in your tsconfig.[0m [1m[35m[plugin angular-compiler][0m

    projects/loupe/src/app/dialogs/regenerate-critique/regenerate-critique.ts:3:32:
[37m      3 │ import { RequestCritique } from [32m'domain'[37m;
        ╵                                 [32m~~~~~~~~[0m


[31mX [41;31m[[41;97mERROR[41;31m][0m [1mNG1010: 'imports' must be an array of components, directives, pipes, or NgModules.
  Value could not be determined statically.[0m [1m[35m[plugin angular-compiler][0m

    projects/loupe/src/app/dialogs/regenerate-critique/regenerate-critique.ts:7:12:
[37m      7 │   imports: [[32mRequestCritique[37m],
        ╵             [32m~~~~~~~~~~~~~~~[0m

  Unknown reference.

    projects/loupe/src/app/dialogs/regenerate-critique/regenerate-critique.ts:7:12:
[37m      7 │   imports: [[32mRequestCritique[37m],
        ╵             [32m~~~~~~~~~~~~~~~[0m


[31mX [41;31m[[41;97mERROR[41;31m][0m [1mTS2339: Property 'busy' does not exist on type '{}'.[0m [1m[35m[plugin angular-compiler][0m

    projects/loupe/src/app/dialogs/regenerate-critique/regenerate-critique.ts:17:52:
[37m      17 │ ...uted(() => !!(this.request()?.[32mbusy[37m() || this.request()?.reviewi...
         ╵                                  [32m~~~~[0m


[31mX [41;31m[[41;97mERROR[41;31m][0m [1mTS2339: Property 'reviewing' does not exist on type '{}'.[0m [1m[35m[plugin angular-compiler][0m

    projects/loupe/src/app/dialogs/regenerate-critique/regenerate-critique.ts:17:78:
[37m      17 │ ...(() => !!(this.request()?.busy() || this.request()?.[32mreviewing[37m()));
         ╵                                                        [32m~~~~~~~~~[0m


[31mX [41;31m[[41;97mERROR[41;31m][0m [1mTS2591: Cannot find name 'domain'. Do you need to install type definitions for node? Try `npm i --save-dev @types/node` and then add 'node' to the types field in your tsconfig.[0m [1m[35m[plugin angular-compiler][0m

    projects/loupe/src/app/dialogs/replace-attempt/replace-attempt.ts:2:30:
[37m      2 │ import { AttemptPicker } from [32m'domain'[37m;
        ╵                               [32m~~~~~~~~[0m


[31mX [41;31m[[41;97mERROR[41;31m][0m [1mNG1010: 'imports' must be an array of components, directives, pipes, or NgModules.
  Value could not be determined statically.[0m [1m[35m[plugin angular-compiler][0m

    projects/loupe/src/app/dialogs/replace-attempt/replace-attempt.ts:6:12:
[37m      6 │   imports: [[32mAttemptPicker[37m],
        ╵             [32m~~~~~~~~~~~~~[0m

  Unknown reference.

    projects/loupe/src/app/dialogs/replace-attempt/replace-attempt.ts:6:12:
[37m      6 │   imports: [[32mAttemptPicker[37m],
        ╵             [32m~~~~~~~~~~~~~[0m


[31mX [41;31m[[41;97mERROR[41;31m][0m [1mTS2591: Cannot find name 'domain'. Do you need to install type definitions for node? Try `npm i --save-dev @types/node` and then add 'node' to the types field in your tsconfig.[0m [1m[35m[plugin angular-compiler][0m

    projects/loupe/src/app/pages/compare/compare-page.ts:3:49:
[37m      3 │ import { AttemptComparison, AttemptPicker } from [32m'domain'[37m;
        ╵                                                  [32m~~~~~~~~[0m


[31mX [41;31m[[41;97mERROR[41;31m][0m [1mNG1010: 'imports' must be an array of components, directives, pipes, or NgModules.
  Value could not be determined statically.[0m [1m[35m[plugin angular-compiler][0m

    projects/loupe/src/app/pages/compare/compare-page.ts:8:24:
[37m      8 │   imports: [RouterLink, [32mAttemptComparison[37m, AttemptPicker, ReplaceAt...
        ╵                         [32m~~~~~~~~~~~~~~~~~[0m

  Unknown reference.

    projects/loupe/src/app/pages/compare/compare-page.ts:8:24:
[37m      8 │   imports: [RouterLink, [32mAttemptComparison[37m, AttemptPicker, ReplaceAt...
        ╵                         [32m~~~~~~~~~~~~~~~~~[0m


[31mX [41;31m[[41;97mERROR[41;31m][0m [1mNG1010: 'imports' must be an array of components, directives, pipes, or NgModules.
  Value could not be determined statically.[0m [1m[35m[plugin angular-compiler][0m

    projects/loupe/src/app/pages/compare/compare-page.ts:8:43:
[37m      8 │ ...ts: [RouterLink, AttemptComparison, [32mAttemptPicker[37m, ReplaceAttempt],
        ╵                                        [32m~~~~~~~~~~~~~[0m

  Unknown reference.

    projects/loupe/src/app/pages/compare/compare-page.ts:8:43:
[37m      8 │ ...ts: [RouterLink, AttemptComparison, [32mAttemptPicker[37m, ReplaceAttempt],
        ╵                                        [32m~~~~~~~~~~~~~[0m


[31mX [41;31m[[41;97mERROR[41;31m][0m [1mTS2591: Cannot find name 'domain'. Do you need to install type definitions for node? Try `npm i --save-dev @types/node` and then add 'node' to the types field in your tsconfig.[0m [1m[35m[plugin angular-compiler][0m

    projects/loupe/src/app/pages/deletion/deletion-page.ts:3:31:
[37m      3 │ import { DeletionStatus } from [32m'domain'[37m;
        ╵                                [32m~~~~~~~~[0m


[31mX [41;31m[[41;97mERROR[41;31m][0m [1mNG1010: 'imports' must be an array of components, directives, pipes, or NgModules.
  Value could not be determined statically.[0m [1m[35m[plugin angular-compiler][0m

    projects/loupe/src/app/pages/deletion/deletion-page.ts:7:24:
[37m      7 │   imports: [RouterLink, [32mDeletionStatus[37m],
        ╵                         [32m~~~~~~~~~~~~~~[0m

  Unknown reference.

    projects/loupe/src/app/pages/deletion/deletion-page.ts:7:24:
[37m      7 │   imports: [RouterLink, [32mDeletionStatus[37m],
        ╵                         [32m~~~~~~~~~~~~~~[0m


[31mX [41;31m[[41;97mERROR[41;31m][0m [1mTS2591: Cannot find name 'domain'. Do you need to install type definitions for node? Try `npm i --save-dev @types/node` and then add 'node' to the types field in your tsconfig.[0m [1m[35m[plugin angular-compiler][0m

    projects/loupe/src/app/pages/inspiration/inspiration-page.ts:3:36:
[37m      3 │ import { ReferenceCollection } from [32m'domain'[37m;
        ╵                                     [32m~~~~~~~~[0m


[31mX [41;31m[[41;97mERROR[41;31m][0m [1mNG1010: 'imports' must be an array of components, directives, pipes, or NgModules.
  Value could not be determined statically.[0m [1m[35m[plugin angular-compiler][0m

    projects/loupe/src/app/pages/inspiration/inspiration-page.ts:6:12:
[37m      6 │   imports: [[32mReferenceCollection[37m, RouterLink],
        ╵             [32m~~~~~~~~~~~~~~~~~~~[0m

  Unknown reference.

    projects/loupe/src/app/pages/inspiration/inspiration-page.ts:6:12:
[37m      6 │   imports: [[32mReferenceCollection[37m, RouterLink],
        ╵             [32m~~~~~~~~~~~~~~~~~~~[0m


[31mX [41;31m[[41;97mERROR[41;31m][0m [1mTS2591: Cannot find name 'domain'. Do you need to install type definitions for node? Try `npm i --save-dev @types/node` and then add 'node' to the types field in your tsconfig.[0m [1m[35m[plugin angular-compiler][0m

    projects/loupe/src/app/pages/my-work/my-work.ts:2:37:
[37m      2 │ import { PhotographCollection } from [32m'domain'[37m;
        ╵                                      [32m~~~~~~~~[0m


[31mX [41;31m[[41;97mERROR[41;31m][0m [1mNG1010: 'imports' must be an array of components, directives, pipes, or NgModules.
  Value could not be determined statically.[0m [1m[35m[plugin angular-compiler][0m

    projects/loupe/src/app/pages/my-work/my-work.ts:7:12:
[37m      7 │   imports: [[32mPhotographCollection[37m, RouterLink],
        ╵             [32m~~~~~~~~~~~~~~~~~~~~[0m

  Unknown reference.

    projects/loupe/src/app/pages/my-work/my-work.ts:7:12:
[37m      7 │   imports: [[32mPhotographCollection[37m, RouterLink],
        ╵             [32m~~~~~~~~~~~~~~~~~~~~[0m


[31mX [41;31m[[41;97mERROR[41;31m][0m [1mTS2591: Cannot find name 'domain'. Do you need to install type definitions for node? Try `npm i --save-dev @types/node` and then add 'node' to the types field in your tsconfig.[0m [1m[35m[plugin angular-compiler][0m

    projects/loupe/src/app/pages/photograph-detail/photograph-detail-page.ts:4:33:
[37m      4 │ import { PhotographDetail } from [32m'domain'[37m;
        ╵                                  [32m~~~~~~~~[0m


[31mX [41;31m[[41;97mERROR[41;31m][0m [1mNG1010: 'imports' must be an array of components, directives, pipes, or NgModules.
  Value could not be determined statically.[0m [1m[35m[plugin angular-compiler][0m

    projects/loupe/src/app/pages/photograph-detail/photograph-detail-page.ts:11:24:
[37m      11 │   imports: [RouterLink, [32mPhotographDetail[37m, UnsavedChanges, DeletePh...
         ╵                         [32m~~~~~~~~~~~~~~~~[0m

  Unknown reference.

    projects/loupe/src/app/pages/photograph-detail/photograph-detail-page.ts:11:24:
[37m      11 │   imports: [RouterLink, [32mPhotographDetail[37m, UnsavedChanges, DeletePh...
         ╵                         [32m~~~~~~~~~~~~~~~~[0m


[31mX [41;31m[[41;97mERROR[41;31m][0m [1mTS2339: Property 'dirty' does not exist on type '{}'.[0m [1m[35m[plugin angular-compiler][0m

    projects/loupe/src/app/pages/photograph-detail/photograph-detail-page.ts:24:70:
[37m      24 │ ...uted(() => !this.deletion() && (this.detail()?.[32mdirty[37m() ?? false));
         ╵                                                   [32m~~~~~[0m


[31mX [41;31m[[41;97mERROR[41;31m][0m [1mTS2339: Property 'followCritique' does not exist on type '{}'.[0m [1m[35m[plugin angular-compiler][0m

    projects/loupe/src/app/pages/photograph-detail/photograph-detail-page.ts:29:19:
[37m      29 │     this.detail()?.[32mfollowCritique[37m(operation);
         ╵                    [32m~~~~~~~~~~~~~~[0m


[31mX [41;31m[[41;97mERROR[41;31m][0m [1mTS2339: Property 'photo' does not exist on type '{}'.[0m [1m[35m[plugin angular-compiler][0m

    projects/loupe/src/app/pages/photograph-detail/photograph-detail-page.ts:32:47:
[37m      32 │     if (photo.id === this.id()) this.detail()?.[32mphoto[37m.set(photo);
         ╵                                                [32m~~~~~[0m


[31mX [41;31m[[41;97mERROR[41;31m][0m [1mTS2591: Cannot find name 'domain'. Do you need to install type definitions for node? Try `npm i --save-dev @types/node` and then add 'node' to the types field in your tsconfig.[0m [1m[35m[plugin angular-compiler][0m

    projects/loupe/src/app/pages/photograph-upload/photograph-upload-page.ts:3:50:
[37m      3 │ import { PhotographUpload, RequestCritique } from [32m'domain'[37m;
        ╵                                                   [32m~~~~~~~~[0m


[31mX [41;31m[[41;97mERROR[41;31m][0m [1mNG1010: 'imports' must be an array of components, directives, pipes, or NgModules.
  Value could not be determined statically.[0m [1m[35m[plugin angular-compiler][0m

    projects/loupe/src/app/pages/photograph-upload/photograph-upload-page.ts:9:24:
[37m      9 │   imports: [RouterLink, [32mPhotographUpload[37m, UnsavedChanges, RequestCr...
        ╵                         [32m~~~~~~~~~~~~~~~~[0m

  Unknown reference.

    projects/loupe/src/app/pages/photograph-upload/photograph-upload-page.ts:9:24:
[37m      9 │   imports: [RouterLink, [32mPhotographUpload[37m, UnsavedChanges, RequestCr...
        ╵                         [32m~~~~~~~~~~~~~~~~[0m


[31mX [41;31m[[41;97mERROR[41;31m][0m [1mNG1010: 'imports' must be an array of components, directives, pipes, or NgModules.
  Value could not be determined statically.[0m [1m[35m[plugin angular-compiler][0m

    projects/loupe/src/app/pages/photograph-upload/photograph-upload-page.ts:9:58:
[37m      9 │ ...s: [RouterLink, PhotographUpload, UnsavedChanges, [32mRequestCritique[37m],
        ╵                                                      [32m~~~~~~~~~~~~~~~[0m

  Unknown reference.

    projects/loupe/src/app/pages/photograph-upload/photograph-upload-page.ts:9:58:
[37m      9 │ ...s: [RouterLink, PhotographUpload, UnsavedChanges, [32mRequestCritique[37m],
        ╵                                                      [32m~~~~~~~~~~~~~~~[0m


[31mX [41;31m[[41;97mERROR[41;31m][0m [1mTS2339: Property 'dirty' does not exist on type '{}'.[0m [1m[35m[plugin angular-compiler][0m

    projects/loupe/src/app/pages/photograph-upload/photograph-upload-page.ts:19:38:
[37m      19 │   readonly dirty = () => this.form()?.[32mdirty[37m() ?? false;
         ╵                                       [32m~~~~~[0m


[31mX [41;31m[[41;97mERROR[41;31m][0m [1mTS2339: Property 'dirty' does not exist on type '{}'.[0m [1m[35m[plugin angular-compiler][0m

    projects/loupe/src/app/pages/photograph-upload/photograph-upload-page.ts:21:47:
[37m      21 │     return this.dialog().canLeave(this.form()?.[32mdirty[37m() ?? false);
         ╵                                                [32m~~~~~[0m


[31mX [41;31m[[41;97mERROR[41;31m][0m [1mTS2339: Property 'requestCritique' does not exist on type '{}'.[0m [1m[35m[plugin angular-compiler][0m

    projects/loupe/src/app/pages/photograph-upload/photograph-upload-page.ts:24:21:
[37m      24 │     if (this.form()?.[32mrequestCritique[37m()) {
         ╵                      [32m~~~~~~~~~~~~~~~[0m


[31mX [41;31m[[41;97mERROR[41;31m][0m [1mTS2591: Cannot find name 'domain'. Do you need to install type definitions for node? Try `npm i --save-dev @types/node` and then add 'node' to the types field in your tsconfig.[0m [1m[35m[plugin angular-compiler][0m

    projects/loupe/src/app/pages/reference-detail/reference-detail-page.ts:4:37:
[37m      4 │ import { ReferenceDetailPanel } from [32m'domain'[37m;
        ╵                                      [32m~~~~~~~~[0m


[31mX [41;31m[[41;97mERROR[41;31m][0m [1mNG1010: 'imports' must be an array of components, directives, pipes, or NgModules.
  Value could not be determined statically.[0m [1m[35m[plugin angular-compiler][0m

    projects/loupe/src/app/pages/reference-detail/reference-detail-page.ts:7:24:
[37m      7 │   imports: [RouterLink, [32mReferenceDetailPanel[37m, UnsavedChanges],
        ╵                         [32m~~~~~~~~~~~~~~~~~~~~[0m

  Unknown reference.

    projects/loupe/src/app/pages/reference-detail/reference-detail-page.ts:7:24:
[37m      7 │   imports: [RouterLink, [32mReferenceDetailPanel[37m, UnsavedChanges],
        ╵                         [32m~~~~~~~~~~~~~~~~~~~~[0m


[31mX [41;31m[[41;97mERROR[41;31m][0m [1mTS2339: Property 'dirty' does not exist on type '{}'.[0m [1m[35m[plugin angular-compiler][0m

    projects/loupe/src/app/pages/reference-detail/reference-detail-page.ts:14:40:
[37m      14 │   readonly dirty = () => this.detail()?.[32mdirty[37m() ?? false;
         ╵                                         [32m~~~~~[0m


[31mX [41;31m[[41;97mERROR[41;31m][0m [1mTS2591: Cannot find name 'domain'. Do you need to install type definitions for node? Try `npm i --save-dev @types/node` and then add 'node' to the types field in your tsconfig.[0m [1m[35m[plugin angular-compiler][0m

    projects/loupe/src/app/pages/reference-link/reference-link-page.ts:3:35:
[37m      3 │ import { ReferenceLinkPanel } from [32m'domain'[37m;
        ╵                                    [32m~~~~~~~~[0m


[31mX [41;31m[[41;97mERROR[41;31m][0m [1mNG1010: 'imports' must be an array of components, directives, pipes, or NgModules.
  Value could not be determined statically.[0m [1m[35m[plugin angular-compiler][0m

    projects/loupe/src/app/pages/reference-link/reference-link-page.ts:9:24:
[37m      9 │   imports: [RouterLink, [32mReferenceLinkPanel[37m, UnsavedChanges],
        ╵                         [32m~~~~~~~~~~~~~~~~~~[0m

  Unknown reference.

    projects/loupe/src/app/pages/reference-link/reference-link-page.ts:9:24:
[37m      9 │   imports: [RouterLink, [32mReferenceLinkPanel[37m, UnsavedChanges],
        ╵                         [32m~~~~~~~~~~~~~~~~~~[0m


[31mX [41;31m[[41;97mERROR[41;31m][0m [1mTS2339: Property 'dirty' does not exist on type '{}'.[0m [1m[35m[plugin angular-compiler][0m

    projects/loupe/src/app/pages/reference-link/reference-link-page.ts:17:38:
[37m      17 │   readonly dirty = () => this.form()?.[32mdirty[37m() ?? false;
         ╵                                       [32m~~~~~[0m


[31mX [41;31m[[41;97mERROR[41;31m][0m [1mTS2591: Cannot find name 'domain'. Do you need to install type definitions for node? Try `npm i --save-dev @types/node` and then add 'node' to the types field in your tsconfig.[0m [1m[35m[plugin angular-compiler][0m

    projects/loupe/src/app/pages/reference-upload/reference-upload-page.ts:3:36:
[37m      3 │ import { ReferenceImagePanel } from [32m'domain'[37m;
        ╵                                     [32m~~~~~~~~[0m


[31mX [41;31m[[41;97mERROR[41;31m][0m [1mNG1010: 'imports' must be an array of components, directives, pipes, or NgModules.
  Value could not be determined statically.[0m [1m[35m[plugin angular-compiler][0m

    projects/loupe/src/app/pages/reference-upload/reference-upload-page.ts:9:24:
[37m      9 │   imports: [RouterLink, [32mReferenceImagePanel[37m, UnsavedChanges],
        ╵                         [32m~~~~~~~~~~~~~~~~~~~[0m

  Unknown reference.

    projects/loupe/src/app/pages/reference-upload/reference-upload-page.ts:9:24:
[37m      9 │   imports: [RouterLink, [32mReferenceImagePanel[37m, UnsavedChanges],
        ╵                         [32m~~~~~~~~~~~~~~~~~~~[0m


[31mX [41;31m[[41;97mERROR[41;31m][0m [1mTS2339: Property 'dirty' does not exist on type '{}'.[0m [1m[35m[plugin angular-compiler][0m

    projects/loupe/src/app/pages/reference-upload/reference-upload-page.ts:17:38:
[37m      17 │   readonly dirty = () => this.form()?.[32mdirty[37m() ?? false;
         ╵                                       [32m~~~~~[0m


❯ Changes detected. Rebuilding...
✔ Changes detected. Rebuilding...
Application bundle generation failed. [1.924 seconds] - 2026-09-08T21:48:33.005Z

[31mX [41;31m[[41;97mERROR[41;31m][0m [1mTS2571: Object is of type 'unknown'.[0m [1m[35m[plugin angular-compiler][0m

    projects/loupe/src/app/app.html:2:13:
[37m      2 │ @if (session.[32mcurrent[37m(); as user) {
        ╵              [32m~~~~~~~[0m

  Error occurs in the template of component App.

    projects/loupe/src/app/app.ts:10:15:
[37m      10 │   templateUrl: [32m'./app.html'[37m,
         ╵                [32m~~~~~~~~~~~~[0m


[31mX [41;31m[[41;97mERROR[41;31m][0m [1mTS2571: Object is of type 'unknown'.[0m [1m[35m[plugin angular-compiler][0m

    projects/loupe/src/app/app.html:2:13:
[37m      2 │ @if (session.[32mcurrent[37m(); as user) {
        ╵              [32m~~~~~~~[0m

  Error occurs in the template of component App.

    projects/loupe/src/app/app.ts:10:15:
[37m      10 │   templateUrl: [32m'./app.html'[37m,
         ╵                [32m~~~~~~~~~~~~[0m


[31mX [41;31m[[41;97mERROR[41;31m][0m [1mTS2307: Cannot find module 'api' or its corresponding type declarations.[0m [1m[35m[plugin angular-compiler][0m

    projects/loupe/src/app/app.providers.ts:1:65:
[37m      1 │ ...rt { REFERENCE_IMPORT_SERVICE, ReferenceImportService } from [32m'api'[37m;
        ╵                                                                 [32m~~~~~[0m


[31mX [41;31m[[41;97mERROR[41;31m][0m [1mTS2307: Cannot find module 'api' or its corresponding type declarations.[0m [1m[35m[plugin angular-compiler][0m

    projects/loupe/src/app/app.providers.ts:2:52:
[37m      2 │ import { REFERENCE_SERVICE, ReferenceService } from [32m'api'[37m;
        ╵                                                     [32m~~~~~[0m


[31mX [41;31m[[41;97mERROR[41;31m][0m [1mTS2307: Cannot find module 'api' or its corresponding type declarations.[0m [1m[35m[plugin angular-compiler][0m

    projects/loupe/src/app/app.providers.ts:4:87:
[37m      4 │ ...SessionService, PHOTOGRAPH_SERVICE, PhotographService } from [32m'api'[37m;
        ╵                                                                 [32m~~~~~[0m


[31mX [41;31m[[41;97mERROR[41;31m][0m [1mTS2307: Cannot find module 'api' or its corresponding type declarations.[0m [1m[35m[plugin angular-compiler][0m

    projects/loupe/src/app/app.providers.ts:5:50:
[37m      5 │ import { DELETION_SERVICE, DeletionService } from [32m'api'[37m;
        ╵                                                   [32m~~~~~[0m


[31mX [41;31m[[41;97mERROR[41;31m][0m [1mTS2307: Cannot find module 'api' or its corresponding type declarations.[0m [1m[35m[plugin angular-compiler][0m

    projects/loupe/src/app/app.providers.ts:6:50:
[37m      6 │ import { CRITIQUE_SERVICE, CritiqueService } from [32m'api'[37m;
        ╵                                                   [32m~~~~~[0m


[31mX [41;31m[[41;97mERROR[41;31m][0m [1mTS2307: Cannot find module 'api' or its corresponding type declarations.[0m [1m[35m[plugin angular-compiler][0m

    projects/loupe/src/app/app.providers.ts:7:54:
[37m      7 │ import { COMPARISON_SERVICE, ComparisonService } from [32m'api'[37m;
        ╵                                                       [32m~~~~~[0m


[31mX [41;31m[[41;97mERROR[41;31m][0m [1mTS2307: Cannot find module 'api' or its corresponding type declarations.[0m [1m[35m[plugin angular-compiler][0m

    projects/loupe/src/app/app.ts:4:32:
[37m      4 │ import { SESSION_SERVICE } from [32m'api'[37m;
        ╵                                 [32m~~~~~[0m


[31mX [41;31m[[41;97mERROR[41;31m][0m [1mTS2571: Object is of type 'unknown'.[0m [1m[35m[plugin angular-compiler][0m

    projects/loupe/src/app/app.ts:38:12:
[37m      38 │       await [32mthis.session[37m.signOut();
         ╵             [32m~~~~~~~~~~~~[0m


[31mX [41;31m[[41;97mERROR[41;31m][0m [1mTS2307: Cannot find module 'api' or its corresponding type declarations.[0m [1m[35m[plugin angular-compiler][0m

    projects/loupe/src/app/dialogs/delete-photograph/delete-photograph.ts:18:7:
[37m      18 │ } from [32m'api'[37m;
         ╵        [32m~~~~~[0m


[31mX [41;31m[[41;97mERROR[41;31m][0m [1mTS2571: Object is of type 'unknown'.[0m [1m[35m[plugin angular-compiler][0m

    projects/loupe/src/app/dialogs/delete-photograph/delete-photograph.ts:62:27:
[37m      62 │       const result = await [32mthis.service[37m.deletePhotograph(photograp...
         ╵                            [32m~~~~~~~~~~~~[0m


[31mX [41;31m[[41;97mERROR[41;31m][0m [1mTS18046: 'error' is of type 'unknown'.[0m [1m[35m[plugin angular-compiler][0m

    projects/loupe/src/app/dialogs/delete-photograph/delete-photograph.ts:69:45:
[37m      69 │ ...r instanceof ServiceError && [32merror[37m.code === 'revision_conflict') {
         ╵                                 [32m~~~~~[0m


[31mX [41;31m[[41;97mERROR[41;31m][0m [1mTS18046: 'error' is of type 'unknown'.[0m [1m[35m[plugin angular-compiler][0m

    projects/loupe/src/app/dialogs/delete-photograph/delete-photograph.ts:72:52:
[37m      72 │ ...rror instanceof ServiceError && [32merror[37m.code === 'item_unavailable')
         ╵                                    [32m~~~~~[0m


[31mX [41;31m[[41;97mERROR[41;31m][0m [1mTS2571: Object is of type 'unknown'.[0m [1m[35m[plugin angular-compiler][0m

    projects/loupe/src/app/dialogs/delete-photograph/delete-photograph.ts:87:27:
[37m      87 │       const latest = await [32mthis.photographs[37m.get(photograph.id);
         ╵                            [32m~~~~~~~~~~~~~~~~[0m


[31mX [41;31m[[41;97mERROR[41;31m][0m [1mTS18046: 'error' is of type 'unknown'.[0m [1m[35m[plugin angular-compiler][0m

    projects/loupe/src/app/dialogs/delete-photograph/delete-photograph.ts:97:45:
[37m      97 │ ...rror instanceof ServiceError && [32merror[37m.code === 'item_unavailable')
         ╵                                    [32m~~~~~[0m


[31mX [41;31m[[41;97mERROR[41;31m][0m [1mTS2307: Cannot find module 'api' or its corresponding type declarations.[0m [1m[35m[plugin angular-compiler][0m

    projects/loupe/src/app/dialogs/regenerate-critique/regenerate-critique.ts:2:50:
[37m      2 │ import { OperationResult, PhotographResult } from [32m'api'[37m;
        ╵                                                   [32m~~~~~[0m


[31mX [41;31m[[41;97mERROR[41;31m][0m [1mTS2307: Cannot find module 'api' or its corresponding type declarations.[0m [1m[35m[plugin angular-compiler][0m

    projects/loupe/src/app/dialogs/unsaved-changes/unsaved-changes.ts:10:32:
[37m      10 │ import { SESSION_SERVICE } from [32m'api'[37m;
         ╵                                 [32m~~~~~[0m


[31mX [41;31m[[41;97mERROR[41;31m][0m [1mTS2571: Object is of type 'unknown'.[0m [1m[35m[plugin angular-compiler][0m

    projects/loupe/src/app/dialogs/unsaved-changes/unsaved-changes.ts:29:10:
[37m      29 │       if ([32mthis.session[37m.current() && this.dirty()()) {
         ╵           [32m~~~~~~~~~~~~[0m


[31mX [41;31m[[41;97mERROR[41;31m][0m [1mTS2571: Object is of type 'unknown'.[0m [1m[35m[plugin angular-compiler][0m

    projects/loupe/src/app/dialogs/unsaved-changes/unsaved-changes.ts:41:11:
[37m      41 │     return [32mthis.session[37m.current() && dirty ? this.confirmDiscard()...
         ╵            [32m~~~~~~~~~~~~[0m


[31mX [41;31m[[41;97mERROR[41;31m][0m [1mTS2307: Cannot find module 'api' or its corresponding type declarations.[0m [1m[35m[plugin angular-compiler][0m

    projects/loupe/src/app/pages/photograph-detail/photograph-detail-page.ts:3:83:
[37m      3 │ ...t, OperationResult, PhotographResult, SESSION_SERVICE } from [32m'api'[37m;
        ╵                                                                 [32m~~~~~[0m


[31mX [41;31m[[41;97mERROR[41;31m][0m [1mTS2571: Object is of type 'unknown'.[0m [1m[35m[plugin angular-compiler][0m

    projects/loupe/src/app/pages/photograph-detail/photograph-detail-page.ts:39:8:
[37m      39 │     if ([32mthis.session[37m.current() && (this.deleting() || this.request...
         ╵         [32m~~~~~~~~~~~~[0m


[31mX [41;31m[[41;97mERROR[41;31m][0m [1mTS2307: Cannot find module 'api' or its corresponding type declarations.[0m [1m[35m[plugin angular-compiler][0m

    projects/loupe/src/app/pages/photograph-upload/photograph-upload-page.ts:4:50:
[37m      4 │ import { OperationResult, PhotographResult } from [32m'api'[37m;
        ╵                                                   [32m~~~~~[0m


[31mX [41;31m[[41;97mERROR[41;31m][0m [1mTS2307: Cannot find module 'api' or its corresponding type declarations.[0m [1m[35m[plugin angular-compiler][0m

    projects/loupe/src/app/pages/reference-link/reference-link-page.ts:4:32:
[37m      4 │ import { ReferenceResult } from [32m'api'[37m;
        ╵                                 [32m~~~~~[0m


[31mX [41;31m[[41;97mERROR[41;31m][0m [1mTS2307: Cannot find module 'api' or its corresponding type declarations.[0m [1m[35m[plugin angular-compiler][0m

    projects/loupe/src/app/pages/reference-upload/reference-upload-page.ts:4:32:
[37m      4 │ import { ReferenceResult } from [32m'api'[37m;
        ╵                                 [32m~~~~~[0m


[31mX [41;31m[[41;97mERROR[41;31m][0m [1mTS2307: Cannot find module 'api' or its corresponding type declarations.[0m [1m[35m[plugin angular-compiler][0m

    projects/loupe/src/app/pages/sign-in/sign-in.ts:3:32:
[37m      3 │ import { SESSION_SERVICE } from [32m'api'[37m;
        ╵                                 [32m~~~~~[0m


[31mX [41;31m[[41;97mERROR[41;31m][0m [1mTS2571: Object is of type 'unknown'.[0m [1m[35m[plugin angular-compiler][0m

    projects/loupe/src/app/pages/sign-in/sign-in.ts:12:4:
[37m      12 │     [32mthis.session[37m.signIn(this.destination());
         ╵     [32m~~~~~~~~~~~~[0m


[31mX [41;31m[[41;97mERROR[41;31m][0m [1mTS2307: Cannot find module 'api' or its corresponding type declarations.[0m [1m[35m[plugin angular-compiler][0m

    projects/loupe/src/app/session.guard.ts:3:32:
[37m      3 │ import { SESSION_SERVICE } from [32m'api'[37m;
        ╵                                 [32m~~~~~[0m


[31mX [41;31m[[41;97mERROR[41;31m][0m [1mTS18046: 'session' is of type 'unknown'.[0m [1m[35m[plugin angular-compiler][0m

    projects/loupe/src/app/session.guard.ts:9:18:
[37m      9 │     return (await [32msession[37m.load())
        ╵                   [32m~~~~~~~[0m


[31mX [41;31m[[41;97mERROR[41;31m][0m [1mTS2307: Cannot find module 'api' or its corresponding type declarations.[0m [1m[35m[plugin angular-compiler][0m

    projects/loupe/src/testing/app.providers.ts:1:41:
[37m      1 │ import { REFERENCE_IMPORT_SERVICE } from [32m'api'[37m;
        ╵                                          [32m~~~~~[0m


[31mX [41;31m[[41;97mERROR[41;31m][0m [1mTS2307: Cannot find module 'api' or its corresponding type declarations.[0m [1m[35m[plugin angular-compiler][0m

    projects/loupe/src/testing/app.providers.ts:3:34:
[37m      3 │ import { REFERENCE_SERVICE } from [32m'api'[37m;
        ╵                                   [32m~~~~~[0m


[31mX [41;31m[[41;97mERROR[41;31m][0m [1mTS2307: Cannot find module 'api' or its corresponding type declarations.[0m [1m[35m[plugin angular-compiler][0m

    projects/loupe/src/testing/app.providers.ts:5:88:
[37m      5 │ ...HOTOGRAPH_SERVICE, DELETION_SERVICE, CRITIQUE_SERVICE } from [32m'api'[37m;
        ╵                                                                 [32m~~~~~[0m


[31mX [41;31m[[41;97mERROR[41;31m][0m [1mTS2307: Cannot find module 'api' or its corresponding type declarations.[0m [1m[35m[plugin angular-compiler][0m

    projects/loupe/src/testing/app.providers.ts:10:35:
[37m      10 │ import { COMPARISON_SERVICE } from [32m'api'[37m;
         ╵                                    [32m~~~~~[0m


[31mX [41;31m[[41;97mERROR[41;31m][0m [1mTS2307: Cannot find module 'api' or its corresponding type declarations.[0m [1m[35m[plugin angular-compiler][0m

    projects/loupe/src/testing/mock-comparison.service.ts:10:7:
[37m      10 │ } from [32m'api'[37m;
         ╵        [32m~~~~~[0m


[31mX [41;31m[[41;97mERROR[41;31m][0m [1mTS2307: Cannot find module 'api' or its corresponding type declarations.[0m [1m[35m[plugin angular-compiler][0m

    projects/loupe/src/testing/mock-critique.service.ts:9:7:
[37m      9 │ } from [32m'api'[37m;
        ╵        [32m~~~~~[0m


[31mX [41;31m[[41;97mERROR[41;31m][0m [1mTS2307: Cannot find module 'api' or its corresponding type declarations.[0m [1m[35m[plugin angular-compiler][0m

    projects/loupe/src/testing/mock-deletion.service.ts:2:63:
[37m      2 │ import { DeletionResult, IDeletionService, ServiceError } from [32m'api'[37m;
        ╵                                                                [32m~~~~~[0m


[31mX [41;31m[[41;97mERROR[41;31m][0m [1mTS2307: Cannot find module 'api' or its corresponding type declarations.[0m [1m[35m[plugin angular-compiler][0m

    projects/loupe/src/testing/mock-photograph.service.ts:10:7:
[37m      10 │ } from [32m'api'[37m;
         ╵        [32m~~~~~[0m


[31mX [41;31m[[41;97mERROR[41;31m][0m [1mTS2307: Cannot find module 'api' or its corresponding type declarations.[0m [1m[35m[plugin angular-compiler][0m

    projects/loupe/src/testing/mock-reference-import.service.ts:7:7:
[37m      7 │ } from [32m'api'[37m;
        ╵        [32m~~~~~[0m


[31mX [41;31m[[41;97mERROR[41;31m][0m [1mTS2307: Cannot find module 'api' or its corresponding type declarations.[0m [1m[35m[plugin angular-compiler][0m

    projects/loupe/src/testing/mock-reference.service.ts:1:70:
[37m      1 │ ...ReferenceMetadata, ReferenceLink, ReferenceLinkResult } from [32m'api'[37m;
        ╵                                                                 [32m~~~~~[0m


[31mX [41;31m[[41;97mERROR[41;31m][0m [1mTS2307: Cannot find module 'api' or its corresponding type declarations.[0m [1m[35m[plugin angular-compiler][0m

    projects/loupe/src/testing/mock-reference.service.ts:2:48:
[37m      2 │ import { ReferenceUpload, UploadProgress } from [32m'api'[37m;
        ╵                                                 [32m~~~~~[0m


[31mX [41;31m[[41;97mERROR[41;31m][0m [1mTS2307: Cannot find module 'api' or its corresponding type declarations.[0m [1m[35m[plugin angular-compiler][0m

    projects/loupe/src/testing/mock-reference.service.ts:4:80:
[37m      4 │ ...Service, ReferencePage, ReferenceResult, ServiceError } from [32m'api'[37m;
        ╵                                                                 [32m~~~~~[0m


[31mX [41;31m[[41;97mERROR[41;31m][0m [1mTS2307: Cannot find module 'api' or its corresponding type declarations.[0m [1m[35m[plugin angular-compiler][0m

    projects/loupe/src/testing/mock-session.service.ts:3:47:
[37m      3 │ import { ISessionService, SessionResult } from [32m'api'[37m;
        ╵                                                [32m~~~~~[0m


❯ Changes detected. Rebuilding...
✔ Changes detected. Rebuilding...
Application bundle generation failed. [0.002 seconds] - 2026-09-08T21:48:34.802Z

[31mX [41;31m[[41;97mERROR[41;31m][0m [1mTS2571: Object is of type 'unknown'.[0m [1m[35m[plugin angular-compiler][0m

    projects/loupe/src/app/app.html:2:13:
[37m      2 │ @if (session.[32mcurrent[37m(); as user) {
        ╵              [32m~~~~~~~[0m

  Error occurs in the template of component App.

    projects/loupe/src/app/app.ts:10:15:
[37m      10 │   templateUrl: [32m'./app.html'[37m,
         ╵                [32m~~~~~~~~~~~~[0m


[31mX [41;31m[[41;97mERROR[41;31m][0m [1mTS2571: Object is of type 'unknown'.[0m [1m[35m[plugin angular-compiler][0m

    projects/loupe/src/app/app.html:2:13:
[37m      2 │ @if (session.[32mcurrent[37m(); as user) {
        ╵              [32m~~~~~~~[0m

  Error occurs in the template of component App.

    projects/loupe/src/app/app.ts:10:15:
[37m      10 │   templateUrl: [32m'./app.html'[37m,
         ╵                [32m~~~~~~~~~~~~[0m


[31mX [41;31m[[41;97mERROR[41;31m][0m [1mTS2307: Cannot find module 'api' or its corresponding type declarations.[0m [1m[35m[plugin angular-compiler][0m

    projects/loupe/src/app/app.providers.ts:1:65:
[37m      1 │ ...rt { REFERENCE_IMPORT_SERVICE, ReferenceImportService } from [32m'api'[37m;
        ╵                                                                 [32m~~~~~[0m


[31mX [41;31m[[41;97mERROR[41;31m][0m [1mTS2307: Cannot find module 'api' or its corresponding type declarations.[0m [1m[35m[plugin angular-compiler][0m

    projects/loupe/src/app/app.providers.ts:2:52:
[37m      2 │ import { REFERENCE_SERVICE, ReferenceService } from [32m'api'[37m;
        ╵                                                     [32m~~~~~[0m


[31mX [41;31m[[41;97mERROR[41;31m][0m [1mTS2307: Cannot find module 'api' or its corresponding type declarations.[0m [1m[35m[plugin angular-compiler][0m

    projects/loupe/src/app/app.providers.ts:4:87:
[37m      4 │ ...SessionService, PHOTOGRAPH_SERVICE, PhotographService } from [32m'api'[37m;
        ╵                                                                 [32m~~~~~[0m


[31mX [41;31m[[41;97mERROR[41;31m][0m [1mTS2307: Cannot find module 'api' or its corresponding type declarations.[0m [1m[35m[plugin angular-compiler][0m

    projects/loupe/src/app/app.providers.ts:5:50:
[37m      5 │ import { DELETION_SERVICE, DeletionService } from [32m'api'[37m;
        ╵                                                   [32m~~~~~[0m


[31mX [41;31m[[41;97mERROR[41;31m][0m [1mTS2307: Cannot find module 'api' or its corresponding type declarations.[0m [1m[35m[plugin angular-compiler][0m

    projects/loupe/src/app/app.providers.ts:6:50:
[37m      6 │ import { CRITIQUE_SERVICE, CritiqueService } from [32m'api'[37m;
        ╵                                                   [32m~~~~~[0m


[31mX [41;31m[[41;97mERROR[41;31m][0m [1mTS2307: Cannot find module 'api' or its corresponding type declarations.[0m [1m[35m[plugin angular-compiler][0m

    projects/loupe/src/app/app.providers.ts:7:54:
[37m      7 │ import { COMPARISON_SERVICE, ComparisonService } from [32m'api'[37m;
        ╵                                                       [32m~~~~~[0m


[31mX [41;31m[[41;97mERROR[41;31m][0m [1mTS2307: Cannot find module 'api' or its corresponding type declarations.[0m [1m[35m[plugin angular-compiler][0m

    projects/loupe/src/app/app.ts:4:32:
[37m      4 │ import { SESSION_SERVICE } from [32m'api'[37m;
        ╵                                 [32m~~~~~[0m


[31mX [41;31m[[41;97mERROR[41;31m][0m [1mTS2571: Object is of type 'unknown'.[0m [1m[35m[plugin angular-compiler][0m

    projects/loupe/src/app/app.ts:38:12:
[37m      38 │       await [32mthis.session[37m.signOut();
         ╵             [32m~~~~~~~~~~~~[0m


[31mX [41;31m[[41;97mERROR[41;31m][0m [1mTS2307: Cannot find module 'api' or its corresponding type declarations.[0m [1m[35m[plugin angular-compiler][0m

    projects/loupe/src/app/dialogs/delete-photograph/delete-photograph.ts:18:7:
[37m      18 │ } from [32m'api'[37m;
         ╵        [32m~~~~~[0m


[31mX [41;31m[[41;97mERROR[41;31m][0m [1mTS2571: Object is of type 'unknown'.[0m [1m[35m[plugin angular-compiler][0m

    projects/loupe/src/app/dialogs/delete-photograph/delete-photograph.ts:62:27:
[37m      62 │       const result = await [32mthis.service[37m.deletePhotograph(photograp...
         ╵                            [32m~~~~~~~~~~~~[0m


[31mX [41;31m[[41;97mERROR[41;31m][0m [1mTS18046: 'error' is of type 'unknown'.[0m [1m[35m[plugin angular-compiler][0m

    projects/loupe/src/app/dialogs/delete-photograph/delete-photograph.ts:69:45:
[37m      69 │ ...r instanceof ServiceError && [32merror[37m.code === 'revision_conflict') {
         ╵                                 [32m~~~~~[0m


[31mX [41;31m[[41;97mERROR[41;31m][0m [1mTS18046: 'error' is of type 'unknown'.[0m [1m[35m[plugin angular-compiler][0m

    projects/loupe/src/app/dialogs/delete-photograph/delete-photograph.ts:72:52:
[37m      72 │ ...rror instanceof ServiceError && [32merror[37m.code === 'item_unavailable')
         ╵                                    [32m~~~~~[0m


[31mX [41;31m[[41;97mERROR[41;31m][0m [1mTS2571: Object is of type 'unknown'.[0m [1m[35m[plugin angular-compiler][0m

    projects/loupe/src/app/dialogs/delete-photograph/delete-photograph.ts:87:27:
[37m      87 │       const latest = await [32mthis.photographs[37m.get(photograph.id);
         ╵                            [32m~~~~~~~~~~~~~~~~[0m


[31mX [41;31m[[41;97mERROR[41;31m][0m [1mTS18046: 'error' is of type 'unknown'.[0m [1m[35m[plugin angular-compiler][0m

    projects/loupe/src/app/dialogs/delete-photograph/delete-photograph.ts:97:45:
[37m      97 │ ...rror instanceof ServiceError && [32merror[37m.code === 'item_unavailable')
         ╵                                    [32m~~~~~[0m


[31mX [41;31m[[41;97mERROR[41;31m][0m [1mTS2307: Cannot find module 'api' or its corresponding type declarations.[0m [1m[35m[plugin angular-compiler][0m

    projects/loupe/src/app/dialogs/regenerate-critique/regenerate-critique.ts:2:50:
[37m      2 │ import { OperationResult, PhotographResult } from [32m'api'[37m;
        ╵                                                   [32m~~~~~[0m


[31mX [41;31m[[41;97mERROR[41;31m][0m [1mTS2307: Cannot find module 'api' or its corresponding type declarations.[0m [1m[35m[plugin angular-compiler][0m

    projects/loupe/src/app/dialogs/unsaved-changes/unsaved-changes.ts:10:32:
[37m      10 │ import { SESSION_SERVICE } from [32m'api'[37m;
         ╵                                 [32m~~~~~[0m


[31mX [41;31m[[41;97mERROR[41;31m][0m [1mTS2571: Object is of type 'unknown'.[0m [1m[35m[plugin angular-compiler][0m

    projects/loupe/src/app/dialogs/unsaved-changes/unsaved-changes.ts:29:10:
[37m      29 │       if ([32mthis.session[37m.current() && this.dirty()()) {
         ╵           [32m~~~~~~~~~~~~[0m


[31mX [41;31m[[41;97mERROR[41;31m][0m [1mTS2571: Object is of type 'unknown'.[0m [1m[35m[plugin angular-compiler][0m

    projects/loupe/src/app/dialogs/unsaved-changes/unsaved-changes.ts:41:11:
[37m      41 │     return [32mthis.session[37m.current() && dirty ? this.confirmDiscard()...
         ╵            [32m~~~~~~~~~~~~[0m


[31mX [41;31m[[41;97mERROR[41;31m][0m [1mTS2307: Cannot find module 'api' or its corresponding type declarations.[0m [1m[35m[plugin angular-compiler][0m

    projects/loupe/src/app/pages/photograph-detail/photograph-detail-page.ts:3:83:
[37m      3 │ ...t, OperationResult, PhotographResult, SESSION_SERVICE } from [32m'api'[37m;
        ╵                                                                 [32m~~~~~[0m


[31mX [41;31m[[41;97mERROR[41;31m][0m [1mTS2571: Object is of type 'unknown'.[0m [1m[35m[plugin angular-compiler][0m

    projects/loupe/src/app/pages/photograph-detail/photograph-detail-page.ts:39:8:
[37m      39 │     if ([32mthis.session[37m.current() && (this.deleting() || this.request...
         ╵         [32m~~~~~~~~~~~~[0m


[31mX [41;31m[[41;97mERROR[41;31m][0m [1mTS2307: Cannot find module 'api' or its corresponding type declarations.[0m [1m[35m[plugin angular-compiler][0m

    projects/loupe/src/app/pages/photograph-upload/photograph-upload-page.ts:4:50:
[37m      4 │ import { OperationResult, PhotographResult } from [32m'api'[37m;
        ╵                                                   [32m~~~~~[0m


[31mX [41;31m[[41;97mERROR[41;31m][0m [1mTS2307: Cannot find module 'api' or its corresponding type declarations.[0m [1m[35m[plugin angular-compiler][0m

    projects/loupe/src/app/pages/reference-link/reference-link-page.ts:4:32:
[37m      4 │ import { ReferenceResult } from [32m'api'[37m;
        ╵                                 [32m~~~~~[0m


[31mX [41;31m[[41;97mERROR[41;31m][0m [1mTS2307: Cannot find module 'api' or its corresponding type declarations.[0m [1m[35m[plugin angular-compiler][0m

    projects/loupe/src/app/pages/reference-upload/reference-upload-page.ts:4:32:
[37m      4 │ import { ReferenceResult } from [32m'api'[37m;
        ╵                                 [32m~~~~~[0m


[31mX [41;31m[[41;97mERROR[41;31m][0m [1mTS2307: Cannot find module 'api' or its corresponding type declarations.[0m [1m[35m[plugin angular-compiler][0m

    projects/loupe/src/app/pages/sign-in/sign-in.ts:3:32:
[37m      3 │ import { SESSION_SERVICE } from [32m'api'[37m;
        ╵                                 [32m~~~~~[0m


[31mX [41;31m[[41;97mERROR[41;31m][0m [1mTS2571: Object is of type 'unknown'.[0m [1m[35m[plugin angular-compiler][0m

    projects/loupe/src/app/pages/sign-in/sign-in.ts:12:4:
[37m      12 │     [32mthis.session[37m.signIn(this.destination());
         ╵     [32m~~~~~~~~~~~~[0m


[31mX [41;31m[[41;97mERROR[41;31m][0m [1mTS2307: Cannot find module 'api' or its corresponding type declarations.[0m [1m[35m[plugin angular-compiler][0m

    projects/loupe/src/app/session.guard.ts:3:32:
[37m      3 │ import { SESSION_SERVICE } from [32m'api'[37m;
        ╵                                 [32m~~~~~[0m


[31mX [41;31m[[41;97mERROR[41;31m][0m [1mTS18046: 'session' is of type 'unknown'.[0m [1m[35m[plugin angular-compiler][0m

    projects/loupe/src/app/session.guard.ts:9:18:
[37m      9 │     return (await [32msession[37m.load())
        ╵                   [32m~~~~~~~[0m


[31mX [41;31m[[41;97mERROR[41;31m][0m [1mTS2307: Cannot find module 'api' or its corresponding type declarations.[0m [1m[35m[plugin angular-compiler][0m

    projects/loupe/src/testing/app.providers.ts:1:41:
[37m      1 │ import { REFERENCE_IMPORT_SERVICE } from [32m'api'[37m;
        ╵                                          [32m~~~~~[0m


[31mX [41;31m[[41;97mERROR[41;31m][0m [1mTS2307: Cannot find module 'api' or its corresponding type declarations.[0m [1m[35m[plugin angular-compiler][0m

    projects/loupe/src/testing/app.providers.ts:3:34:
[37m      3 │ import { REFERENCE_SERVICE } from [32m'api'[37m;
        ╵                                   [32m~~~~~[0m


[31mX [41;31m[[41;97mERROR[41;31m][0m [1mTS2307: Cannot find module 'api' or its corresponding type declarations.[0m [1m[35m[plugin angular-compiler][0m

    projects/loupe/src/testing/app.providers.ts:5:88:
[37m      5 │ ...HOTOGRAPH_SERVICE, DELETION_SERVICE, CRITIQUE_SERVICE } from [32m'api'[37m;
        ╵                                                                 [32m~~~~~[0m


[31mX [41;31m[[41;97mERROR[41;31m][0m [1mTS2307: Cannot find module 'api' or its corresponding type declarations.[0m [1m[35m[plugin angular-compiler][0m

    projects/loupe/src/testing/app.providers.ts:10:35:
[37m      10 │ import { COMPARISON_SERVICE } from [32m'api'[37m;
         ╵                                    [32m~~~~~[0m


[31mX [41;31m[[41;97mERROR[41;31m][0m [1mTS2307: Cannot find module 'api' or its corresponding type declarations.[0m [1m[35m[plugin angular-compiler][0m

    projects/loupe/src/testing/mock-comparison.service.ts:10:7:
[37m      10 │ } from [32m'api'[37m;
         ╵        [32m~~~~~[0m


[31mX [41;31m[[41;97mERROR[41;31m][0m [1mTS2307: Cannot find module 'api' or its corresponding type declarations.[0m [1m[35m[plugin angular-compiler][0m

    projects/loupe/src/testing/mock-critique.service.ts:9:7:
[37m      9 │ } from [32m'api'[37m;
        ╵        [32m~~~~~[0m


[31mX [41;31m[[41;97mERROR[41;31m][0m [1mTS2307: Cannot find module 'api' or its corresponding type declarations.[0m [1m[35m[plugin angular-compiler][0m

    projects/loupe/src/testing/mock-deletion.service.ts:2:63:
[37m      2 │ import { DeletionResult, IDeletionService, ServiceError } from [32m'api'[37m;
        ╵                                                                [32m~~~~~[0m


[31mX [41;31m[[41;97mERROR[41;31m][0m [1mTS2307: Cannot find module 'api' or its corresponding type declarations.[0m [1m[35m[plugin angular-compiler][0m

    projects/loupe/src/testing/mock-photograph.service.ts:10:7:
[37m      10 │ } from [32m'api'[37m;
         ╵        [32m~~~~~[0m


[31mX [41;31m[[41;97mERROR[41;31m][0m [1mTS2307: Cannot find module 'api' or its corresponding type declarations.[0m [1m[35m[plugin angular-compiler][0m

    projects/loupe/src/testing/mock-reference-import.service.ts:7:7:
[37m      7 │ } from [32m'api'[37m;
        ╵        [32m~~~~~[0m


[31mX [41;31m[[41;97mERROR[41;31m][0m [1mTS2307: Cannot find module 'api' or its corresponding type declarations.[0m [1m[35m[plugin angular-compiler][0m

    projects/loupe/src/testing/mock-reference.service.ts:1:70:
[37m      1 │ ...ReferenceMetadata, ReferenceLink, ReferenceLinkResult } from [32m'api'[37m;
        ╵                                                                 [32m~~~~~[0m


[31mX [41;31m[[41;97mERROR[41;31m][0m [1mTS2307: Cannot find module 'api' or its corresponding type declarations.[0m [1m[35m[plugin angular-compiler][0m

    projects/loupe/src/testing/mock-reference.service.ts:2:48:
[37m      2 │ import { ReferenceUpload, UploadProgress } from [32m'api'[37m;
        ╵                                                 [32m~~~~~[0m


[31mX [41;31m[[41;97mERROR[41;31m][0m [1mTS2307: Cannot find module 'api' or its corresponding type declarations.[0m [1m[35m[plugin angular-compiler][0m

    projects/loupe/src/testing/mock-reference.service.ts:4:80:
[37m      4 │ ...Service, ReferencePage, ReferenceResult, ServiceError } from [32m'api'[37m;
        ╵                                                                 [32m~~~~~[0m


[31mX [41;31m[[41;97mERROR[41;31m][0m [1mTS2307: Cannot find module 'api' or its corresponding type declarations.[0m [1m[35m[plugin angular-compiler][0m

    projects/loupe/src/testing/mock-session.service.ts:3:47:
[37m      3 │ import { ISessionService, SessionResult } from [32m'api'[37m;
        ╵                                                [32m~~~~~[0m


❯ Changes detected. Rebuilding...
✔ Changes detected. Rebuilding...
Initial chunk files | Names         |  Raw size
main.js             | main          | 464.15 kB | 
styles.css          | styles        |  23.65 kB | 

                    | Initial total | 487.80 kB

Application bundle generation complete. [1.164 seconds] - 2026-09-08T21:48:38.899Z

Page reload sent to client(s).
[2m5:48:38 p.m.[22m [31m[1m[vite][22m[39m [31m[2m(client)[22m[39m Pre-transform error: Failed to resolve import "components" from ".angular/vite-root/loupe/main.js". Does the file exist?
  Plugin: [35mvite:import-analysis[39m
  File: [36mC:/projects/loupe/frontend/.angular/vite-root/loupe/main.js[39m:515:49
[33m  513 |  
  514 |  // dist/domain/fesm2022/domain.mjs
  515 |  import { PhotographCard, CritiqueContent } from "components";
      |                                                   ^
  516 |  import { DatePipe, DecimalPipe } from "@angular/common";
  517 |  import * as i1 from "@angular/forms";[39m
[2m5:48:39 p.m.[22m [31m[1m[vite][22m[39m [31mInternal server error: Failed to resolve import "components" from ".angular/vite-root/loupe/main.js". Does the file exist?[39m
  Plugin: [35mvite:import-analysis[39m
  File: [36mC:/projects/loupe/frontend/.angular/vite-root/loupe/main.js[39m:515:49
[33m  513 |  
  514 |  // dist/domain/fesm2022/domain.mjs
  515 |  import { PhotographCard, CritiqueContent } from "components";
      |                                                   ^
  516 |  import { DatePipe, DecimalPipe } from "@angular/common";
  517 |  import * as i1 from "@angular/forms";[39m
      at TransformPluginContext._formatLog (file:///C:/projects/loupe/frontend/node_modules/vite/dist/node/chunks/node.js:30416:39)
      at TransformPluginContext.error (file:///C:/projects/loupe/frontend/node_modules/vite/dist/node/chunks/node.js:30413:14)
      at normalizeUrl (file:///C:/projects/loupe/frontend/node_modules/vite/dist/node/chunks/node.js:27438:18)
      at async file:///C:/projects/loupe/frontend/node_modules/vite/dist/node/chunks/node.js:27506:30
      at async Promise.all (index 11)
      at async TransformPluginContext.transform (file:///C:/projects/loupe/frontend/node_modules/vite/dist/node/chunks/node.js:27474:4)
      at async EnvironmentPluginContainer.transform (file:///C:/projects/loupe/frontend/node_modules/vite/dist/node/chunks/node.js:30201:14)
      at async loadAndTransform (file:///C:/projects/loupe/frontend/node_modules/vite/dist/node/chunks/node.js:20124:26)
      at async viteTransformMiddleware (file:///C:/projects/loupe/frontend/node_modules/vite/dist/node/chunks/node.js:24604:20)
❯ Changes detected. Rebuilding...
✔ Changes detected. Rebuilding...
Initial chunk files | Names         |  Raw size
main.js             | main          | 464.15 kB | 
styles.css          | styles        |  23.65 kB | 

                    | Initial total | 487.80 kB

Application bundle generation complete. [0.020 seconds] - 2026-09-08T21:48:40.618Z

❯ Changes detected. Rebuilding...
✔ Changes detected. Rebuilding...
Application bundle generation failed. [0.489 seconds] - 2026-09-08T21:48:43.753Z

[31mX [41;31m[[41;97mERROR[41;31m][0m [1mTS2591: Cannot find name 'domain'. Do you need to install type definitions for node? Try `npm i --save-dev @types/node` and then add 'node' to the types field in your tsconfig.[0m [1m[35m[plugin angular-compiler][0m

    projects/loupe/src/app/dialogs/regenerate-critique/regenerate-critique.ts:3:32:
[37m      3 │ import { RequestCritique } from [32m'domain'[37m;
        ╵                                 [32m~~~~~~~~[0m


[31mX [41;31m[[41;97mERROR[41;31m][0m [1mNG1010: 'imports' must be an array of components, directives, pipes, or NgModules.
  Value could not be determined statically.[0m [1m[35m[plugin angular-compiler][0m

    projects/loupe/src/app/dialogs/regenerate-critique/regenerate-critique.ts:7:12:
[37m      7 │   imports: [[32mRequestCritique[37m],
        ╵             [32m~~~~~~~~~~~~~~~[0m

  Unknown reference.

    projects/loupe/src/app/dialogs/regenerate-critique/regenerate-critique.ts:7:12:
[37m      7 │   imports: [[32mRequestCritique[37m],
        ╵             [32m~~~~~~~~~~~~~~~[0m


[31mX [41;31m[[41;97mERROR[41;31m][0m [1mTS2339: Property 'busy' does not exist on type '{}'.[0m [1m[35m[plugin angular-compiler][0m

    projects/loupe/src/app/dialogs/regenerate-critique/regenerate-critique.ts:17:52:
[37m      17 │ ...uted(() => !!(this.request()?.[32mbusy[37m() || this.request()?.reviewi...
         ╵                                  [32m~~~~[0m


[31mX [41;31m[[41;97mERROR[41;31m][0m [1mTS2339: Property 'reviewing' does not exist on type '{}'.[0m [1m[35m[plugin angular-compiler][0m

    projects/loupe/src/app/dialogs/regenerate-critique/regenerate-critique.ts:17:78:
[37m      17 │ ...(() => !!(this.request()?.busy() || this.request()?.[32mreviewing[37m()));
         ╵                                                        [32m~~~~~~~~~[0m


[31mX [41;31m[[41;97mERROR[41;31m][0m [1mTS2591: Cannot find name 'domain'. Do you need to install type definitions for node? Try `npm i --save-dev @types/node` and then add 'node' to the types field in your tsconfig.[0m [1m[35m[plugin angular-compiler][0m

    projects/loupe/src/app/dialogs/replace-attempt/replace-attempt.ts:2:30:
[37m      2 │ import { AttemptPicker } from [32m'domain'[37m;
        ╵                               [32m~~~~~~~~[0m


[31mX [41;31m[[41;97mERROR[41;31m][0m [1mNG1010: 'imports' must be an array of components, directives, pipes, or NgModules.
  Value could not be determined statically.[0m [1m[35m[plugin angular-compiler][0m

    projects/loupe/src/app/dialogs/replace-attempt/replace-attempt.ts:6:12:
[37m      6 │   imports: [[32mAttemptPicker[37m],
        ╵             [32m~~~~~~~~~~~~~[0m

  Unknown reference.

    projects/loupe/src/app/dialogs/replace-attempt/replace-attempt.ts:6:12:
[37m      6 │   imports: [[32mAttemptPicker[37m],
        ╵             [32m~~~~~~~~~~~~~[0m


[31mX [41;31m[[41;97mERROR[41;31m][0m [1mTS2591: Cannot find name 'domain'. Do you need to install type definitions for node? Try `npm i --save-dev @types/node` and then add 'node' to the types field in your tsconfig.[0m [1m[35m[plugin angular-compiler][0m

    projects/loupe/src/app/pages/compare/compare-page.ts:3:49:
[37m      3 │ import { AttemptComparison, AttemptPicker } from [32m'domain'[37m;
        ╵                                                  [32m~~~~~~~~[0m


[31mX [41;31m[[41;97mERROR[41;31m][0m [1mNG1010: 'imports' must be an array of components, directives, pipes, or NgModules.
  Value could not be determined statically.[0m [1m[35m[plugin angular-compiler][0m

    projects/loupe/src/app/pages/compare/compare-page.ts:8:24:
[37m      8 │   imports: [RouterLink, [32mAttemptComparison[37m, AttemptPicker, ReplaceAt...
        ╵                         [32m~~~~~~~~~~~~~~~~~[0m

  Unknown reference.

    projects/loupe/src/app/pages/compare/compare-page.ts:8:24:
[37m      8 │   imports: [RouterLink, [32mAttemptComparison[37m, AttemptPicker, ReplaceAt...
        ╵                         [32m~~~~~~~~~~~~~~~~~[0m


[31mX [41;31m[[41;97mERROR[41;31m][0m [1mNG1010: 'imports' must be an array of components, directives, pipes, or NgModules.
  Value could not be determined statically.[0m [1m[35m[plugin angular-compiler][0m

    projects/loupe/src/app/pages/compare/compare-page.ts:8:43:
[37m      8 │ ...ts: [RouterLink, AttemptComparison, [32mAttemptPicker[37m, ReplaceAttempt],
        ╵                                        [32m~~~~~~~~~~~~~[0m

  Unknown reference.

    projects/loupe/src/app/pages/compare/compare-page.ts:8:43:
[37m      8 │ ...ts: [RouterLink, AttemptComparison, [32mAttemptPicker[37m, ReplaceAttempt],
        ╵                                        [32m~~~~~~~~~~~~~[0m


[31mX [41;31m[[41;97mERROR[41;31m][0m [1mTS2591: Cannot find name 'domain'. Do you need to install type definitions for node? Try `npm i --save-dev @types/node` and then add 'node' to the types field in your tsconfig.[0m [1m[35m[plugin angular-compiler][0m

    projects/loupe/src/app/pages/deletion/deletion-page.ts:3:31:
[37m      3 │ import { DeletionStatus } from [32m'domain'[37m;
        ╵                                [32m~~~~~~~~[0m


[31mX [41;31m[[41;97mERROR[41;31m][0m [1mNG1010: 'imports' must be an array of components, directives, pipes, or NgModules.
  Value could not be determined statically.[0m [1m[35m[plugin angular-compiler][0m

    projects/loupe/src/app/pages/deletion/deletion-page.ts:7:24:
[37m      7 │   imports: [RouterLink, [32mDeletionStatus[37m],
        ╵                         [32m~~~~~~~~~~~~~~[0m

  Unknown reference.

    projects/loupe/src/app/pages/deletion/deletion-page.ts:7:24:
[37m      7 │   imports: [RouterLink, [32mDeletionStatus[37m],
        ╵                         [32m~~~~~~~~~~~~~~[0m


[31mX [41;31m[[41;97mERROR[41;31m][0m [1mTS2591: Cannot find name 'domain'. Do you need to install type definitions for node? Try `npm i --save-dev @types/node` and then add 'node' to the types field in your tsconfig.[0m [1m[35m[plugin angular-compiler][0m

    projects/loupe/src/app/pages/inspiration/inspiration-page.ts:3:36:
[37m      3 │ import { ReferenceCollection } from [32m'domain'[37m;
        ╵                                     [32m~~~~~~~~[0m


[31mX [41;31m[[41;97mERROR[41;31m][0m [1mNG1010: 'imports' must be an array of components, directives, pipes, or NgModules.
  Value could not be determined statically.[0m [1m[35m[plugin angular-compiler][0m

    projects/loupe/src/app/pages/inspiration/inspiration-page.ts:6:12:
[37m      6 │   imports: [[32mReferenceCollection[37m, RouterLink],
        ╵             [32m~~~~~~~~~~~~~~~~~~~[0m

  Unknown reference.

    projects/loupe/src/app/pages/inspiration/inspiration-page.ts:6:12:
[37m      6 │   imports: [[32mReferenceCollection[37m, RouterLink],
        ╵             [32m~~~~~~~~~~~~~~~~~~~[0m


[31mX [41;31m[[41;97mERROR[41;31m][0m [1mTS2591: Cannot find name 'domain'. Do you need to install type definitions for node? Try `npm i --save-dev @types/node` and then add 'node' to the types field in your tsconfig.[0m [1m[35m[plugin angular-compiler][0m

    projects/loupe/src/app/pages/my-work/my-work.ts:2:37:
[37m      2 │ import { PhotographCollection } from [32m'domain'[37m;
        ╵                                      [32m~~~~~~~~[0m


[31mX [41;31m[[41;97mERROR[41;31m][0m [1mNG1010: 'imports' must be an array of components, directives, pipes, or NgModules.
  Value could not be determined statically.[0m [1m[35m[plugin angular-compiler][0m

    projects/loupe/src/app/pages/my-work/my-work.ts:7:12:
[37m      7 │   imports: [[32mPhotographCollection[37m, RouterLink],
        ╵             [32m~~~~~~~~~~~~~~~~~~~~[0m

  Unknown reference.

    projects/loupe/src/app/pages/my-work/my-work.ts:7:12:
[37m      7 │   imports: [[32mPhotographCollection[37m, RouterLink],
        ╵             [32m~~~~~~~~~~~~~~~~~~~~[0m


[31mX [41;31m[[41;97mERROR[41;31m][0m [1mTS2591: Cannot find name 'domain'. Do you need to install type definitions for node? Try `npm i --save-dev @types/node` and then add 'node' to the types field in your tsconfig.[0m [1m[35m[plugin angular-compiler][0m

    projects/loupe/src/app/pages/photograph-detail/photograph-detail-page.ts:4:33:
[37m      4 │ import { PhotographDetail } from [32m'domain'[37m;
        ╵                                  [32m~~~~~~~~[0m


[31mX [41;31m[[41;97mERROR[41;31m][0m [1mNG1010: 'imports' must be an array of components, directives, pipes, or NgModules.
  Value could not be determined statically.[0m [1m[35m[plugin angular-compiler][0m

    projects/loupe/src/app/pages/photograph-detail/photograph-detail-page.ts:11:24:
[37m      11 │   imports: [RouterLink, [32mPhotographDetail[37m, UnsavedChanges, DeletePh...
         ╵                         [32m~~~~~~~~~~~~~~~~[0m

  Unknown reference.

    projects/loupe/src/app/pages/photograph-detail/photograph-detail-page.ts:11:24:
[37m      11 │   imports: [RouterLink, [32mPhotographDetail[37m, UnsavedChanges, DeletePh...
         ╵                         [32m~~~~~~~~~~~~~~~~[0m


[31mX [41;31m[[41;97mERROR[41;31m][0m [1mTS2339: Property 'dirty' does not exist on type '{}'.[0m [1m[35m[plugin angular-compiler][0m

    projects/loupe/src/app/pages/photograph-detail/photograph-detail-page.ts:24:70:
[37m      24 │ ...uted(() => !this.deletion() && (this.detail()?.[32mdirty[37m() ?? false));
         ╵                                                   [32m~~~~~[0m


[31mX [41;31m[[41;97mERROR[41;31m][0m [1mTS2339: Property 'followCritique' does not exist on type '{}'.[0m [1m[35m[plugin angular-compiler][0m

    projects/loupe/src/app/pages/photograph-detail/photograph-detail-page.ts:29:19:
[37m      29 │     this.detail()?.[32mfollowCritique[37m(operation);
         ╵                    [32m~~~~~~~~~~~~~~[0m


[31mX [41;31m[[41;97mERROR[41;31m][0m [1mTS2339: Property 'photo' does not exist on type '{}'.[0m [1m[35m[plugin angular-compiler][0m

    projects/loupe/src/app/pages/photograph-detail/photograph-detail-page.ts:32:47:
[37m      32 │     if (photo.id === this.id()) this.detail()?.[32mphoto[37m.set(photo);
         ╵                                                [32m~~~~~[0m


[31mX [41;31m[[41;97mERROR[41;31m][0m [1mTS2591: Cannot find name 'domain'. Do you need to install type definitions for node? Try `npm i --save-dev @types/node` and then add 'node' to the types field in your tsconfig.[0m [1m[35m[plugin angular-compiler][0m

    projects/loupe/src/app/pages/photograph-upload/photograph-upload-page.ts:3:50:
[37m      3 │ import { PhotographUpload, RequestCritique } from [32m'domain'[37m;
        ╵                                                   [32m~~~~~~~~[0m


[31mX [41;31m[[41;97mERROR[41;31m][0m [1mNG1010: 'imports' must be an array of components, directives, pipes, or NgModules.
  Value could not be determined statically.[0m [1m[35m[plugin angular-compiler][0m

    projects/loupe/src/app/pages/photograph-upload/photograph-upload-page.ts:9:24:
[37m      9 │   imports: [RouterLink, [32mPhotographUpload[37m, UnsavedChanges, RequestCr...
        ╵                         [32m~~~~~~~~~~~~~~~~[0m

  Unknown reference.

    projects/loupe/src/app/pages/photograph-upload/photograph-upload-page.ts:9:24:
[37m      9 │   imports: [RouterLink, [32mPhotographUpload[37m, UnsavedChanges, RequestCr...
        ╵                         [32m~~~~~~~~~~~~~~~~[0m


[31mX [41;31m[[41;97mERROR[41;31m][0m [1mNG1010: 'imports' must be an array of components, directives, pipes, or NgModules.
  Value could not be determined statically.[0m [1m[35m[plugin angular-compiler][0m

    projects/loupe/src/app/pages/photograph-upload/photograph-upload-page.ts:9:58:
[37m      9 │ ...s: [RouterLink, PhotographUpload, UnsavedChanges, [32mRequestCritique[37m],
        ╵                                                      [32m~~~~~~~~~~~~~~~[0m

  Unknown reference.

    projects/loupe/src/app/pages/photograph-upload/photograph-upload-page.ts:9:58:
[37m      9 │ ...s: [RouterLink, PhotographUpload, UnsavedChanges, [32mRequestCritique[37m],
        ╵                                                      [32m~~~~~~~~~~~~~~~[0m


[31mX [41;31m[[41;97mERROR[41;31m][0m [1mTS2339: Property 'dirty' does not exist on type '{}'.[0m [1m[35m[plugin angular-compiler][0m

    projects/loupe/src/app/pages/photograph-upload/photograph-upload-page.ts:19:38:
[37m      19 │   readonly dirty = () => this.form()?.[32mdirty[37m() ?? false;
         ╵                                       [32m~~~~~[0m


[31mX [41;31m[[41;97mERROR[41;31m][0m [1mTS2339: Property 'dirty' does not exist on type '{}'.[0m [1m[35m[plugin angular-compiler][0m

    projects/loupe/src/app/pages/photograph-upload/photograph-upload-page.ts:21:47:
[37m      21 │     return this.dialog().canLeave(this.form()?.[32mdirty[37m() ?? false);
         ╵                                                [32m~~~~~[0m


[31mX [41;31m[[41;97mERROR[41;31m][0m [1mTS2339: Property 'requestCritique' does not exist on type '{}'.[0m [1m[35m[plugin angular-compiler][0m

    projects/loupe/src/app/pages/photograph-upload/photograph-upload-page.ts:24:21:
[37m      24 │     if (this.form()?.[32mrequestCritique[37m()) {
         ╵                      [32m~~~~~~~~~~~~~~~[0m


[31mX [41;31m[[41;97mERROR[41;31m][0m [1mTS2591: Cannot find name 'domain'. Do you need to install type definitions for node? Try `npm i --save-dev @types/node` and then add 'node' to the types field in your tsconfig.[0m [1m[35m[plugin angular-compiler][0m

    projects/loupe/src/app/pages/reference-detail/reference-detail-page.ts:4:37:
[37m      4 │ import { ReferenceDetailPanel } from [32m'domain'[37m;
        ╵                                      [32m~~~~~~~~[0m


[31mX [41;31m[[41;97mERROR[41;31m][0m [1mNG1010: 'imports' must be an array of components, directives, pipes, or NgModules.
  Value could not be determined statically.[0m [1m[35m[plugin angular-compiler][0m

    projects/loupe/src/app/pages/reference-detail/reference-detail-page.ts:7:24:
[37m      7 │   imports: [RouterLink, [32mReferenceDetailPanel[37m, UnsavedChanges],
        ╵                         [32m~~~~~~~~~~~~~~~~~~~~[0m

  Unknown reference.

    projects/loupe/src/app/pages/reference-detail/reference-detail-page.ts:7:24:
[37m      7 │   imports: [RouterLink, [32mReferenceDetailPanel[37m, UnsavedChanges],
        ╵                         [32m~~~~~~~~~~~~~~~~~~~~[0m


[31mX [41;31m[[41;97mERROR[41;31m][0m [1mTS2339: Property 'dirty' does not exist on type '{}'.[0m [1m[35m[plugin angular-compiler][0m

    projects/loupe/src/app/pages/reference-detail/reference-detail-page.ts:14:40:
[37m      14 │   readonly dirty = () => this.detail()?.[32mdirty[37m() ?? false;
         ╵                                         [32m~~~~~[0m


[31mX [41;31m[[41;97mERROR[41;31m][0m [1mTS2591: Cannot find name 'domain'. Do you need to install type definitions for node? Try `npm i --save-dev @types/node` and then add 'node' to the types field in your tsconfig.[0m [1m[35m[plugin angular-compiler][0m

    projects/loupe/src/app/pages/reference-link/reference-link-page.ts:3:35:
[37m      3 │ import { ReferenceLinkPanel } from [32m'domain'[37m;
        ╵                                    [32m~~~~~~~~[0m


[31mX [41;31m[[41;97mERROR[41;31m][0m [1mNG1010: 'imports' must be an array of components, directives, pipes, or NgModules.
  Value could not be determined statically.[0m [1m[35m[plugin angular-compiler][0m

    projects/loupe/src/app/pages/reference-link/reference-link-page.ts:9:24:
[37m      9 │   imports: [RouterLink, [32mReferenceLinkPanel[37m, UnsavedChanges],
        ╵                         [32m~~~~~~~~~~~~~~~~~~[0m

  Unknown reference.

    projects/loupe/src/app/pages/reference-link/reference-link-page.ts:9:24:
[37m      9 │   imports: [RouterLink, [32mReferenceLinkPanel[37m, UnsavedChanges],
        ╵                         [32m~~~~~~~~~~~~~~~~~~[0m


[31mX [41;31m[[41;97mERROR[41;31m][0m [1mTS2339: Property 'dirty' does not exist on type '{}'.[0m [1m[35m[plugin angular-compiler][0m

    projects/loupe/src/app/pages/reference-link/reference-link-page.ts:17:38:
[37m      17 │   readonly dirty = () => this.form()?.[32mdirty[37m() ?? false;
         ╵                                       [32m~~~~~[0m


[31mX [41;31m[[41;97mERROR[41;31m][0m [1mTS2591: Cannot find name 'domain'. Do you need to install type definitions for node? Try `npm i --save-dev @types/node` and then add 'node' to the types field in your tsconfig.[0m [1m[35m[plugin angular-compiler][0m

    projects/loupe/src/app/pages/reference-upload/reference-upload-page.ts:3:36:
[37m      3 │ import { ReferenceImagePanel } from [32m'domain'[37m;
        ╵                                     [32m~~~~~~~~[0m


[31mX [41;31m[[41;97mERROR[41;31m][0m [1mNG1010: 'imports' must be an array of components, directives, pipes, or NgModules.
  Value could not be determined statically.[0m [1m[35m[plugin angular-compiler][0m

    projects/loupe/src/app/pages/reference-upload/reference-upload-page.ts:9:24:
[37m      9 │   imports: [RouterLink, [32mReferenceImagePanel[37m, UnsavedChanges],
        ╵                         [32m~~~~~~~~~~~~~~~~~~~[0m

  Unknown reference.

    projects/loupe/src/app/pages/reference-upload/reference-upload-page.ts:9:24:
[37m      9 │   imports: [RouterLink, [32mReferenceImagePanel[37m, UnsavedChanges],
        ╵                         [32m~~~~~~~~~~~~~~~~~~~[0m


[31mX [41;31m[[41;97mERROR[41;31m][0m [1mTS2339: Property 'dirty' does not exist on type '{}'.[0m [1m[35m[plugin angular-compiler][0m

    projects/loupe/src/app/pages/reference-upload/reference-upload-page.ts:17:38:
[37m      17 │   readonly dirty = () => this.form()?.[32mdirty[37m() ?? false;
         ╵                                       [32m~~~~~[0m


❯ Changes detected. Rebuilding...
✔ Changes detected. Rebuilding...
Application bundle generation failed. [0.001 seconds] - 2026-09-08T21:48:48.158Z

[31mX [41;31m[[41;97mERROR[41;31m][0m [1mTS2591: Cannot find name 'domain'. Do you need to install type definitions for node? Try `npm i --save-dev @types/node` and then add 'node' to the types field in your tsconfig.[0m [1m[35m[plugin angular-compiler][0m

    projects/loupe/src/app/dialogs/regenerate-critique/regenerate-critique.ts:3:32:
[37m      3 │ import { RequestCritique } from [32m'domain'[37m;
        ╵                                 [32m~~~~~~~~[0m


[31mX [41;31m[[41;97mERROR[41;31m][0m [1mNG1010: 'imports' must be an array of components, directives, pipes, or NgModules.
  Value could not be determined statically.[0m [1m[35m[plugin angular-compiler][0m

    projects/loupe/src/app/dialogs/regenerate-critique/regenerate-critique.ts:7:12:
[37m      7 │   imports: [[32mRequestCritique[37m],
        ╵             [32m~~~~~~~~~~~~~~~[0m

  Unknown reference.

    projects/loupe/src/app/dialogs/regenerate-critique/regenerate-critique.ts:7:12:
[37m      7 │   imports: [[32mRequestCritique[37m],
        ╵             [32m~~~~~~~~~~~~~~~[0m


[31mX [41;31m[[41;97mERROR[41;31m][0m [1mTS2339: Property 'busy' does not exist on type '{}'.[0m [1m[35m[plugin angular-compiler][0m

    projects/loupe/src/app/dialogs/regenerate-critique/regenerate-critique.ts:17:52:
[37m      17 │ ...uted(() => !!(this.request()?.[32mbusy[37m() || this.request()?.reviewi...
         ╵                                  [32m~~~~[0m


[31mX [41;31m[[41;97mERROR[41;31m][0m [1mTS2339: Property 'reviewing' does not exist on type '{}'.[0m [1m[35m[plugin angular-compiler][0m

    projects/loupe/src/app/dialogs/regenerate-critique/regenerate-critique.ts:17:78:
[37m      17 │ ...(() => !!(this.request()?.busy() || this.request()?.[32mreviewing[37m()));
         ╵                                                        [32m~~~~~~~~~[0m


[31mX [41;31m[[41;97mERROR[41;31m][0m [1mTS2591: Cannot find name 'domain'. Do you need to install type definitions for node? Try `npm i --save-dev @types/node` and then add 'node' to the types field in your tsconfig.[0m [1m[35m[plugin angular-compiler][0m

    projects/loupe/src/app/dialogs/replace-attempt/replace-attempt.ts:2:30:
[37m      2 │ import { AttemptPicker } from [32m'domain'[37m;
        ╵                               [32m~~~~~~~~[0m


[31mX [41;31m[[41;97mERROR[41;31m][0m [1mNG1010: 'imports' must be an array of components, directives, pipes, or NgModules.
  Value could not be determined statically.[0m [1m[35m[plugin angular-compiler][0m

    projects/loupe/src/app/dialogs/replace-attempt/replace-attempt.ts:6:12:
[37m      6 │   imports: [[32mAttemptPicker[37m],
        ╵             [32m~~~~~~~~~~~~~[0m

  Unknown reference.

    projects/loupe/src/app/dialogs/replace-attempt/replace-attempt.ts:6:12:
[37m      6 │   imports: [[32mAttemptPicker[37m],
        ╵             [32m~~~~~~~~~~~~~[0m


[31mX [41;31m[[41;97mERROR[41;31m][0m [1mTS2591: Cannot find name 'domain'. Do you need to install type definitions for node? Try `npm i --save-dev @types/node` and then add 'node' to the types field in your tsconfig.[0m [1m[35m[plugin angular-compiler][0m

    projects/loupe/src/app/pages/compare/compare-page.ts:3:49:
[37m      3 │ import { AttemptComparison, AttemptPicker } from [32m'domain'[37m;
        ╵                                                  [32m~~~~~~~~[0m


[31mX [41;31m[[41;97mERROR[41;31m][0m [1mNG1010: 'imports' must be an array of components, directives, pipes, or NgModules.
  Value could not be determined statically.[0m [1m[35m[plugin angular-compiler][0m

    projects/loupe/src/app/pages/compare/compare-page.ts:8:24:
[37m      8 │   imports: [RouterLink, [32mAttemptComparison[37m, AttemptPicker, ReplaceAt...
        ╵                         [32m~~~~~~~~~~~~~~~~~[0m

  Unknown reference.

    projects/loupe/src/app/pages/compare/compare-page.ts:8:24:
[37m      8 │   imports: [RouterLink, [32mAttemptComparison[37m, AttemptPicker, ReplaceAt...
        ╵                         [32m~~~~~~~~~~~~~~~~~[0m


[31mX [41;31m[[41;97mERROR[41;31m][0m [1mNG1010: 'imports' must be an array of components, directives, pipes, or NgModules.
  Value could not be determined statically.[0m [1m[35m[plugin angular-compiler][0m

    projects/loupe/src/app/pages/compare/compare-page.ts:8:43:
[37m      8 │ ...ts: [RouterLink, AttemptComparison, [32mAttemptPicker[37m, ReplaceAttempt],
        ╵                                        [32m~~~~~~~~~~~~~[0m

  Unknown reference.

    projects/loupe/src/app/pages/compare/compare-page.ts:8:43:
[37m      8 │ ...ts: [RouterLink, AttemptComparison, [32mAttemptPicker[37m, ReplaceAttempt],
        ╵                                        [32m~~~~~~~~~~~~~[0m


[31mX [41;31m[[41;97mERROR[41;31m][0m [1mTS2591: Cannot find name 'domain'. Do you need to install type definitions for node? Try `npm i --save-dev @types/node` and then add 'node' to the types field in your tsconfig.[0m [1m[35m[plugin angular-compiler][0m

    projects/loupe/src/app/pages/deletion/deletion-page.ts:3:31:
[37m      3 │ import { DeletionStatus } from [32m'domain'[37m;
        ╵                                [32m~~~~~~~~[0m


[31mX [41;31m[[41;97mERROR[41;31m][0m [1mNG1010: 'imports' must be an array of components, directives, pipes, or NgModules.
  Value could not be determined statically.[0m [1m[35m[plugin angular-compiler][0m

    projects/loupe/src/app/pages/deletion/deletion-page.ts:7:24:
[37m      7 │   imports: [RouterLink, [32mDeletionStatus[37m],
        ╵                         [32m~~~~~~~~~~~~~~[0m

  Unknown reference.

    projects/loupe/src/app/pages/deletion/deletion-page.ts:7:24:
[37m      7 │   imports: [RouterLink, [32mDeletionStatus[37m],
        ╵                         [32m~~~~~~~~~~~~~~[0m


[31mX [41;31m[[41;97mERROR[41;31m][0m [1mTS2591: Cannot find name 'domain'. Do you need to install type definitions for node? Try `npm i --save-dev @types/node` and then add 'node' to the types field in your tsconfig.[0m [1m[35m[plugin angular-compiler][0m

    projects/loupe/src/app/pages/inspiration/inspiration-page.ts:3:36:
[37m      3 │ import { ReferenceCollection } from [32m'domain'[37m;
        ╵                                     [32m~~~~~~~~[0m


[31mX [41;31m[[41;97mERROR[41;31m][0m [1mNG1010: 'imports' must be an array of components, directives, pipes, or NgModules.
  Value could not be determined statically.[0m [1m[35m[plugin angular-compiler][0m

    projects/loupe/src/app/pages/inspiration/inspiration-page.ts:6:12:
[37m      6 │   imports: [[32mReferenceCollection[37m, RouterLink],
        ╵             [32m~~~~~~~~~~~~~~~~~~~[0m

  Unknown reference.

    projects/loupe/src/app/pages/inspiration/inspiration-page.ts:6:12:
[37m      6 │   imports: [[32mReferenceCollection[37m, RouterLink],
        ╵             [32m~~~~~~~~~~~~~~~~~~~[0m


[31mX [41;31m[[41;97mERROR[41;31m][0m [1mTS2591: Cannot find name 'domain'. Do you need to install type definitions for node? Try `npm i --save-dev @types/node` and then add 'node' to the types field in your tsconfig.[0m [1m[35m[plugin angular-compiler][0m

    projects/loupe/src/app/pages/my-work/my-work.ts:2:37:
[37m      2 │ import { PhotographCollection } from [32m'domain'[37m;
        ╵                                      [32m~~~~~~~~[0m


[31mX [41;31m[[41;97mERROR[41;31m][0m [1mNG1010: 'imports' must be an array of components, directives, pipes, or NgModules.
  Value could not be determined statically.[0m [1m[35m[plugin angular-compiler][0m

    projects/loupe/src/app/pages/my-work/my-work.ts:7:12:
[37m      7 │   imports: [[32mPhotographCollection[37m, RouterLink],
        ╵             [32m~~~~~~~~~~~~~~~~~~~~[0m

  Unknown reference.

    projects/loupe/src/app/pages/my-work/my-work.ts:7:12:
[37m      7 │   imports: [[32mPhotographCollection[37m, RouterLink],
        ╵             [32m~~~~~~~~~~~~~~~~~~~~[0m


[31mX [41;31m[[41;97mERROR[41;31m][0m [1mTS2591: Cannot find name 'domain'. Do you need to install type definitions for node? Try `npm i --save-dev @types/node` and then add 'node' to the types field in your tsconfig.[0m [1m[35m[plugin angular-compiler][0m

    projects/loupe/src/app/pages/photograph-detail/photograph-detail-page.ts:4:33:
[37m      4 │ import { PhotographDetail } from [32m'domain'[37m;
        ╵                                  [32m~~~~~~~~[0m


[31mX [41;31m[[41;97mERROR[41;31m][0m [1mNG1010: 'imports' must be an array of components, directives, pipes, or NgModules.
  Value could not be determined statically.[0m [1m[35m[plugin angular-compiler][0m

    projects/loupe/src/app/pages/photograph-detail/photograph-detail-page.ts:11:24:
[37m      11 │   imports: [RouterLink, [32mPhotographDetail[37m, UnsavedChanges, DeletePh...
         ╵                         [32m~~~~~~~~~~~~~~~~[0m

  Unknown reference.

    projects/loupe/src/app/pages/photograph-detail/photograph-detail-page.ts:11:24:
[37m      11 │   imports: [RouterLink, [32mPhotographDetail[37m, UnsavedChanges, DeletePh...
         ╵                         [32m~~~~~~~~~~~~~~~~[0m


[31mX [41;31m[[41;97mERROR[41;31m][0m [1mTS2339: Property 'dirty' does not exist on type '{}'.[0m [1m[35m[plugin angular-compiler][0m

    projects/loupe/src/app/pages/photograph-detail/photograph-detail-page.ts:24:70:
[37m      24 │ ...uted(() => !this.deletion() && (this.detail()?.[32mdirty[37m() ?? false));
         ╵                                                   [32m~~~~~[0m


[31mX [41;31m[[41;97mERROR[41;31m][0m [1mTS2339: Property 'followCritique' does not exist on type '{}'.[0m [1m[35m[plugin angular-compiler][0m

    projects/loupe/src/app/pages/photograph-detail/photograph-detail-page.ts:29:19:
[37m      29 │     this.detail()?.[32mfollowCritique[37m(operation);
         ╵                    [32m~~~~~~~~~~~~~~[0m


[31mX [41;31m[[41;97mERROR[41;31m][0m [1mTS2339: Property 'photo' does not exist on type '{}'.[0m [1m[35m[plugin angular-compiler][0m

    projects/loupe/src/app/pages/photograph-detail/photograph-detail-page.ts:32:47:
[37m      32 │     if (photo.id === this.id()) this.detail()?.[32mphoto[37m.set(photo);
         ╵                                                [32m~~~~~[0m


[31mX [41;31m[[41;97mERROR[41;31m][0m [1mTS2591: Cannot find name 'domain'. Do you need to install type definitions for node? Try `npm i --save-dev @types/node` and then add 'node' to the types field in your tsconfig.[0m [1m[35m[plugin angular-compiler][0m

    projects/loupe/src/app/pages/photograph-upload/photograph-upload-page.ts:3:50:
[37m      3 │ import { PhotographUpload, RequestCritique } from [32m'domain'[37m;
        ╵                                                   [32m~~~~~~~~[0m


[31mX [41;31m[[41;97mERROR[41;31m][0m [1mNG1010: 'imports' must be an array of components, directives, pipes, or NgModules.
  Value could not be determined statically.[0m [1m[35m[plugin angular-compiler][0m

    projects/loupe/src/app/pages/photograph-upload/photograph-upload-page.ts:9:24:
[37m      9 │   imports: [RouterLink, [32mPhotographUpload[37m, UnsavedChanges, RequestCr...
        ╵                         [32m~~~~~~~~~~~~~~~~[0m

  Unknown reference.

    projects/loupe/src/app/pages/photograph-upload/photograph-upload-page.ts:9:24:
[37m      9 │   imports: [RouterLink, [32mPhotographUpload[37m, UnsavedChanges, RequestCr...
        ╵                         [32m~~~~~~~~~~~~~~~~[0m


[31mX [41;31m[[41;97mERROR[41;31m][0m [1mNG1010: 'imports' must be an array of components, directives, pipes, or NgModules.
  Value could not be determined statically.[0m [1m[35m[plugin angular-compiler][0m

    projects/loupe/src/app/pages/photograph-upload/photograph-upload-page.ts:9:58:
[37m      9 │ ...s: [RouterLink, PhotographUpload, UnsavedChanges, [32mRequestCritique[37m],
        ╵                                                      [32m~~~~~~~~~~~~~~~[0m

  Unknown reference.

    projects/loupe/src/app/pages/photograph-upload/photograph-upload-page.ts:9:58:
[37m      9 │ ...s: [RouterLink, PhotographUpload, UnsavedChanges, [32mRequestCritique[37m],
        ╵                                                      [32m~~~~~~~~~~~~~~~[0m


[31mX [41;31m[[41;97mERROR[41;31m][0m [1mTS2339: Property 'dirty' does not exist on type '{}'.[0m [1m[35m[plugin angular-compiler][0m

    projects/loupe/src/app/pages/photograph-upload/photograph-upload-page.ts:19:38:
[37m      19 │   readonly dirty = () => this.form()?.[32mdirty[37m() ?? false;
         ╵                                       [32m~~~~~[0m


[31mX [41;31m[[41;97mERROR[41;31m][0m [1mTS2339: Property 'dirty' does not exist on type '{}'.[0m [1m[35m[plugin angular-compiler][0m

    projects/loupe/src/app/pages/photograph-upload/photograph-upload-page.ts:21:47:
[37m      21 │     return this.dialog().canLeave(this.form()?.[32mdirty[37m() ?? false);
         ╵                                                [32m~~~~~[0m


[31mX [41;31m[[41;97mERROR[41;31m][0m [1mTS2339: Property 'requestCritique' does not exist on type '{}'.[0m [1m[35m[plugin angular-compiler][0m

    projects/loupe/src/app/pages/photograph-upload/photograph-upload-page.ts:24:21:
[37m      24 │     if (this.form()?.[32mrequestCritique[37m()) {
         ╵                      [32m~~~~~~~~~~~~~~~[0m


[31mX [41;31m[[41;97mERROR[41;31m][0m [1mTS2591: Cannot find name 'domain'. Do you need to install type definitions for node? Try `npm i --save-dev @types/node` and then add 'node' to the types field in your tsconfig.[0m [1m[35m[plugin angular-compiler][0m

    projects/loupe/src/app/pages/reference-detail/reference-detail-page.ts:4:37:
[37m      4 │ import { ReferenceDetailPanel } from [32m'domain'[37m;
        ╵                                      [32m~~~~~~~~[0m


[31mX [41;31m[[41;97mERROR[41;31m][0m [1mNG1010: 'imports' must be an array of components, directives, pipes, or NgModules.
  Value could not be determined statically.[0m [1m[35m[plugin angular-compiler][0m

    projects/loupe/src/app/pages/reference-detail/reference-detail-page.ts:7:24:
[37m      7 │   imports: [RouterLink, [32mReferenceDetailPanel[37m, UnsavedChanges],
        ╵                         [32m~~~~~~~~~~~~~~~~~~~~[0m

  Unknown reference.

    projects/loupe/src/app/pages/reference-detail/reference-detail-page.ts:7:24:
[37m      7 │   imports: [RouterLink, [32mReferenceDetailPanel[37m, UnsavedChanges],
        ╵                         [32m~~~~~~~~~~~~~~~~~~~~[0m


[31mX [41;31m[[41;97mERROR[41;31m][0m [1mTS2339: Property 'dirty' does not exist on type '{}'.[0m [1m[35m[plugin angular-compiler][0m

    projects/loupe/src/app/pages/reference-detail/reference-detail-page.ts:14:40:
[37m      14 │   readonly dirty = () => this.detail()?.[32mdirty[37m() ?? false;
         ╵                                         [32m~~~~~[0m


[31mX [41;31m[[41;97mERROR[41;31m][0m [1mTS2591: Cannot find name 'domain'. Do you need to install type definitions for node? Try `npm i --save-dev @types/node` and then add 'node' to the types field in your tsconfig.[0m [1m[35m[plugin angular-compiler][0m

    projects/loupe/src/app/pages/reference-link/reference-link-page.ts:3:35:
[37m      3 │ import { ReferenceLinkPanel } from [32m'domain'[37m;
        ╵                                    [32m~~~~~~~~[0m


[31mX [41;31m[[41;97mERROR[41;31m][0m [1mNG1010: 'imports' must be an array of components, directives, pipes, or NgModules.
  Value could not be determined statically.[0m [1m[35m[plugin angular-compiler][0m

    projects/loupe/src/app/pages/reference-link/reference-link-page.ts:9:24:
[37m      9 │   imports: [RouterLink, [32mReferenceLinkPanel[37m, UnsavedChanges],
        ╵                         [32m~~~~~~~~~~~~~~~~~~[0m

  Unknown reference.

    projects/loupe/src/app/pages/reference-link/reference-link-page.ts:9:24:
[37m      9 │   imports: [RouterLink, [32mReferenceLinkPanel[37m, UnsavedChanges],
        ╵                         [32m~~~~~~~~~~~~~~~~~~[0m


[31mX [41;31m[[41;97mERROR[41;31m][0m [1mTS2339: Property 'dirty' does not exist on type '{}'.[0m [1m[35m[plugin angular-compiler][0m

    projects/loupe/src/app/pages/reference-link/reference-link-page.ts:17:38:
[37m      17 │   readonly dirty = () => this.form()?.[32mdirty[37m() ?? false;
         ╵                                       [32m~~~~~[0m


[31mX [41;31m[[41;97mERROR[41;31m][0m [1mTS2591: Cannot find name 'domain'. Do you need to install type definitions for node? Try `npm i --save-dev @types/node` and then add 'node' to the types field in your tsconfig.[0m [1m[35m[plugin angular-compiler][0m

    projects/loupe/src/app/pages/reference-upload/reference-upload-page.ts:3:36:
[37m      3 │ import { ReferenceImagePanel } from [32m'domain'[37m;
        ╵                                     [32m~~~~~~~~[0m


[31mX [41;31m[[41;97mERROR[41;31m][0m [1mNG1010: 'imports' must be an array of components, directives, pipes, or NgModules.
  Value could not be determined statically.[0m [1m[35m[plugin angular-compiler][0m

    projects/loupe/src/app/pages/reference-upload/reference-upload-page.ts:9:24:
[37m      9 │   imports: [RouterLink, [32mReferenceImagePanel[37m, UnsavedChanges],
        ╵                         [32m~~~~~~~~~~~~~~~~~~~[0m

  Unknown reference.

    projects/loupe/src/app/pages/reference-upload/reference-upload-page.ts:9:24:
[37m      9 │   imports: [RouterLink, [32mReferenceImagePanel[37m, UnsavedChanges],
        ╵                         [32m~~~~~~~~~~~~~~~~~~~[0m


[31mX [41;31m[[41;97mERROR[41;31m][0m [1mTS2339: Property 'dirty' does not exist on type '{}'.[0m [1m[35m[plugin angular-compiler][0m

    projects/loupe/src/app/pages/reference-upload/reference-upload-page.ts:17:38:
[37m      17 │   readonly dirty = () => this.form()?.[32mdirty[37m() ?? false;
         ╵                                       [32m~~~~~[0m


❯ Changes detected. Rebuilding...
✔ Changes detected. Rebuilding...
Application bundle generation failed. [0.002 seconds] - 2026-09-08T21:50:39.892Z

[31mX [41;31m[[41;97mERROR[41;31m][0m [1mTS2591: Cannot find name 'domain'. Do you need to install type definitions for node? Try `npm i --save-dev @types/node` and then add 'node' to the types field in your tsconfig.[0m [1m[35m[plugin angular-compiler][0m

    projects/loupe/src/app/dialogs/regenerate-critique/regenerate-critique.ts:3:32:
[37m      3 │ import { RequestCritique } from [32m'domain'[37m;
        ╵                                 [32m~~~~~~~~[0m


[31mX [41;31m[[41;97mERROR[41;31m][0m [1mNG1010: 'imports' must be an array of components, directives, pipes, or NgModules.
  Value could not be determined statically.[0m [1m[35m[plugin angular-compiler][0m

    projects/loupe/src/app/dialogs/regenerate-critique/regenerate-critique.ts:7:12:
[37m      7 │   imports: [[32mRequestCritique[37m],
        ╵             [32m~~~~~~~~~~~~~~~[0m

  Unknown reference.

    projects/loupe/src/app/dialogs/regenerate-critique/regenerate-critique.ts:7:12:
[37m      7 │   imports: [[32mRequestCritique[37m],
        ╵             [32m~~~~~~~~~~~~~~~[0m


[31mX [41;31m[[41;97mERROR[41;31m][0m [1mTS2339: Property 'busy' does not exist on type '{}'.[0m [1m[35m[plugin angular-compiler][0m

    projects/loupe/src/app/dialogs/regenerate-critique/regenerate-critique.ts:17:52:
[37m      17 │ ...uted(() => !!(this.request()?.[32mbusy[37m() || this.request()?.reviewi...
         ╵                                  [32m~~~~[0m


[31mX [41;31m[[41;97mERROR[41;31m][0m [1mTS2339: Property 'reviewing' does not exist on type '{}'.[0m [1m[35m[plugin angular-compiler][0m

    projects/loupe/src/app/dialogs/regenerate-critique/regenerate-critique.ts:17:78:
[37m      17 │ ...(() => !!(this.request()?.busy() || this.request()?.[32mreviewing[37m()));
         ╵                                                        [32m~~~~~~~~~[0m


[31mX [41;31m[[41;97mERROR[41;31m][0m [1mTS2591: Cannot find name 'domain'. Do you need to install type definitions for node? Try `npm i --save-dev @types/node` and then add 'node' to the types field in your tsconfig.[0m [1m[35m[plugin angular-compiler][0m

    projects/loupe/src/app/dialogs/replace-attempt/replace-attempt.ts:2:30:
[37m      2 │ import { AttemptPicker } from [32m'domain'[37m;
        ╵                               [32m~~~~~~~~[0m


[31mX [41;31m[[41;97mERROR[41;31m][0m [1mNG1010: 'imports' must be an array of components, directives, pipes, or NgModules.
  Value could not be determined statically.[0m [1m[35m[plugin angular-compiler][0m

    projects/loupe/src/app/dialogs/replace-attempt/replace-attempt.ts:6:12:
[37m      6 │   imports: [[32mAttemptPicker[37m],
        ╵             [32m~~~~~~~~~~~~~[0m

  Unknown reference.

    projects/loupe/src/app/dialogs/replace-attempt/replace-attempt.ts:6:12:
[37m      6 │   imports: [[32mAttemptPicker[37m],
        ╵             [32m~~~~~~~~~~~~~[0m


[31mX [41;31m[[41;97mERROR[41;31m][0m [1mTS2591: Cannot find name 'domain'. Do you need to install type definitions for node? Try `npm i --save-dev @types/node` and then add 'node' to the types field in your tsconfig.[0m [1m[35m[plugin angular-compiler][0m

    projects/loupe/src/app/pages/compare/compare-page.ts:3:49:
[37m      3 │ import { AttemptComparison, AttemptPicker } from [32m'domain'[37m;
        ╵                                                  [32m~~~~~~~~[0m


[31mX [41;31m[[41;97mERROR[41;31m][0m [1mNG1010: 'imports' must be an array of components, directives, pipes, or NgModules.
  Value could not be determined statically.[0m [1m[35m[plugin angular-compiler][0m

    projects/loupe/src/app/pages/compare/compare-page.ts:8:24:
[37m      8 │   imports: [RouterLink, [32mAttemptComparison[37m, AttemptPicker, ReplaceAt...
        ╵                         [32m~~~~~~~~~~~~~~~~~[0m

  Unknown reference.

    projects/loupe/src/app/pages/compare/compare-page.ts:8:24:
[37m      8 │   imports: [RouterLink, [32mAttemptComparison[37m, AttemptPicker, ReplaceAt...
        ╵                         [32m~~~~~~~~~~~~~~~~~[0m


[31mX [41;31m[[41;97mERROR[41;31m][0m [1mNG1010: 'imports' must be an array of components, directives, pipes, or NgModules.
  Value could not be determined statically.[0m [1m[35m[plugin angular-compiler][0m

    projects/loupe/src/app/pages/compare/compare-page.ts:8:43:
[37m      8 │ ...ts: [RouterLink, AttemptComparison, [32mAttemptPicker[37m, ReplaceAttempt],
        ╵                                        [32m~~~~~~~~~~~~~[0m

  Unknown reference.

    projects/loupe/src/app/pages/compare/compare-page.ts:8:43:
[37m      8 │ ...ts: [RouterLink, AttemptComparison, [32mAttemptPicker[37m, ReplaceAttempt],
        ╵                                        [32m~~~~~~~~~~~~~[0m


[31mX [41;31m[[41;97mERROR[41;31m][0m [1mTS2591: Cannot find name 'domain'. Do you need to install type definitions for node? Try `npm i --save-dev @types/node` and then add 'node' to the types field in your tsconfig.[0m [1m[35m[plugin angular-compiler][0m

    projects/loupe/src/app/pages/deletion/deletion-page.ts:3:31:
[37m      3 │ import { DeletionStatus } from [32m'domain'[37m;
        ╵                                [32m~~~~~~~~[0m


[31mX [41;31m[[41;97mERROR[41;31m][0m [1mNG1010: 'imports' must be an array of components, directives, pipes, or NgModules.
  Value could not be determined statically.[0m [1m[35m[plugin angular-compiler][0m

    projects/loupe/src/app/pages/deletion/deletion-page.ts:7:24:
[37m      7 │   imports: [RouterLink, [32mDeletionStatus[37m],
        ╵                         [32m~~~~~~~~~~~~~~[0m

  Unknown reference.

    projects/loupe/src/app/pages/deletion/deletion-page.ts:7:24:
[37m      7 │   imports: [RouterLink, [32mDeletionStatus[37m],
        ╵                         [32m~~~~~~~~~~~~~~[0m


[31mX [41;31m[[41;97mERROR[41;31m][0m [1mTS2591: Cannot find name 'domain'. Do you need to install type definitions for node? Try `npm i --save-dev @types/node` and then add 'node' to the types field in your tsconfig.[0m [1m[35m[plugin angular-compiler][0m

    projects/loupe/src/app/pages/inspiration/inspiration-page.ts:3:36:
[37m      3 │ import { ReferenceCollection } from [32m'domain'[37m;
        ╵                                     [32m~~~~~~~~[0m


[31mX [41;31m[[41;97mERROR[41;31m][0m [1mNG1010: 'imports' must be an array of components, directives, pipes, or NgModules.
  Value could not be determined statically.[0m [1m[35m[plugin angular-compiler][0m

    projects/loupe/src/app/pages/inspiration/inspiration-page.ts:6:12:
[37m      6 │   imports: [[32mReferenceCollection[37m, RouterLink],
        ╵             [32m~~~~~~~~~~~~~~~~~~~[0m

  Unknown reference.

    projects/loupe/src/app/pages/inspiration/inspiration-page.ts:6:12:
[37m      6 │   imports: [[32mReferenceCollection[37m, RouterLink],
        ╵             [32m~~~~~~~~~~~~~~~~~~~[0m


[31mX [41;31m[[41;97mERROR[41;31m][0m [1mTS2591: Cannot find name 'domain'. Do you need to install type definitions for node? Try `npm i --save-dev @types/node` and then add 'node' to the types field in your tsconfig.[0m [1m[35m[plugin angular-compiler][0m

    projects/loupe/src/app/pages/my-work/my-work.ts:2:37:
[37m      2 │ import { PhotographCollection } from [32m'domain'[37m;
        ╵                                      [32m~~~~~~~~[0m


[31mX [41;31m[[41;97mERROR[41;31m][0m [1mNG1010: 'imports' must be an array of components, directives, pipes, or NgModules.
  Value could not be determined statically.[0m [1m[35m[plugin angular-compiler][0m

    projects/loupe/src/app/pages/my-work/my-work.ts:7:12:
[37m      7 │   imports: [[32mPhotographCollection[37m, RouterLink],
        ╵             [32m~~~~~~~~~~~~~~~~~~~~[0m

  Unknown reference.

    projects/loupe/src/app/pages/my-work/my-work.ts:7:12:
[37m      7 │   imports: [[32mPhotographCollection[37m, RouterLink],
        ╵             [32m~~~~~~~~~~~~~~~~~~~~[0m


[31mX [41;31m[[41;97mERROR[41;31m][0m [1mTS2591: Cannot find name 'domain'. Do you need to install type definitions for node? Try `npm i --save-dev @types/node` and then add 'node' to the types field in your tsconfig.[0m [1m[35m[plugin angular-compiler][0m

    projects/loupe/src/app/pages/photograph-detail/photograph-detail-page.ts:4:33:
[37m      4 │ import { PhotographDetail } from [32m'domain'[37m;
        ╵                                  [32m~~~~~~~~[0m


[31mX [41;31m[[41;97mERROR[41;31m][0m [1mNG1010: 'imports' must be an array of components, directives, pipes, or NgModules.
  Value could not be determined statically.[0m [1m[35m[plugin angular-compiler][0m

    projects/loupe/src/app/pages/photograph-detail/photograph-detail-page.ts:11:24:
[37m      11 │   imports: [RouterLink, [32mPhotographDetail[37m, UnsavedChanges, DeletePh...
         ╵                         [32m~~~~~~~~~~~~~~~~[0m

  Unknown reference.

    projects/loupe/src/app/pages/photograph-detail/photograph-detail-page.ts:11:24:
[37m      11 │   imports: [RouterLink, [32mPhotographDetail[37m, UnsavedChanges, DeletePh...
         ╵                         [32m~~~~~~~~~~~~~~~~[0m


[31mX [41;31m[[41;97mERROR[41;31m][0m [1mTS2339: Property 'dirty' does not exist on type '{}'.[0m [1m[35m[plugin angular-compiler][0m

    projects/loupe/src/app/pages/photograph-detail/photograph-detail-page.ts:24:70:
[37m      24 │ ...uted(() => !this.deletion() && (this.detail()?.[32mdirty[37m() ?? false));
         ╵                                                   [32m~~~~~[0m


[31mX [41;31m[[41;97mERROR[41;31m][0m [1mTS2339: Property 'followCritique' does not exist on type '{}'.[0m [1m[35m[plugin angular-compiler][0m

    projects/loupe/src/app/pages/photograph-detail/photograph-detail-page.ts:29:19:
[37m      29 │     this.detail()?.[32mfollowCritique[37m(operation);
         ╵                    [32m~~~~~~~~~~~~~~[0m


[31mX [41;31m[[41;97mERROR[41;31m][0m [1mTS2339: Property 'photo' does not exist on type '{}'.[0m [1m[35m[plugin angular-compiler][0m

    projects/loupe/src/app/pages/photograph-detail/photograph-detail-page.ts:32:47:
[37m      32 │     if (photo.id === this.id()) this.detail()?.[32mphoto[37m.set(photo);
         ╵                                                [32m~~~~~[0m


[31mX [41;31m[[41;97mERROR[41;31m][0m [1mTS2591: Cannot find name 'domain'. Do you need to install type definitions for node? Try `npm i --save-dev @types/node` and then add 'node' to the types field in your tsconfig.[0m [1m[35m[plugin angular-compiler][0m

    projects/loupe/src/app/pages/photograph-upload/photograph-upload-page.ts:3:50:
[37m      3 │ import { PhotographUpload, RequestCritique } from [32m'domain'[37m;
        ╵                                                   [32m~~~~~~~~[0m


[31mX [41;31m[[41;97mERROR[41;31m][0m [1mNG1010: 'imports' must be an array of components, directives, pipes, or NgModules.
  Value could not be determined statically.[0m [1m[35m[plugin angular-compiler][0m

    projects/loupe/src/app/pages/photograph-upload/photograph-upload-page.ts:9:24:
[37m      9 │   imports: [RouterLink, [32mPhotographUpload[37m, UnsavedChanges, RequestCr...
        ╵                         [32m~~~~~~~~~~~~~~~~[0m

  Unknown reference.

    projects/loupe/src/app/pages/photograph-upload/photograph-upload-page.ts:9:24:
[37m      9 │   imports: [RouterLink, [32mPhotographUpload[37m, UnsavedChanges, RequestCr...
        ╵                         [32m~~~~~~~~~~~~~~~~[0m


[31mX [41;31m[[41;97mERROR[41;31m][0m [1mNG1010: 'imports' must be an array of components, directives, pipes, or NgModules.
  Value could not be determined statically.[0m [1m[35m[plugin angular-compiler][0m

    projects/loupe/src/app/pages/photograph-upload/photograph-upload-page.ts:9:58:
[37m      9 │ ...s: [RouterLink, PhotographUpload, UnsavedChanges, [32mRequestCritique[37m],
        ╵                                                      [32m~~~~~~~~~~~~~~~[0m

  Unknown reference.

    projects/loupe/src/app/pages/photograph-upload/photograph-upload-page.ts:9:58:
[37m      9 │ ...s: [RouterLink, PhotographUpload, UnsavedChanges, [32mRequestCritique[37m],
        ╵                                                      [32m~~~~~~~~~~~~~~~[0m


[31mX [41;31m[[41;97mERROR[41;31m][0m [1mTS2339: Property 'dirty' does not exist on type '{}'.[0m [1m[35m[plugin angular-compiler][0m

    projects/loupe/src/app/pages/photograph-upload/photograph-upload-page.ts:19:38:
[37m      19 │   readonly dirty = () => this.form()?.[32mdirty[37m() ?? false;
         ╵                                       [32m~~~~~[0m


[31mX [41;31m[[41;97mERROR[41;31m][0m [1mTS2339: Property 'dirty' does not exist on type '{}'.[0m [1m[35m[plugin angular-compiler][0m

    projects/loupe/src/app/pages/photograph-upload/photograph-upload-page.ts:21:47:
[37m      21 │     return this.dialog().canLeave(this.form()?.[32mdirty[37m() ?? false);
         ╵                                                [32m~~~~~[0m


[31mX [41;31m[[41;97mERROR[41;31m][0m [1mTS2339: Property 'requestCritique' does not exist on type '{}'.[0m [1m[35m[plugin angular-compiler][0m

    projects/loupe/src/app/pages/photograph-upload/photograph-upload-page.ts:24:21:
[37m      24 │     if (this.form()?.[32mrequestCritique[37m()) {
         ╵                      [32m~~~~~~~~~~~~~~~[0m


[31mX [41;31m[[41;97mERROR[41;31m][0m [1mTS2591: Cannot find name 'domain'. Do you need to install type definitions for node? Try `npm i --save-dev @types/node` and then add 'node' to the types field in your tsconfig.[0m [1m[35m[plugin angular-compiler][0m

    projects/loupe/src/app/pages/reference-detail/reference-detail-page.ts:4:37:
[37m      4 │ import { ReferenceDetailPanel } from [32m'domain'[37m;
        ╵                                      [32m~~~~~~~~[0m


[31mX [41;31m[[41;97mERROR[41;31m][0m [1mNG1010: 'imports' must be an array of components, directives, pipes, or NgModules.
  Value could not be determined statically.[0m [1m[35m[plugin angular-compiler][0m

    projects/loupe/src/app/pages/reference-detail/reference-detail-page.ts:7:24:
[37m      7 │   imports: [RouterLink, [32mReferenceDetailPanel[37m, UnsavedChanges],
        ╵                         [32m~~~~~~~~~~~~~~~~~~~~[0m

  Unknown reference.

    projects/loupe/src/app/pages/reference-detail/reference-detail-page.ts:7:24:
[37m      7 │   imports: [RouterLink, [32mReferenceDetailPanel[37m, UnsavedChanges],
        ╵                         [32m~~~~~~~~~~~~~~~~~~~~[0m


[31mX [41;31m[[41;97mERROR[41;31m][0m [1mTS2339: Property 'dirty' does not exist on type '{}'.[0m [1m[35m[plugin angular-compiler][0m

    projects/loupe/src/app/pages/reference-detail/reference-detail-page.ts:14:40:
[37m      14 │   readonly dirty = () => this.detail()?.[32mdirty[37m() ?? false;
         ╵                                         [32m~~~~~[0m


[31mX [41;31m[[41;97mERROR[41;31m][0m [1mTS2591: Cannot find name 'domain'. Do you need to install type definitions for node? Try `npm i --save-dev @types/node` and then add 'node' to the types field in your tsconfig.[0m [1m[35m[plugin angular-compiler][0m

    projects/loupe/src/app/pages/reference-link/reference-link-page.ts:3:35:
[37m      3 │ import { ReferenceLinkPanel } from [32m'domain'[37m;
        ╵                                    [32m~~~~~~~~[0m


[31mX [41;31m[[41;97mERROR[41;31m][0m [1mNG1010: 'imports' must be an array of components, directives, pipes, or NgModules.
  Value could not be determined statically.[0m [1m[35m[plugin angular-compiler][0m

    projects/loupe/src/app/pages/reference-link/reference-link-page.ts:9:24:
[37m      9 │   imports: [RouterLink, [32mReferenceLinkPanel[37m, UnsavedChanges],
        ╵                         [32m~~~~~~~~~~~~~~~~~~[0m

  Unknown reference.

    projects/loupe/src/app/pages/reference-link/reference-link-page.ts:9:24:
[37m      9 │   imports: [RouterLink, [32mReferenceLinkPanel[37m, UnsavedChanges],
        ╵                         [32m~~~~~~~~~~~~~~~~~~[0m


[31mX [41;31m[[41;97mERROR[41;31m][0m [1mTS2339: Property 'dirty' does not exist on type '{}'.[0m [1m[35m[plugin angular-compiler][0m

    projects/loupe/src/app/pages/reference-link/reference-link-page.ts:17:38:
[37m      17 │   readonly dirty = () => this.form()?.[32mdirty[37m() ?? false;
         ╵                                       [32m~~~~~[0m


[31mX [41;31m[[41;97mERROR[41;31m][0m [1mTS2591: Cannot find name 'domain'. Do you need to install type definitions for node? Try `npm i --save-dev @types/node` and then add 'node' to the types field in your tsconfig.[0m [1m[35m[plugin angular-compiler][0m

    projects/loupe/src/app/pages/reference-upload/reference-upload-page.ts:3:36:
[37m      3 │ import { ReferenceImagePanel } from [32m'domain'[37m;
        ╵                                     [32m~~~~~~~~[0m


[31mX [41;31m[[41;97mERROR[41;31m][0m [1mNG1010: 'imports' must be an array of components, directives, pipes, or NgModules.
  Value could not be determined statically.[0m [1m[35m[plugin angular-compiler][0m

    projects/loupe/src/app/pages/reference-upload/reference-upload-page.ts:9:24:
[37m      9 │   imports: [RouterLink, [32mReferenceImagePanel[37m, UnsavedChanges],
        ╵                         [32m~~~~~~~~~~~~~~~~~~~[0m

  Unknown reference.

    projects/loupe/src/app/pages/reference-upload/reference-upload-page.ts:9:24:
[37m      9 │   imports: [RouterLink, [32mReferenceImagePanel[37m, UnsavedChanges],
        ╵                         [32m~~~~~~~~~~~~~~~~~~~[0m


[31mX [41;31m[[41;97mERROR[41;31m][0m [1mTS2339: Property 'dirty' does not exist on type '{}'.[0m [1m[35m[plugin angular-compiler][0m

    projects/loupe/src/app/pages/reference-upload/reference-upload-page.ts:17:38:
[37m      17 │   readonly dirty = () => this.form()?.[32mdirty[37m() ?? false;
         ╵                                       [32m~~~~~[0m


❯ Changes detected. Rebuilding...
✔ Changes detected. Rebuilding...
Application bundle generation failed. [1.060 seconds] - 2026-09-08T21:50:44.070Z

[31mX [41;31m[[41;97mERROR[41;31m][0m [1mTS2571: Object is of type 'unknown'.[0m [1m[35m[plugin angular-compiler][0m

    projects/loupe/src/app/app.html:2:13:
[37m      2 │ @if (session.[32mcurrent[37m(); as user) {
        ╵              [32m~~~~~~~[0m

  Error occurs in the template of component App.

    projects/loupe/src/app/app.ts:10:15:
[37m      10 │   templateUrl: [32m'./app.html'[37m,
         ╵                [32m~~~~~~~~~~~~[0m


[31mX [41;31m[[41;97mERROR[41;31m][0m [1mTS2571: Object is of type 'unknown'.[0m [1m[35m[plugin angular-compiler][0m

    projects/loupe/src/app/app.html:2:13:
[37m      2 │ @if (session.[32mcurrent[37m(); as user) {
        ╵              [32m~~~~~~~[0m

  Error occurs in the template of component App.

    projects/loupe/src/app/app.ts:10:15:
[37m      10 │   templateUrl: [32m'./app.html'[37m,
         ╵                [32m~~~~~~~~~~~~[0m


[31mX [41;31m[[41;97mERROR[41;31m][0m [1mTS2307: Cannot find module 'api' or its corresponding type declarations.[0m [1m[35m[plugin angular-compiler][0m

    projects/loupe/src/app/app.providers.ts:1:65:
[37m      1 │ ...rt { REFERENCE_IMPORT_SERVICE, ReferenceImportService } from [32m'api'[37m;
        ╵                                                                 [32m~~~~~[0m


[31mX [41;31m[[41;97mERROR[41;31m][0m [1mTS2307: Cannot find module 'api' or its corresponding type declarations.[0m [1m[35m[plugin angular-compiler][0m

    projects/loupe/src/app/app.providers.ts:2:52:
[37m      2 │ import { REFERENCE_SERVICE, ReferenceService } from [32m'api'[37m;
        ╵                                                     [32m~~~~~[0m


[31mX [41;31m[[41;97mERROR[41;31m][0m [1mTS2307: Cannot find module 'api' or its corresponding type declarations.[0m [1m[35m[plugin angular-compiler][0m

    projects/loupe/src/app/app.providers.ts:4:87:
[37m      4 │ ...SessionService, PHOTOGRAPH_SERVICE, PhotographService } from [32m'api'[37m;
        ╵                                                                 [32m~~~~~[0m


[31mX [41;31m[[41;97mERROR[41;31m][0m [1mTS2307: Cannot find module 'api' or its corresponding type declarations.[0m [1m[35m[plugin angular-compiler][0m

    projects/loupe/src/app/app.providers.ts:5:50:
[37m      5 │ import { DELETION_SERVICE, DeletionService } from [32m'api'[37m;
        ╵                                                   [32m~~~~~[0m


[31mX [41;31m[[41;97mERROR[41;31m][0m [1mTS2307: Cannot find module 'api' or its corresponding type declarations.[0m [1m[35m[plugin angular-compiler][0m

    projects/loupe/src/app/app.providers.ts:6:50:
[37m      6 │ import { CRITIQUE_SERVICE, CritiqueService } from [32m'api'[37m;
        ╵                                                   [32m~~~~~[0m


[31mX [41;31m[[41;97mERROR[41;31m][0m [1mTS2307: Cannot find module 'api' or its corresponding type declarations.[0m [1m[35m[plugin angular-compiler][0m

    projects/loupe/src/app/app.providers.ts:7:54:
[37m      7 │ import { COMPARISON_SERVICE, ComparisonService } from [32m'api'[37m;
        ╵                                                       [32m~~~~~[0m


[31mX [41;31m[[41;97mERROR[41;31m][0m [1mTS2307: Cannot find module 'api' or its corresponding type declarations.[0m [1m[35m[plugin angular-compiler][0m

    projects/loupe/src/app/app.ts:4:32:
[37m      4 │ import { SESSION_SERVICE } from [32m'api'[37m;
        ╵                                 [32m~~~~~[0m


[31mX [41;31m[[41;97mERROR[41;31m][0m [1mTS2571: Object is of type 'unknown'.[0m [1m[35m[plugin angular-compiler][0m

    projects/loupe/src/app/app.ts:38:12:
[37m      38 │       await [32mthis.session[37m.signOut();
         ╵             [32m~~~~~~~~~~~~[0m


[31mX [41;31m[[41;97mERROR[41;31m][0m [1mTS2307: Cannot find module 'api' or its corresponding type declarations.[0m [1m[35m[plugin angular-compiler][0m

    projects/loupe/src/app/dialogs/delete-photograph/delete-photograph.ts:18:7:
[37m      18 │ } from [32m'api'[37m;
         ╵        [32m~~~~~[0m


[31mX [41;31m[[41;97mERROR[41;31m][0m [1mTS2571: Object is of type 'unknown'.[0m [1m[35m[plugin angular-compiler][0m

    projects/loupe/src/app/dialogs/delete-photograph/delete-photograph.ts:62:27:
[37m      62 │       const result = await [32mthis.service[37m.deletePhotograph(photograp...
         ╵                            [32m~~~~~~~~~~~~[0m


[31mX [41;31m[[41;97mERROR[41;31m][0m [1mTS18046: 'error' is of type 'unknown'.[0m [1m[35m[plugin angular-compiler][0m

    projects/loupe/src/app/dialogs/delete-photograph/delete-photograph.ts:69:45:
[37m      69 │ ...r instanceof ServiceError && [32merror[37m.code === 'revision_conflict') {
         ╵                                 [32m~~~~~[0m


[31mX [41;31m[[41;97mERROR[41;31m][0m [1mTS18046: 'error' is of type 'unknown'.[0m [1m[35m[plugin angular-compiler][0m

    projects/loupe/src/app/dialogs/delete-photograph/delete-photograph.ts:72:52:
[37m      72 │ ...rror instanceof ServiceError && [32merror[37m.code === 'item_unavailable')
         ╵                                    [32m~~~~~[0m


[31mX [41;31m[[41;97mERROR[41;31m][0m [1mTS2571: Object is of type 'unknown'.[0m [1m[35m[plugin angular-compiler][0m

    projects/loupe/src/app/dialogs/delete-photograph/delete-photograph.ts:87:27:
[37m      87 │       const latest = await [32mthis.photographs[37m.get(photograph.id);
         ╵                            [32m~~~~~~~~~~~~~~~~[0m


[31mX [41;31m[[41;97mERROR[41;31m][0m [1mTS18046: 'error' is of type 'unknown'.[0m [1m[35m[plugin angular-compiler][0m

    projects/loupe/src/app/dialogs/delete-photograph/delete-photograph.ts:97:45:
[37m      97 │ ...rror instanceof ServiceError && [32merror[37m.code === 'item_unavailable')
         ╵                                    [32m~~~~~[0m


[31mX [41;31m[[41;97mERROR[41;31m][0m [1mTS2307: Cannot find module 'api' or its corresponding type declarations.[0m [1m[35m[plugin angular-compiler][0m

    projects/loupe/src/app/dialogs/regenerate-critique/regenerate-critique.ts:2:50:
[37m      2 │ import { OperationResult, PhotographResult } from [32m'api'[37m;
        ╵                                                   [32m~~~~~[0m


[31mX [41;31m[[41;97mERROR[41;31m][0m [1mTS2307: Cannot find module 'api' or its corresponding type declarations.[0m [1m[35m[plugin angular-compiler][0m

    projects/loupe/src/app/dialogs/unsaved-changes/unsaved-changes.ts:10:32:
[37m      10 │ import { SESSION_SERVICE } from [32m'api'[37m;
         ╵                                 [32m~~~~~[0m


[31mX [41;31m[[41;97mERROR[41;31m][0m [1mTS2571: Object is of type 'unknown'.[0m [1m[35m[plugin angular-compiler][0m

    projects/loupe/src/app/dialogs/unsaved-changes/unsaved-changes.ts:29:10:
[37m      29 │       if ([32mthis.session[37m.current() && this.dirty()()) {
         ╵           [32m~~~~~~~~~~~~[0m


[31mX [41;31m[[41;97mERROR[41;31m][0m [1mTS2571: Object is of type 'unknown'.[0m [1m[35m[plugin angular-compiler][0m

    projects/loupe/src/app/dialogs/unsaved-changes/unsaved-changes.ts:41:11:
[37m      41 │     return [32mthis.session[37m.current() && dirty ? this.confirmDiscard()...
         ╵            [32m~~~~~~~~~~~~[0m


[31mX [41;31m[[41;97mERROR[41;31m][0m [1mTS2307: Cannot find module 'api' or its corresponding type declarations.[0m [1m[35m[plugin angular-compiler][0m

    projects/loupe/src/app/pages/photograph-detail/photograph-detail-page.ts:3:83:
[37m      3 │ ...t, OperationResult, PhotographResult, SESSION_SERVICE } from [32m'api'[37m;
        ╵                                                                 [32m~~~~~[0m


[31mX [41;31m[[41;97mERROR[41;31m][0m [1mTS2571: Object is of type 'unknown'.[0m [1m[35m[plugin angular-compiler][0m

    projects/loupe/src/app/pages/photograph-detail/photograph-detail-page.ts:39:8:
[37m      39 │     if ([32mthis.session[37m.current() && (this.deleting() || this.request...
         ╵         [32m~~~~~~~~~~~~[0m


[31mX [41;31m[[41;97mERROR[41;31m][0m [1mTS2307: Cannot find module 'api' or its corresponding type declarations.[0m [1m[35m[plugin angular-compiler][0m

    projects/loupe/src/app/pages/photograph-upload/photograph-upload-page.ts:4:50:
[37m      4 │ import { OperationResult, PhotographResult } from [32m'api'[37m;
        ╵                                                   [32m~~~~~[0m


[31mX [41;31m[[41;97mERROR[41;31m][0m [1mTS2307: Cannot find module 'api' or its corresponding type declarations.[0m [1m[35m[plugin angular-compiler][0m

    projects/loupe/src/app/pages/reference-link/reference-link-page.ts:4:32:
[37m      4 │ import { ReferenceResult } from [32m'api'[37m;
        ╵                                 [32m~~~~~[0m


[31mX [41;31m[[41;97mERROR[41;31m][0m [1mTS2307: Cannot find module 'api' or its corresponding type declarations.[0m [1m[35m[plugin angular-compiler][0m

    projects/loupe/src/app/pages/reference-upload/reference-upload-page.ts:4:32:
[37m      4 │ import { ReferenceResult } from [32m'api'[37m;
        ╵                                 [32m~~~~~[0m


[31mX [41;31m[[41;97mERROR[41;31m][0m [1mTS2307: Cannot find module 'api' or its corresponding type declarations.[0m [1m[35m[plugin angular-compiler][0m

    projects/loupe/src/app/pages/sign-in/sign-in.ts:3:32:
[37m      3 │ import { SESSION_SERVICE } from [32m'api'[37m;
        ╵                                 [32m~~~~~[0m


[31mX [41;31m[[41;97mERROR[41;31m][0m [1mTS2571: Object is of type 'unknown'.[0m [1m[35m[plugin angular-compiler][0m

    projects/loupe/src/app/pages/sign-in/sign-in.ts:12:4:
[37m      12 │     [32mthis.session[37m.signIn(this.destination());
         ╵     [32m~~~~~~~~~~~~[0m


[31mX [41;31m[[41;97mERROR[41;31m][0m [1mTS2307: Cannot find module 'api' or its corresponding type declarations.[0m [1m[35m[plugin angular-compiler][0m

    projects/loupe/src/app/session.guard.ts:3:32:
[37m      3 │ import { SESSION_SERVICE } from [32m'api'[37m;
        ╵                                 [32m~~~~~[0m


[31mX [41;31m[[41;97mERROR[41;31m][0m [1mTS18046: 'session' is of type 'unknown'.[0m [1m[35m[plugin angular-compiler][0m

    projects/loupe/src/app/session.guard.ts:9:18:
[37m      9 │     return (await [32msession[37m.load())
        ╵                   [32m~~~~~~~[0m


[31mX [41;31m[[41;97mERROR[41;31m][0m [1mTS2307: Cannot find module 'api' or its corresponding type declarations.[0m [1m[35m[plugin angular-compiler][0m

    projects/loupe/src/testing/app.providers.ts:1:41:
[37m      1 │ import { REFERENCE_IMPORT_SERVICE } from [32m'api'[37m;
        ╵                                          [32m~~~~~[0m


[31mX [41;31m[[41;97mERROR[41;31m][0m [1mTS2307: Cannot find module 'api' or its corresponding type declarations.[0m [1m[35m[plugin angular-compiler][0m

    projects/loupe/src/testing/app.providers.ts:3:34:
[37m      3 │ import { REFERENCE_SERVICE } from [32m'api'[37m;
        ╵                                   [32m~~~~~[0m


[31mX [41;31m[[41;97mERROR[41;31m][0m [1mTS2307: Cannot find module 'api' or its corresponding type declarations.[0m [1m[35m[plugin angular-compiler][0m

    projects/loupe/src/testing/app.providers.ts:5:88:
[37m      5 │ ...HOTOGRAPH_SERVICE, DELETION_SERVICE, CRITIQUE_SERVICE } from [32m'api'[37m;
        ╵                                                                 [32m~~~~~[0m


[31mX [41;31m[[41;97mERROR[41;31m][0m [1mTS2307: Cannot find module 'api' or its corresponding type declarations.[0m [1m[35m[plugin angular-compiler][0m

    projects/loupe/src/testing/app.providers.ts:10:35:
[37m      10 │ import { COMPARISON_SERVICE } from [32m'api'[37m;
         ╵                                    [32m~~~~~[0m


[31mX [41;31m[[41;97mERROR[41;31m][0m [1mTS2307: Cannot find module 'api' or its corresponding type declarations.[0m [1m[35m[plugin angular-compiler][0m

    projects/loupe/src/testing/mock-comparison.service.ts:10:7:
[37m      10 │ } from [32m'api'[37m;
         ╵        [32m~~~~~[0m


[31mX [41;31m[[41;97mERROR[41;31m][0m [1mTS2307: Cannot find module 'api' or its corresponding type declarations.[0m [1m[35m[plugin angular-compiler][0m

    projects/loupe/src/testing/mock-critique.service.ts:9:7:
[37m      9 │ } from [32m'api'[37m;
        ╵        [32m~~~~~[0m


[31mX [41;31m[[41;97mERROR[41;31m][0m [1mTS2307: Cannot find module 'api' or its corresponding type declarations.[0m [1m[35m[plugin angular-compiler][0m

    projects/loupe/src/testing/mock-deletion.service.ts:2:63:
[37m      2 │ import { DeletionResult, IDeletionService, ServiceError } from [32m'api'[37m;
        ╵                                                                [32m~~~~~[0m


[31mX [41;31m[[41;97mERROR[41;31m][0m [1mTS2307: Cannot find module 'api' or its corresponding type declarations.[0m [1m[35m[plugin angular-compiler][0m

    projects/loupe/src/testing/mock-photograph.service.ts:10:7:
[37m      10 │ } from [32m'api'[37m;
         ╵        [32m~~~~~[0m


[31mX [41;31m[[41;97mERROR[41;31m][0m [1mTS2307: Cannot find module 'api' or its corresponding type declarations.[0m [1m[35m[plugin angular-compiler][0m

    projects/loupe/src/testing/mock-reference-import.service.ts:7:7:
[37m      7 │ } from [32m'api'[37m;
        ╵        [32m~~~~~[0m


[31mX [41;31m[[41;97mERROR[41;31m][0m [1mTS2307: Cannot find module 'api' or its corresponding type declarations.[0m [1m[35m[plugin angular-compiler][0m

    projects/loupe/src/testing/mock-reference.service.ts:1:70:
[37m      1 │ ...ReferenceMetadata, ReferenceLink, ReferenceLinkResult } from [32m'api'[37m;
        ╵                                                                 [32m~~~~~[0m


[31mX [41;31m[[41;97mERROR[41;31m][0m [1mTS2307: Cannot find module 'api' or its corresponding type declarations.[0m [1m[35m[plugin angular-compiler][0m

    projects/loupe/src/testing/mock-reference.service.ts:2:48:
[37m      2 │ import { ReferenceUpload, UploadProgress } from [32m'api'[37m;
        ╵                                                 [32m~~~~~[0m


[31mX [41;31m[[41;97mERROR[41;31m][0m [1mTS2307: Cannot find module 'api' or its corresponding type declarations.[0m [1m[35m[plugin angular-compiler][0m

    projects/loupe/src/testing/mock-reference.service.ts:4:80:
[37m      4 │ ...Service, ReferencePage, ReferenceResult, ServiceError } from [32m'api'[37m;
        ╵                                                                 [32m~~~~~[0m


[31mX [41;31m[[41;97mERROR[41;31m][0m [1mTS2307: Cannot find module 'api' or its corresponding type declarations.[0m [1m[35m[plugin angular-compiler][0m

    projects/loupe/src/testing/mock-session.service.ts:3:47:
[37m      3 │ import { ISessionService, SessionResult } from [32m'api'[37m;
        ╵                                                [32m~~~~~[0m


❯ Changes detected. Rebuilding...
✔ Changes detected. Rebuilding...
Application bundle generation failed. [0.003 seconds] - 2026-09-08T21:50:46.182Z

[31mX [41;31m[[41;97mERROR[41;31m][0m [1mTS2571: Object is of type 'unknown'.[0m [1m[35m[plugin angular-compiler][0m

    projects/loupe/src/app/app.html:2:13:
[37m      2 │ @if (session.[32mcurrent[37m(); as user) {
        ╵              [32m~~~~~~~[0m

  Error occurs in the template of component App.

    projects/loupe/src/app/app.ts:10:15:
[37m      10 │   templateUrl: [32m'./app.html'[37m,
         ╵                [32m~~~~~~~~~~~~[0m


[31mX [41;31m[[41;97mERROR[41;31m][0m [1mTS2571: Object is of type 'unknown'.[0m [1m[35m[plugin angular-compiler][0m

    projects/loupe/src/app/app.html:2:13:
[37m      2 │ @if (session.[32mcurrent[37m(); as user) {
        ╵              [32m~~~~~~~[0m

  Error occurs in the template of component App.

    projects/loupe/src/app/app.ts:10:15:
[37m      10 │   templateUrl: [32m'./app.html'[37m,
         ╵                [32m~~~~~~~~~~~~[0m


[31mX [41;31m[[41;97mERROR[41;31m][0m [1mTS2307: Cannot find module 'api' or its corresponding type declarations.[0m [1m[35m[plugin angular-compiler][0m

    projects/loupe/src/app/app.providers.ts:1:65:
[37m      1 │ ...rt { REFERENCE_IMPORT_SERVICE, ReferenceImportService } from [32m'api'[37m;
        ╵                                                                 [32m~~~~~[0m


[31mX [41;31m[[41;97mERROR[41;31m][0m [1mTS2307: Cannot find module 'api' or its corresponding type declarations.[0m [1m[35m[plugin angular-compiler][0m

    projects/loupe/src/app/app.providers.ts:2:52:
[37m      2 │ import { REFERENCE_SERVICE, ReferenceService } from [32m'api'[37m;
        ╵                                                     [32m~~~~~[0m


[31mX [41;31m[[41;97mERROR[41;31m][0m [1mTS2307: Cannot find module 'api' or its corresponding type declarations.[0m [1m[35m[plugin angular-compiler][0m

    projects/loupe/src/app/app.providers.ts:4:87:
[37m      4 │ ...SessionService, PHOTOGRAPH_SERVICE, PhotographService } from [32m'api'[37m;
        ╵                                                                 [32m~~~~~[0m


[31mX [41;31m[[41;97mERROR[41;31m][0m [1mTS2307: Cannot find module 'api' or its corresponding type declarations.[0m [1m[35m[plugin angular-compiler][0m

    projects/loupe/src/app/app.providers.ts:5:50:
[37m      5 │ import { DELETION_SERVICE, DeletionService } from [32m'api'[37m;
        ╵                                                   [32m~~~~~[0m


[31mX [41;31m[[41;97mERROR[41;31m][0m [1mTS2307: Cannot find module 'api' or its corresponding type declarations.[0m [1m[35m[plugin angular-compiler][0m

    projects/loupe/src/app/app.providers.ts:6:50:
[37m      6 │ import { CRITIQUE_SERVICE, CritiqueService } from [32m'api'[37m;
        ╵                                                   [32m~~~~~[0m


[31mX [41;31m[[41;97mERROR[41;31m][0m [1mTS2307: Cannot find module 'api' or its corresponding type declarations.[0m [1m[35m[plugin angular-compiler][0m

    projects/loupe/src/app/app.providers.ts:7:54:
[37m      7 │ import { COMPARISON_SERVICE, ComparisonService } from [32m'api'[37m;
        ╵                                                       [32m~~~~~[0m


[31mX [41;31m[[41;97mERROR[41;31m][0m [1mTS2307: Cannot find module 'api' or its corresponding type declarations.[0m [1m[35m[plugin angular-compiler][0m

    projects/loupe/src/app/app.ts:4:32:
[37m      4 │ import { SESSION_SERVICE } from [32m'api'[37m;
        ╵                                 [32m~~~~~[0m


[31mX [41;31m[[41;97mERROR[41;31m][0m [1mTS2571: Object is of type 'unknown'.[0m [1m[35m[plugin angular-compiler][0m

    projects/loupe/src/app/app.ts:38:12:
[37m      38 │       await [32mthis.session[37m.signOut();
         ╵             [32m~~~~~~~~~~~~[0m


[31mX [41;31m[[41;97mERROR[41;31m][0m [1mTS2307: Cannot find module 'api' or its corresponding type declarations.[0m [1m[35m[plugin angular-compiler][0m

    projects/loupe/src/app/dialogs/delete-photograph/delete-photograph.ts:18:7:
[37m      18 │ } from [32m'api'[37m;
         ╵        [32m~~~~~[0m


[31mX [41;31m[[41;97mERROR[41;31m][0m [1mTS2571: Object is of type 'unknown'.[0m [1m[35m[plugin angular-compiler][0m

    projects/loupe/src/app/dialogs/delete-photograph/delete-photograph.ts:62:27:
[37m      62 │       const result = await [32mthis.service[37m.deletePhotograph(photograp...
         ╵                            [32m~~~~~~~~~~~~[0m


[31mX [41;31m[[41;97mERROR[41;31m][0m [1mTS18046: 'error' is of type 'unknown'.[0m [1m[35m[plugin angular-compiler][0m

    projects/loupe/src/app/dialogs/delete-photograph/delete-photograph.ts:69:45:
[37m      69 │ ...r instanceof ServiceError && [32merror[37m.code === 'revision_conflict') {
         ╵                                 [32m~~~~~[0m


[31mX [41;31m[[41;97mERROR[41;31m][0m [1mTS18046: 'error' is of type 'unknown'.[0m [1m[35m[plugin angular-compiler][0m

    projects/loupe/src/app/dialogs/delete-photograph/delete-photograph.ts:72:52:
[37m      72 │ ...rror instanceof ServiceError && [32merror[37m.code === 'item_unavailable')
         ╵                                    [32m~~~~~[0m


[31mX [41;31m[[41;97mERROR[41;31m][0m [1mTS2571: Object is of type 'unknown'.[0m [1m[35m[plugin angular-compiler][0m

    projects/loupe/src/app/dialogs/delete-photograph/delete-photograph.ts:87:27:
[37m      87 │       const latest = await [32mthis.photographs[37m.get(photograph.id);
         ╵                            [32m~~~~~~~~~~~~~~~~[0m


[31mX [41;31m[[41;97mERROR[41;31m][0m [1mTS18046: 'error' is of type 'unknown'.[0m [1m[35m[plugin angular-compiler][0m

    projects/loupe/src/app/dialogs/delete-photograph/delete-photograph.ts:97:45:
[37m      97 │ ...rror instanceof ServiceError && [32merror[37m.code === 'item_unavailable')
         ╵                                    [32m~~~~~[0m


[31mX [41;31m[[41;97mERROR[41;31m][0m [1mTS2307: Cannot find module 'api' or its corresponding type declarations.[0m [1m[35m[plugin angular-compiler][0m

    projects/loupe/src/app/dialogs/regenerate-critique/regenerate-critique.ts:2:50:
[37m      2 │ import { OperationResult, PhotographResult } from [32m'api'[37m;
        ╵                                                   [32m~~~~~[0m


[31mX [41;31m[[41;97mERROR[41;31m][0m [1mTS2307: Cannot find module 'api' or its corresponding type declarations.[0m [1m[35m[plugin angular-compiler][0m

    projects/loupe/src/app/dialogs/unsaved-changes/unsaved-changes.ts:10:32:
[37m      10 │ import { SESSION_SERVICE } from [32m'api'[37m;
         ╵                                 [32m~~~~~[0m


[31mX [41;31m[[41;97mERROR[41;31m][0m [1mTS2571: Object is of type 'unknown'.[0m [1m[35m[plugin angular-compiler][0m

    projects/loupe/src/app/dialogs/unsaved-changes/unsaved-changes.ts:29:10:
[37m      29 │       if ([32mthis.session[37m.current() && this.dirty()()) {
         ╵           [32m~~~~~~~~~~~~[0m


[31mX [41;31m[[41;97mERROR[41;31m][0m [1mTS2571: Object is of type 'unknown'.[0m [1m[35m[plugin angular-compiler][0m

    projects/loupe/src/app/dialogs/unsaved-changes/unsaved-changes.ts:41:11:
[37m      41 │     return [32mthis.session[37m.current() && dirty ? this.confirmDiscard()...
         ╵            [32m~~~~~~~~~~~~[0m


[31mX [41;31m[[41;97mERROR[41;31m][0m [1mTS2307: Cannot find module 'api' or its corresponding type declarations.[0m [1m[35m[plugin angular-compiler][0m

    projects/loupe/src/app/pages/photograph-detail/photograph-detail-page.ts:3:83:
[37m      3 │ ...t, OperationResult, PhotographResult, SESSION_SERVICE } from [32m'api'[37m;
        ╵                                                                 [32m~~~~~[0m


[31mX [41;31m[[41;97mERROR[41;31m][0m [1mTS2571: Object is of type 'unknown'.[0m [1m[35m[plugin angular-compiler][0m

    projects/loupe/src/app/pages/photograph-detail/photograph-detail-page.ts:39:8:
[37m      39 │     if ([32mthis.session[37m.current() && (this.deleting() || this.request...
         ╵         [32m~~~~~~~~~~~~[0m


[31mX [41;31m[[41;97mERROR[41;31m][0m [1mTS2307: Cannot find module 'api' or its corresponding type declarations.[0m [1m[35m[plugin angular-compiler][0m

    projects/loupe/src/app/pages/photograph-upload/photograph-upload-page.ts:4:50:
[37m      4 │ import { OperationResult, PhotographResult } from [32m'api'[37m;
        ╵                                                   [32m~~~~~[0m


[31mX [41;31m[[41;97mERROR[41;31m][0m [1mTS2307: Cannot find module 'api' or its corresponding type declarations.[0m [1m[35m[plugin angular-compiler][0m

    projects/loupe/src/app/pages/reference-link/reference-link-page.ts:4:32:
[37m      4 │ import { ReferenceResult } from [32m'api'[37m;
        ╵                                 [32m~~~~~[0m


[31mX [41;31m[[41;97mERROR[41;31m][0m [1mTS2307: Cannot find module 'api' or its corresponding type declarations.[0m [1m[35m[plugin angular-compiler][0m

    projects/loupe/src/app/pages/reference-upload/reference-upload-page.ts:4:32:
[37m      4 │ import { ReferenceResult } from [32m'api'[37m;
        ╵                                 [32m~~~~~[0m


[31mX [41;31m[[41;97mERROR[41;31m][0m [1mTS2307: Cannot find module 'api' or its corresponding type declarations.[0m [1m[35m[plugin angular-compiler][0m

    projects/loupe/src/app/pages/sign-in/sign-in.ts:3:32:
[37m      3 │ import { SESSION_SERVICE } from [32m'api'[37m;
        ╵                                 [32m~~~~~[0m


[31mX [41;31m[[41;97mERROR[41;31m][0m [1mTS2571: Object is of type 'unknown'.[0m [1m[35m[plugin angular-compiler][0m

    projects/loupe/src/app/pages/sign-in/sign-in.ts:12:4:
[37m      12 │     [32mthis.session[37m.signIn(this.destination());
         ╵     [32m~~~~~~~~~~~~[0m


[31mX [41;31m[[41;97mERROR[41;31m][0m [1mTS2307: Cannot find module 'api' or its corresponding type declarations.[0m [1m[35m[plugin angular-compiler][0m

    projects/loupe/src/app/session.guard.ts:3:32:
[37m      3 │ import { SESSION_SERVICE } from [32m'api'[37m;
        ╵                                 [32m~~~~~[0m


[31mX [41;31m[[41;97mERROR[41;31m][0m [1mTS18046: 'session' is of type 'unknown'.[0m [1m[35m[plugin angular-compiler][0m

    projects/loupe/src/app/session.guard.ts:9:18:
[37m      9 │     return (await [32msession[37m.load())
        ╵                   [32m~~~~~~~[0m


[31mX [41;31m[[41;97mERROR[41;31m][0m [1mTS2307: Cannot find module 'api' or its corresponding type declarations.[0m [1m[35m[plugin angular-compiler][0m

    projects/loupe/src/testing/app.providers.ts:1:41:
[37m      1 │ import { REFERENCE_IMPORT_SERVICE } from [32m'api'[37m;
        ╵                                          [32m~~~~~[0m


[31mX [41;31m[[41;97mERROR[41;31m][0m [1mTS2307: Cannot find module 'api' or its corresponding type declarations.[0m [1m[35m[plugin angular-compiler][0m

    projects/loupe/src/testing/app.providers.ts:3:34:
[37m      3 │ import { REFERENCE_SERVICE } from [32m'api'[37m;
        ╵                                   [32m~~~~~[0m


[31mX [41;31m[[41;97mERROR[41;31m][0m [1mTS2307: Cannot find module 'api' or its corresponding type declarations.[0m [1m[35m[plugin angular-compiler][0m

    projects/loupe/src/testing/app.providers.ts:5:88:
[37m      5 │ ...HOTOGRAPH_SERVICE, DELETION_SERVICE, CRITIQUE_SERVICE } from [32m'api'[37m;
        ╵                                                                 [32m~~~~~[0m


[31mX [41;31m[[41;97mERROR[41;31m][0m [1mTS2307: Cannot find module 'api' or its corresponding type declarations.[0m [1m[35m[plugin angular-compiler][0m

    projects/loupe/src/testing/app.providers.ts:10:35:
[37m      10 │ import { COMPARISON_SERVICE } from [32m'api'[37m;
         ╵                                    [32m~~~~~[0m


[31mX [41;31m[[41;97mERROR[41;31m][0m [1mTS2307: Cannot find module 'api' or its corresponding type declarations.[0m [1m[35m[plugin angular-compiler][0m

    projects/loupe/src/testing/mock-comparison.service.ts:10:7:
[37m      10 │ } from [32m'api'[37m;
         ╵        [32m~~~~~[0m


[31mX [41;31m[[41;97mERROR[41;31m][0m [1mTS2307: Cannot find module 'api' or its corresponding type declarations.[0m [1m[35m[plugin angular-compiler][0m

    projects/loupe/src/testing/mock-critique.service.ts:9:7:
[37m      9 │ } from [32m'api'[37m;
        ╵        [32m~~~~~[0m


[31mX [41;31m[[41;97mERROR[41;31m][0m [1mTS2307: Cannot find module 'api' or its corresponding type declarations.[0m [1m[35m[plugin angular-compiler][0m

    projects/loupe/src/testing/mock-deletion.service.ts:2:63:
[37m      2 │ import { DeletionResult, IDeletionService, ServiceError } from [32m'api'[37m;
        ╵                                                                [32m~~~~~[0m


[31mX [41;31m[[41;97mERROR[41;31m][0m [1mTS2307: Cannot find module 'api' or its corresponding type declarations.[0m [1m[35m[plugin angular-compiler][0m

    projects/loupe/src/testing/mock-photograph.service.ts:10:7:
[37m      10 │ } from [32m'api'[37m;
         ╵        [32m~~~~~[0m


[31mX [41;31m[[41;97mERROR[41;31m][0m [1mTS2307: Cannot find module 'api' or its corresponding type declarations.[0m [1m[35m[plugin angular-compiler][0m

    projects/loupe/src/testing/mock-reference-import.service.ts:7:7:
[37m      7 │ } from [32m'api'[37m;
        ╵        [32m~~~~~[0m


[31mX [41;31m[[41;97mERROR[41;31m][0m [1mTS2307: Cannot find module 'api' or its corresponding type declarations.[0m [1m[35m[plugin angular-compiler][0m

    projects/loupe/src/testing/mock-reference.service.ts:1:70:
[37m      1 │ ...ReferenceMetadata, ReferenceLink, ReferenceLinkResult } from [32m'api'[37m;
        ╵                                                                 [32m~~~~~[0m


[31mX [41;31m[[41;97mERROR[41;31m][0m [1mTS2307: Cannot find module 'api' or its corresponding type declarations.[0m [1m[35m[plugin angular-compiler][0m

    projects/loupe/src/testing/mock-reference.service.ts:2:48:
[37m      2 │ import { ReferenceUpload, UploadProgress } from [32m'api'[37m;
        ╵                                                 [32m~~~~~[0m


[31mX [41;31m[[41;97mERROR[41;31m][0m [1mTS2307: Cannot find module 'api' or its corresponding type declarations.[0m [1m[35m[plugin angular-compiler][0m

    projects/loupe/src/testing/mock-reference.service.ts:4:80:
[37m      4 │ ...Service, ReferencePage, ReferenceResult, ServiceError } from [32m'api'[37m;
        ╵                                                                 [32m~~~~~[0m


[31mX [41;31m[[41;97mERROR[41;31m][0m [1mTS2307: Cannot find module 'api' or its corresponding type declarations.[0m [1m[35m[plugin angular-compiler][0m

    projects/loupe/src/testing/mock-session.service.ts:3:47:
[37m      3 │ import { ISessionService, SessionResult } from [32m'api'[37m;
        ╵                                                [32m~~~~~[0m


❯ Changes detected. Rebuilding...
✔ Changes detected. Rebuilding...
Initial chunk files | Names         |  Raw size
main.js             | main          | 464.15 kB | 
styles.css          | styles        |  23.65 kB | 

                    | Initial total | 487.80 kB

Application bundle generation complete. [1.122 seconds] - 2026-09-08T21:50:50.040Z

Page reload sent to client(s).
[2m5:50:50 p.m.[22m [31m[1m[vite][22m[39m [31m[2m(client)[22m[39m Pre-transform error: Failed to resolve import "components" from ".angular/vite-root/loupe/main.js". Does the file exist?
  Plugin: [35mvite:import-analysis[39m
  File: [36mC:/projects/loupe/frontend/.angular/vite-root/loupe/main.js[39m:515:49
[33m  513 |  
  514 |  // dist/domain/fesm2022/domain.mjs
  515 |  import { PhotographCard, CritiqueContent } from "components";
      |                                                   ^
  516 |  import { DatePipe, DecimalPipe } from "@angular/common";
  517 |  import * as i1 from "@angular/forms";[39m
[2m5:50:50 p.m.[22m [31m[1m[vite][22m[39m [31mInternal server error: Failed to resolve import "components" from ".angular/vite-root/loupe/main.js". Does the file exist?[39m
  Plugin: [35mvite:import-analysis[39m
  File: [36mC:/projects/loupe/frontend/.angular/vite-root/loupe/main.js[39m:515:49
[33m  513 |  
  514 |  // dist/domain/fesm2022/domain.mjs
  515 |  import { PhotographCard, CritiqueContent } from "components";
      |                                                   ^
  516 |  import { DatePipe, DecimalPipe } from "@angular/common";
  517 |  import * as i1 from "@angular/forms";[39m
      at TransformPluginContext._formatLog (file:///C:/projects/loupe/frontend/node_modules/vite/dist/node/chunks/node.js:30416:39)
      at TransformPluginContext.error (file:///C:/projects/loupe/frontend/node_modules/vite/dist/node/chunks/node.js:30413:14)
      at normalizeUrl (file:///C:/projects/loupe/frontend/node_modules/vite/dist/node/chunks/node.js:27438:18)
      at async file:///C:/projects/loupe/frontend/node_modules/vite/dist/node/chunks/node.js:27506:30
      at async Promise.all (index 11)
      at async TransformPluginContext.transform (file:///C:/projects/loupe/frontend/node_modules/vite/dist/node/chunks/node.js:27474:4)
      at async EnvironmentPluginContainer.transform (file:///C:/projects/loupe/frontend/node_modules/vite/dist/node/chunks/node.js:30201:14)
      at async loadAndTransform (file:///C:/projects/loupe/frontend/node_modules/vite/dist/node/chunks/node.js:20124:26)
      at async viteTransformMiddleware (file:///C:/projects/loupe/frontend/node_modules/vite/dist/node/chunks/node.js:24604:20)
❯ Changes detected. Rebuilding...
✔ Changes detected. Rebuilding...
Initial chunk files | Names         |  Raw size
main.js             | main          | 464.15 kB | 
styles.css          | styles        |  23.65 kB | 

                    | Initial total | 487.80 kB

Application bundle generation complete. [0.024 seconds] - 2026-09-08T21:50:52.058Z

❯ Changes detected. Rebuilding...
✔ Changes detected. Rebuilding...
Application bundle generation failed. [0.581 seconds] - 2026-09-08T21:50:54.992Z

[31mX [41;31m[[41;97mERROR[41;31m][0m [1mTS2591: Cannot find name 'domain'. Do you need to install type definitions for node? Try `npm i --save-dev @types/node` and then add 'node' to the types field in your tsconfig.[0m [1m[35m[plugin angular-compiler][0m

    projects/loupe/src/app/dialogs/regenerate-critique/regenerate-critique.ts:3:32:
[37m      3 │ import { RequestCritique } from [32m'domain'[37m;
        ╵                                 [32m~~~~~~~~[0m


[31mX [41;31m[[41;97mERROR[41;31m][0m [1mNG1010: 'imports' must be an array of components, directives, pipes, or NgModules.
  Value could not be determined statically.[0m [1m[35m[plugin angular-compiler][0m

    projects/loupe/src/app/dialogs/regenerate-critique/regenerate-critique.ts:7:12:
[37m      7 │   imports: [[32mRequestCritique[37m],
        ╵             [32m~~~~~~~~~~~~~~~[0m

  Unknown reference.

    projects/loupe/src/app/dialogs/regenerate-critique/regenerate-critique.ts:7:12:
[37m      7 │   imports: [[32mRequestCritique[37m],
        ╵             [32m~~~~~~~~~~~~~~~[0m


[31mX [41;31m[[41;97mERROR[41;31m][0m [1mTS2339: Property 'busy' does not exist on type '{}'.[0m [1m[35m[plugin angular-compiler][0m

    projects/loupe/src/app/dialogs/regenerate-critique/regenerate-critique.ts:17:52:
[37m      17 │ ...uted(() => !!(this.request()?.[32mbusy[37m() || this.request()?.reviewi...
         ╵                                  [32m~~~~[0m


[31mX [41;31m[[41;97mERROR[41;31m][0m [1mTS2339: Property 'reviewing' does not exist on type '{}'.[0m [1m[35m[plugin angular-compiler][0m

    projects/loupe/src/app/dialogs/regenerate-critique/regenerate-critique.ts:17:78:
[37m      17 │ ...(() => !!(this.request()?.busy() || this.request()?.[32mreviewing[37m()));
         ╵                                                        [32m~~~~~~~~~[0m


[31mX [41;31m[[41;97mERROR[41;31m][0m [1mTS2591: Cannot find name 'domain'. Do you need to install type definitions for node? Try `npm i --save-dev @types/node` and then add 'node' to the types field in your tsconfig.[0m [1m[35m[plugin angular-compiler][0m

    projects/loupe/src/app/dialogs/replace-attempt/replace-attempt.ts:2:30:
[37m      2 │ import { AttemptPicker } from [32m'domain'[37m;
        ╵                               [32m~~~~~~~~[0m


[31mX [41;31m[[41;97mERROR[41;31m][0m [1mNG1010: 'imports' must be an array of components, directives, pipes, or NgModules.
  Value could not be determined statically.[0m [1m[35m[plugin angular-compiler][0m

    projects/loupe/src/app/dialogs/replace-attempt/replace-attempt.ts:6:12:
[37m      6 │   imports: [[32mAttemptPicker[37m],
        ╵             [32m~~~~~~~~~~~~~[0m

  Unknown reference.

    projects/loupe/src/app/dialogs/replace-attempt/replace-attempt.ts:6:12:
[37m      6 │   imports: [[32mAttemptPicker[37m],
        ╵             [32m~~~~~~~~~~~~~[0m


[31mX [41;31m[[41;97mERROR[41;31m][0m [1mTS2591: Cannot find name 'domain'. Do you need to install type definitions for node? Try `npm i --save-dev @types/node` and then add 'node' to the types field in your tsconfig.[0m [1m[35m[plugin angular-compiler][0m

    projects/loupe/src/app/pages/compare/compare-page.ts:3:49:
[37m      3 │ import { AttemptComparison, AttemptPicker } from [32m'domain'[37m;
        ╵                                                  [32m~~~~~~~~[0m


[31mX [41;31m[[41;97mERROR[41;31m][0m [1mNG1010: 'imports' must be an array of components, directives, pipes, or NgModules.
  Value could not be determined statically.[0m [1m[35m[plugin angular-compiler][0m

    projects/loupe/src/app/pages/compare/compare-page.ts:8:24:
[37m      8 │   imports: [RouterLink, [32mAttemptComparison[37m, AttemptPicker, ReplaceAt...
        ╵                         [32m~~~~~~~~~~~~~~~~~[0m

  Unknown reference.

    projects/loupe/src/app/pages/compare/compare-page.ts:8:24:
[37m      8 │   imports: [RouterLink, [32mAttemptComparison[37m, AttemptPicker, ReplaceAt...
        ╵                         [32m~~~~~~~~~~~~~~~~~[0m


[31mX [41;31m[[41;97mERROR[41;31m][0m [1mNG1010: 'imports' must be an array of components, directives, pipes, or NgModules.
  Value could not be determined statically.[0m [1m[35m[plugin angular-compiler][0m

    projects/loupe/src/app/pages/compare/compare-page.ts:8:43:
[37m      8 │ ...ts: [RouterLink, AttemptComparison, [32mAttemptPicker[37m, ReplaceAttempt],
        ╵                                        [32m~~~~~~~~~~~~~[0m

  Unknown reference.

    projects/loupe/src/app/pages/compare/compare-page.ts:8:43:
[37m      8 │ ...ts: [RouterLink, AttemptComparison, [32mAttemptPicker[37m, ReplaceAttempt],
        ╵                                        [32m~~~~~~~~~~~~~[0m


[31mX [41;31m[[41;97mERROR[41;31m][0m [1mTS2591: Cannot find name 'domain'. Do you need to install type definitions for node? Try `npm i --save-dev @types/node` and then add 'node' to the types field in your tsconfig.[0m [1m[35m[plugin angular-compiler][0m

    projects/loupe/src/app/pages/deletion/deletion-page.ts:3:31:
[37m      3 │ import { DeletionStatus } from [32m'domain'[37m;
        ╵                                [32m~~~~~~~~[0m


[31mX [41;31m[[41;97mERROR[41;31m][0m [1mNG1010: 'imports' must be an array of components, directives, pipes, or NgModules.
  Value could not be determined statically.[0m [1m[35m[plugin angular-compiler][0m

    projects/loupe/src/app/pages/deletion/deletion-page.ts:7:24:
[37m      7 │   imports: [RouterLink, [32mDeletionStatus[37m],
        ╵                         [32m~~~~~~~~~~~~~~[0m

  Unknown reference.

    projects/loupe/src/app/pages/deletion/deletion-page.ts:7:24:
[37m      7 │   imports: [RouterLink, [32mDeletionStatus[37m],
        ╵                         [32m~~~~~~~~~~~~~~[0m


[31mX [41;31m[[41;97mERROR[41;31m][0m [1mTS2591: Cannot find name 'domain'. Do you need to install type definitions for node? Try `npm i --save-dev @types/node` and then add 'node' to the types field in your tsconfig.[0m [1m[35m[plugin angular-compiler][0m

    projects/loupe/src/app/pages/inspiration/inspiration-page.ts:3:36:
[37m      3 │ import { ReferenceCollection } from [32m'domain'[37m;
        ╵                                     [32m~~~~~~~~[0m


[31mX [41;31m[[41;97mERROR[41;31m][0m [1mNG1010: 'imports' must be an array of components, directives, pipes, or NgModules.
  Value could not be determined statically.[0m [1m[35m[plugin angular-compiler][0m

    projects/loupe/src/app/pages/inspiration/inspiration-page.ts:6:12:
[37m      6 │   imports: [[32mReferenceCollection[37m, RouterLink],
        ╵             [32m~~~~~~~~~~~~~~~~~~~[0m

  Unknown reference.

    projects/loupe/src/app/pages/inspiration/inspiration-page.ts:6:12:
[37m      6 │   imports: [[32mReferenceCollection[37m, RouterLink],
        ╵             [32m~~~~~~~~~~~~~~~~~~~[0m


[31mX [41;31m[[41;97mERROR[41;31m][0m [1mTS2591: Cannot find name 'domain'. Do you need to install type definitions for node? Try `npm i --save-dev @types/node` and then add 'node' to the types field in your tsconfig.[0m [1m[35m[plugin angular-compiler][0m

    projects/loupe/src/app/pages/my-work/my-work.ts:2:37:
[37m      2 │ import { PhotographCollection } from [32m'domain'[37m;
        ╵                                      [32m~~~~~~~~[0m


[31mX [41;31m[[41;97mERROR[41;31m][0m [1mNG1010: 'imports' must be an array of components, directives, pipes, or NgModules.
  Value could not be determined statically.[0m [1m[35m[plugin angular-compiler][0m

    projects/loupe/src/app/pages/my-work/my-work.ts:7:12:
[37m      7 │   imports: [[32mPhotographCollection[37m, RouterLink],
        ╵             [32m~~~~~~~~~~~~~~~~~~~~[0m

  Unknown reference.

    projects/loupe/src/app/pages/my-work/my-work.ts:7:12:
[37m      7 │   imports: [[32mPhotographCollection[37m, RouterLink],
        ╵             [32m~~~~~~~~~~~~~~~~~~~~[0m


[31mX [41;31m[[41;97mERROR[41;31m][0m [1mTS2591: Cannot find name 'domain'. Do you need to install type definitions for node? Try `npm i --save-dev @types/node` and then add 'node' to the types field in your tsconfig.[0m [1m[35m[plugin angular-compiler][0m

    projects/loupe/src/app/pages/photograph-detail/photograph-detail-page.ts:4:33:
[37m      4 │ import { PhotographDetail } from [32m'domain'[37m;
        ╵                                  [32m~~~~~~~~[0m


[31mX [41;31m[[41;97mERROR[41;31m][0m [1mNG1010: 'imports' must be an array of components, directives, pipes, or NgModules.
  Value could not be determined statically.[0m [1m[35m[plugin angular-compiler][0m

    projects/loupe/src/app/pages/photograph-detail/photograph-detail-page.ts:11:24:
[37m      11 │   imports: [RouterLink, [32mPhotographDetail[37m, UnsavedChanges, DeletePh...
         ╵                         [32m~~~~~~~~~~~~~~~~[0m

  Unknown reference.

    projects/loupe/src/app/pages/photograph-detail/photograph-detail-page.ts:11:24:
[37m      11 │   imports: [RouterLink, [32mPhotographDetail[37m, UnsavedChanges, DeletePh...
         ╵                         [32m~~~~~~~~~~~~~~~~[0m


[31mX [41;31m[[41;97mERROR[41;31m][0m [1mTS2339: Property 'dirty' does not exist on type '{}'.[0m [1m[35m[plugin angular-compiler][0m

    projects/loupe/src/app/pages/photograph-detail/photograph-detail-page.ts:24:70:
[37m      24 │ ...uted(() => !this.deletion() && (this.detail()?.[32mdirty[37m() ?? false));
         ╵                                                   [32m~~~~~[0m


[31mX [41;31m[[41;97mERROR[41;31m][0m [1mTS2339: Property 'followCritique' does not exist on type '{}'.[0m [1m[35m[plugin angular-compiler][0m

    projects/loupe/src/app/pages/photograph-detail/photograph-detail-page.ts:29:19:
[37m      29 │     this.detail()?.[32mfollowCritique[37m(operation);
         ╵                    [32m~~~~~~~~~~~~~~[0m


[31mX [41;31m[[41;97mERROR[41;31m][0m [1mTS2339: Property 'photo' does not exist on type '{}'.[0m [1m[35m[plugin angular-compiler][0m

    projects/loupe/src/app/pages/photograph-detail/photograph-detail-page.ts:32:47:
[37m      32 │     if (photo.id === this.id()) this.detail()?.[32mphoto[37m.set(photo);
         ╵                                                [32m~~~~~[0m


[31mX [41;31m[[41;97mERROR[41;31m][0m [1mTS2591: Cannot find name 'domain'. Do you need to install type definitions for node? Try `npm i --save-dev @types/node` and then add 'node' to the types field in your tsconfig.[0m [1m[35m[plugin angular-compiler][0m

    projects/loupe/src/app/pages/photograph-upload/photograph-upload-page.ts:3:50:
[37m      3 │ import { PhotographUpload, RequestCritique } from [32m'domain'[37m;
        ╵                                                   [32m~~~~~~~~[0m


[31mX [41;31m[[41;97mERROR[41;31m][0m [1mNG1010: 'imports' must be an array of components, directives, pipes, or NgModules.
  Value could not be determined statically.[0m [1m[35m[plugin angular-compiler][0m

    projects/loupe/src/app/pages/photograph-upload/photograph-upload-page.ts:9:24:
[37m      9 │   imports: [RouterLink, [32mPhotographUpload[37m, UnsavedChanges, RequestCr...
        ╵                         [32m~~~~~~~~~~~~~~~~[0m

  Unknown reference.

    projects/loupe/src/app/pages/photograph-upload/photograph-upload-page.ts:9:24:
[37m      9 │   imports: [RouterLink, [32mPhotographUpload[37m, UnsavedChanges, RequestCr...
        ╵                         [32m~~~~~~~~~~~~~~~~[0m


[31mX [41;31m[[41;97mERROR[41;31m][0m [1mNG1010: 'imports' must be an array of components, directives, pipes, or NgModules.
  Value could not be determined statically.[0m [1m[35m[plugin angular-compiler][0m

    projects/loupe/src/app/pages/photograph-upload/photograph-upload-page.ts:9:58:
[37m      9 │ ...s: [RouterLink, PhotographUpload, UnsavedChanges, [32mRequestCritique[37m],
        ╵                                                      [32m~~~~~~~~~~~~~~~[0m

  Unknown reference.

    projects/loupe/src/app/pages/photograph-upload/photograph-upload-page.ts:9:58:
[37m      9 │ ...s: [RouterLink, PhotographUpload, UnsavedChanges, [32mRequestCritique[37m],
        ╵                                                      [32m~~~~~~~~~~~~~~~[0m


[31mX [41;31m[[41;97mERROR[41;31m][0m [1mTS2339: Property 'dirty' does not exist on type '{}'.[0m [1m[35m[plugin angular-compiler][0m

    projects/loupe/src/app/pages/photograph-upload/photograph-upload-page.ts:19:38:
[37m      19 │   readonly dirty = () => this.form()?.[32mdirty[37m() ?? false;
         ╵                                       [32m~~~~~[0m


[31mX [41;31m[[41;97mERROR[41;31m][0m [1mTS2339: Property 'dirty' does not exist on type '{}'.[0m [1m[35m[plugin angular-compiler][0m

    projects/loupe/src/app/pages/photograph-upload/photograph-upload-page.ts:21:47:
[37m      21 │     return this.dialog().canLeave(this.form()?.[32mdirty[37m() ?? false);
         ╵                                                [32m~~~~~[0m


[31mX [41;31m[[41;97mERROR[41;31m][0m [1mTS2339: Property 'requestCritique' does not exist on type '{}'.[0m [1m[35m[plugin angular-compiler][0m

    projects/loupe/src/app/pages/photograph-upload/photograph-upload-page.ts:24:21:
[37m      24 │     if (this.form()?.[32mrequestCritique[37m()) {
         ╵                      [32m~~~~~~~~~~~~~~~[0m


[31mX [41;31m[[41;97mERROR[41;31m][0m [1mTS2591: Cannot find name 'domain'. Do you need to install type definitions for node? Try `npm i --save-dev @types/node` and then add 'node' to the types field in your tsconfig.[0m [1m[35m[plugin angular-compiler][0m

    projects/loupe/src/app/pages/reference-detail/reference-detail-page.ts:4:37:
[37m      4 │ import { ReferenceDetailPanel } from [32m'domain'[37m;
        ╵                                      [32m~~~~~~~~[0m


[31mX [41;31m[[41;97mERROR[41;31m][0m [1mNG1010: 'imports' must be an array of components, directives, pipes, or NgModules.
  Value could not be determined statically.[0m [1m[35m[plugin angular-compiler][0m

    projects/loupe/src/app/pages/reference-detail/reference-detail-page.ts:7:24:
[37m      7 │   imports: [RouterLink, [32mReferenceDetailPanel[37m, UnsavedChanges],
        ╵                         [32m~~~~~~~~~~~~~~~~~~~~[0m

  Unknown reference.

    projects/loupe/src/app/pages/reference-detail/reference-detail-page.ts:7:24:
[37m      7 │   imports: [RouterLink, [32mReferenceDetailPanel[37m, UnsavedChanges],
        ╵                         [32m~~~~~~~~~~~~~~~~~~~~[0m


[31mX [41;31m[[41;97mERROR[41;31m][0m [1mTS2339: Property 'dirty' does not exist on type '{}'.[0m [1m[35m[plugin angular-compiler][0m

    projects/loupe/src/app/pages/reference-detail/reference-detail-page.ts:14:40:
[37m      14 │   readonly dirty = () => this.detail()?.[32mdirty[37m() ?? false;
         ╵                                         [32m~~~~~[0m


[31mX [41;31m[[41;97mERROR[41;31m][0m [1mTS2591: Cannot find name 'domain'. Do you need to install type definitions for node? Try `npm i --save-dev @types/node` and then add 'node' to the types field in your tsconfig.[0m [1m[35m[plugin angular-compiler][0m

    projects/loupe/src/app/pages/reference-link/reference-link-page.ts:3:35:
[37m      3 │ import { ReferenceLinkPanel } from [32m'domain'[37m;
        ╵                                    [32m~~~~~~~~[0m


[31mX [41;31m[[41;97mERROR[41;31m][0m [1mNG1010: 'imports' must be an array of components, directives, pipes, or NgModules.
  Value could not be determined statically.[0m [1m[35m[plugin angular-compiler][0m

    projects/loupe/src/app/pages/reference-link/reference-link-page.ts:9:24:
[37m      9 │   imports: [RouterLink, [32mReferenceLinkPanel[37m, UnsavedChanges],
        ╵                         [32m~~~~~~~~~~~~~~~~~~[0m

  Unknown reference.

    projects/loupe/src/app/pages/reference-link/reference-link-page.ts:9:24:
[37m      9 │   imports: [RouterLink, [32mReferenceLinkPanel[37m, UnsavedChanges],
        ╵                         [32m~~~~~~~~~~~~~~~~~~[0m


[31mX [41;31m[[41;97mERROR[41;31m][0m [1mTS2339: Property 'dirty' does not exist on type '{}'.[0m [1m[35m[plugin angular-compiler][0m

    projects/loupe/src/app/pages/reference-link/reference-link-page.ts:17:38:
[37m      17 │   readonly dirty = () => this.form()?.[32mdirty[37m() ?? false;
         ╵                                       [32m~~~~~[0m


[31mX [41;31m[[41;97mERROR[41;31m][0m [1mTS2591: Cannot find name 'domain'. Do you need to install type definitions for node? Try `npm i --save-dev @types/node` and then add 'node' to the types field in your tsconfig.[0m [1m[35m[plugin angular-compiler][0m

    projects/loupe/src/app/pages/reference-upload/reference-upload-page.ts:3:36:
[37m      3 │ import { ReferenceImagePanel } from [32m'domain'[37m;
        ╵                                     [32m~~~~~~~~[0m


[31mX [41;31m[[41;97mERROR[41;31m][0m [1mNG1010: 'imports' must be an array of components, directives, pipes, or NgModules.
  Value could not be determined statically.[0m [1m[35m[plugin angular-compiler][0m

    projects/loupe/src/app/pages/reference-upload/reference-upload-page.ts:9:24:
[37m      9 │   imports: [RouterLink, [32mReferenceImagePanel[37m, UnsavedChanges],
        ╵                         [32m~~~~~~~~~~~~~~~~~~~[0m

  Unknown reference.

    projects/loupe/src/app/pages/reference-upload/reference-upload-page.ts:9:24:
[37m      9 │   imports: [RouterLink, [32mReferenceImagePanel[37m, UnsavedChanges],
        ╵                         [32m~~~~~~~~~~~~~~~~~~~[0m


[31mX [41;31m[[41;97mERROR[41;31m][0m [1mTS2339: Property 'dirty' does not exist on type '{}'.[0m [1m[35m[plugin angular-compiler][0m

    projects/loupe/src/app/pages/reference-upload/reference-upload-page.ts:17:38:
[37m      17 │   readonly dirty = () => this.form()?.[32mdirty[37m() ?? false;
         ╵                                       [32m~~~~~[0m


❯ Changes detected. Rebuilding...
✔ Changes detected. Rebuilding...
Application bundle generation failed. [0.002 seconds] - 2026-09-08T21:50:59.330Z

[31mX [41;31m[[41;97mERROR[41;31m][0m [1mTS2591: Cannot find name 'domain'. Do you need to install type definitions for node? Try `npm i --save-dev @types/node` and then add 'node' to the types field in your tsconfig.[0m [1m[35m[plugin angular-compiler][0m

    projects/loupe/src/app/dialogs/regenerate-critique/regenerate-critique.ts:3:32:
[37m      3 │ import { RequestCritique } from [32m'domain'[37m;
        ╵                                 [32m~~~~~~~~[0m


[31mX [41;31m[[41;97mERROR[41;31m][0m [1mNG1010: 'imports' must be an array of components, directives, pipes, or NgModules.
  Value could not be determined statically.[0m [1m[35m[plugin angular-compiler][0m

    projects/loupe/src/app/dialogs/regenerate-critique/regenerate-critique.ts:7:12:
[37m      7 │   imports: [[32mRequestCritique[37m],
        ╵             [32m~~~~~~~~~~~~~~~[0m

  Unknown reference.

    projects/loupe/src/app/dialogs/regenerate-critique/regenerate-critique.ts:7:12:
[37m      7 │   imports: [[32mRequestCritique[37m],
        ╵             [32m~~~~~~~~~~~~~~~[0m


[31mX [41;31m[[41;97mERROR[41;31m][0m [1mTS2339: Property 'busy' does not exist on type '{}'.[0m [1m[35m[plugin angular-compiler][0m

    projects/loupe/src/app/dialogs/regenerate-critique/regenerate-critique.ts:17:52:
[37m      17 │ ...uted(() => !!(this.request()?.[32mbusy[37m() || this.request()?.reviewi...
         ╵                                  [32m~~~~[0m


[31mX [41;31m[[41;97mERROR[41;31m][0m [1mTS2339: Property 'reviewing' does not exist on type '{}'.[0m [1m[35m[plugin angular-compiler][0m

    projects/loupe/src/app/dialogs/regenerate-critique/regenerate-critique.ts:17:78:
[37m      17 │ ...(() => !!(this.request()?.busy() || this.request()?.[32mreviewing[37m()));
         ╵                                                        [32m~~~~~~~~~[0m


[31mX [41;31m[[41;97mERROR[41;31m][0m [1mTS2591: Cannot find name 'domain'. Do you need to install type definitions for node? Try `npm i --save-dev @types/node` and then add 'node' to the types field in your tsconfig.[0m [1m[35m[plugin angular-compiler][0m

    projects/loupe/src/app/dialogs/replace-attempt/replace-attempt.ts:2:30:
[37m      2 │ import { AttemptPicker } from [32m'domain'[37m;
        ╵                               [32m~~~~~~~~[0m


[31mX [41;31m[[41;97mERROR[41;31m][0m [1mNG1010: 'imports' must be an array of components, directives, pipes, or NgModules.
  Value could not be determined statically.[0m [1m[35m[plugin angular-compiler][0m

    projects/loupe/src/app/dialogs/replace-attempt/replace-attempt.ts:6:12:
[37m      6 │   imports: [[32mAttemptPicker[37m],
        ╵             [32m~~~~~~~~~~~~~[0m

  Unknown reference.

    projects/loupe/src/app/dialogs/replace-attempt/replace-attempt.ts:6:12:
[37m      6 │   imports: [[32mAttemptPicker[37m],
        ╵             [32m~~~~~~~~~~~~~[0m


[31mX [41;31m[[41;97mERROR[41;31m][0m [1mTS2591: Cannot find name 'domain'. Do you need to install type definitions for node? Try `npm i --save-dev @types/node` and then add 'node' to the types field in your tsconfig.[0m [1m[35m[plugin angular-compiler][0m

    projects/loupe/src/app/pages/compare/compare-page.ts:3:49:
[37m      3 │ import { AttemptComparison, AttemptPicker } from [32m'domain'[37m;
        ╵                                                  [32m~~~~~~~~[0m


[31mX [41;31m[[41;97mERROR[41;31m][0m [1mNG1010: 'imports' must be an array of components, directives, pipes, or NgModules.
  Value could not be determined statically.[0m [1m[35m[plugin angular-compiler][0m

    projects/loupe/src/app/pages/compare/compare-page.ts:8:24:
[37m      8 │   imports: [RouterLink, [32mAttemptComparison[37m, AttemptPicker, ReplaceAt...
        ╵                         [32m~~~~~~~~~~~~~~~~~[0m

  Unknown reference.

    projects/loupe/src/app/pages/compare/compare-page.ts:8:24:
[37m      8 │   imports: [RouterLink, [32mAttemptComparison[37m, AttemptPicker, ReplaceAt...
        ╵                         [32m~~~~~~~~~~~~~~~~~[0m


[31mX [41;31m[[41;97mERROR[41;31m][0m [1mNG1010: 'imports' must be an array of components, directives, pipes, or NgModules.
  Value could not be determined statically.[0m [1m[35m[plugin angular-compiler][0m

    projects/loupe/src/app/pages/compare/compare-page.ts:8:43:
[37m      8 │ ...ts: [RouterLink, AttemptComparison, [32mAttemptPicker[37m, ReplaceAttempt],
        ╵                                        [32m~~~~~~~~~~~~~[0m

  Unknown reference.

    projects/loupe/src/app/pages/compare/compare-page.ts:8:43:
[37m      8 │ ...ts: [RouterLink, AttemptComparison, [32mAttemptPicker[37m, ReplaceAttempt],
        ╵                                        [32m~~~~~~~~~~~~~[0m


[31mX [41;31m[[41;97mERROR[41;31m][0m [1mTS2591: Cannot find name 'domain'. Do you need to install type definitions for node? Try `npm i --save-dev @types/node` and then add 'node' to the types field in your tsconfig.[0m [1m[35m[plugin angular-compiler][0m

    projects/loupe/src/app/pages/deletion/deletion-page.ts:3:31:
[37m      3 │ import { DeletionStatus } from [32m'domain'[37m;
        ╵                                [32m~~~~~~~~[0m


[31mX [41;31m[[41;97mERROR[41;31m][0m [1mNG1010: 'imports' must be an array of components, directives, pipes, or NgModules.
  Value could not be determined statically.[0m [1m[35m[plugin angular-compiler][0m

    projects/loupe/src/app/pages/deletion/deletion-page.ts:7:24:
[37m      7 │   imports: [RouterLink, [32mDeletionStatus[37m],
        ╵                         [32m~~~~~~~~~~~~~~[0m

  Unknown reference.

    projects/loupe/src/app/pages/deletion/deletion-page.ts:7:24:
[37m      7 │   imports: [RouterLink, [32mDeletionStatus[37m],
        ╵                         [32m~~~~~~~~~~~~~~[0m


[31mX [41;31m[[41;97mERROR[41;31m][0m [1mTS2591: Cannot find name 'domain'. Do you need to install type definitions for node? Try `npm i --save-dev @types/node` and then add 'node' to the types field in your tsconfig.[0m [1m[35m[plugin angular-compiler][0m

    projects/loupe/src/app/pages/inspiration/inspiration-page.ts:3:36:
[37m      3 │ import { ReferenceCollection } from [32m'domain'[37m;
        ╵                                     [32m~~~~~~~~[0m


[31mX [41;31m[[41;97mERROR[41;31m][0m [1mNG1010: 'imports' must be an array of components, directives, pipes, or NgModules.
  Value could not be determined statically.[0m [1m[35m[plugin angular-compiler][0m

    projects/loupe/src/app/pages/inspiration/inspiration-page.ts:6:12:
[37m      6 │   imports: [[32mReferenceCollection[37m, RouterLink],
        ╵             [32m~~~~~~~~~~~~~~~~~~~[0m

  Unknown reference.

    projects/loupe/src/app/pages/inspiration/inspiration-page.ts:6:12:
[37m      6 │   imports: [[32mReferenceCollection[37m, RouterLink],
        ╵             [32m~~~~~~~~~~~~~~~~~~~[0m


[31mX [41;31m[[41;97mERROR[41;31m][0m [1mTS2591: Cannot find name 'domain'. Do you need to install type definitions for node? Try `npm i --save-dev @types/node` and then add 'node' to the types field in your tsconfig.[0m [1m[35m[plugin angular-compiler][0m

    projects/loupe/src/app/pages/my-work/my-work.ts:2:37:
[37m      2 │ import { PhotographCollection } from [32m'domain'[37m;
        ╵                                      [32m~~~~~~~~[0m


[31mX [41;31m[[41;97mERROR[41;31m][0m [1mNG1010: 'imports' must be an array of components, directives, pipes, or NgModules.
  Value could not be determined statically.[0m [1m[35m[plugin angular-compiler][0m

    projects/loupe/src/app/pages/my-work/my-work.ts:7:12:
[37m      7 │   imports: [[32mPhotographCollection[37m, RouterLink],
        ╵             [32m~~~~~~~~~~~~~~~~~~~~[0m

  Unknown reference.

    projects/loupe/src/app/pages/my-work/my-work.ts:7:12:
[37m      7 │   imports: [[32mPhotographCollection[37m, RouterLink],
        ╵             [32m~~~~~~~~~~~~~~~~~~~~[0m


[31mX [41;31m[[41;97mERROR[41;31m][0m [1mTS2591: Cannot find name 'domain'. Do you need to install type definitions for node? Try `npm i --save-dev @types/node` and then add 'node' to the types field in your tsconfig.[0m [1m[35m[plugin angular-compiler][0m

    projects/loupe/src/app/pages/photograph-detail/photograph-detail-page.ts:4:33:
[37m      4 │ import { PhotographDetail } from [32m'domain'[37m;
        ╵                                  [32m~~~~~~~~[0m


[31mX [41;31m[[41;97mERROR[41;31m][0m [1mNG1010: 'imports' must be an array of components, directives, pipes, or NgModules.
  Value could not be determined statically.[0m [1m[35m[plugin angular-compiler][0m

    projects/loupe/src/app/pages/photograph-detail/photograph-detail-page.ts:11:24:
[37m      11 │   imports: [RouterLink, [32mPhotographDetail[37m, UnsavedChanges, DeletePh...
         ╵                         [32m~~~~~~~~~~~~~~~~[0m

  Unknown reference.

    projects/loupe/src/app/pages/photograph-detail/photograph-detail-page.ts:11:24:
[37m      11 │   imports: [RouterLink, [32mPhotographDetail[37m, UnsavedChanges, DeletePh...
         ╵                         [32m~~~~~~~~~~~~~~~~[0m


[31mX [41;31m[[41;97mERROR[41;31m][0m [1mTS2339: Property 'dirty' does not exist on type '{}'.[0m [1m[35m[plugin angular-compiler][0m

    projects/loupe/src/app/pages/photograph-detail/photograph-detail-page.ts:24:70:
[37m      24 │ ...uted(() => !this.deletion() && (this.detail()?.[32mdirty[37m() ?? false));
         ╵                                                   [32m~~~~~[0m


[31mX [41;31m[[41;97mERROR[41;31m][0m [1mTS2339: Property 'followCritique' does not exist on type '{}'.[0m [1m[35m[plugin angular-compiler][0m

    projects/loupe/src/app/pages/photograph-detail/photograph-detail-page.ts:29:19:
[37m      29 │     this.detail()?.[32mfollowCritique[37m(operation);
         ╵                    [32m~~~~~~~~~~~~~~[0m


[31mX [41;31m[[41;97mERROR[41;31m][0m [1mTS2339: Property 'photo' does not exist on type '{}'.[0m [1m[35m[plugin angular-compiler][0m

    projects/loupe/src/app/pages/photograph-detail/photograph-detail-page.ts:32:47:
[37m      32 │     if (photo.id === this.id()) this.detail()?.[32mphoto[37m.set(photo);
         ╵                                                [32m~~~~~[0m


[31mX [41;31m[[41;97mERROR[41;31m][0m [1mTS2591: Cannot find name 'domain'. Do you need to install type definitions for node? Try `npm i --save-dev @types/node` and then add 'node' to the types field in your tsconfig.[0m [1m[35m[plugin angular-compiler][0m

    projects/loupe/src/app/pages/photograph-upload/photograph-upload-page.ts:3:50:
[37m      3 │ import { PhotographUpload, RequestCritique } from [32m'domain'[37m;
        ╵                                                   [32m~~~~~~~~[0m


[31mX [41;31m[[41;97mERROR[41;31m][0m [1mNG1010: 'imports' must be an array of components, directives, pipes, or NgModules.
  Value could not be determined statically.[0m [1m[35m[plugin angular-compiler][0m

    projects/loupe/src/app/pages/photograph-upload/photograph-upload-page.ts:9:24:
[37m      9 │   imports: [RouterLink, [32mPhotographUpload[37m, UnsavedChanges, RequestCr...
        ╵                         [32m~~~~~~~~~~~~~~~~[0m

  Unknown reference.

    projects/loupe/src/app/pages/photograph-upload/photograph-upload-page.ts:9:24:
[37m      9 │   imports: [RouterLink, [32mPhotographUpload[37m, UnsavedChanges, RequestCr...
        ╵                         [32m~~~~~~~~~~~~~~~~[0m


[31mX [41;31m[[41;97mERROR[41;31m][0m [1mNG1010: 'imports' must be an array of components, directives, pipes, or NgModules.
  Value could not be determined statically.[0m [1m[35m[plugin angular-compiler][0m

    projects/loupe/src/app/pages/photograph-upload/photograph-upload-page.ts:9:58:
[37m      9 │ ...s: [RouterLink, PhotographUpload, UnsavedChanges, [32mRequestCritique[37m],
        ╵                                                      [32m~~~~~~~~~~~~~~~[0m

  Unknown reference.

    projects/loupe/src/app/pages/photograph-upload/photograph-upload-page.ts:9:58:
[37m      9 │ ...s: [RouterLink, PhotographUpload, UnsavedChanges, [32mRequestCritique[37m],
        ╵                                                      [32m~~~~~~~~~~~~~~~[0m


[31mX [41;31m[[41;97mERROR[41;31m][0m [1mTS2339: Property 'dirty' does not exist on type '{}'.[0m [1m[35m[plugin angular-compiler][0m

    projects/loupe/src/app/pages/photograph-upload/photograph-upload-page.ts:19:38:
[37m      19 │   readonly dirty = () => this.form()?.[32mdirty[37m() ?? false;
         ╵                                       [32m~~~~~[0m


[31mX [41;31m[[41;97mERROR[41;31m][0m [1mTS2339: Property 'dirty' does not exist on type '{}'.[0m [1m[35m[plugin angular-compiler][0m

    projects/loupe/src/app/pages/photograph-upload/photograph-upload-page.ts:21:47:
[37m      21 │     return this.dialog().canLeave(this.form()?.[32mdirty[37m() ?? false);
         ╵                                                [32m~~~~~[0m


[31mX [41;31m[[41;97mERROR[41;31m][0m [1mTS2339: Property 'requestCritique' does not exist on type '{}'.[0m [1m[35m[plugin angular-compiler][0m

    projects/loupe/src/app/pages/photograph-upload/photograph-upload-page.ts:24:21:
[37m      24 │     if (this.form()?.[32mrequestCritique[37m()) {
         ╵                      [32m~~~~~~~~~~~~~~~[0m


[31mX [41;31m[[41;97mERROR[41;31m][0m [1mTS2591: Cannot find name 'domain'. Do you need to install type definitions for node? Try `npm i --save-dev @types/node` and then add 'node' to the types field in your tsconfig.[0m [1m[35m[plugin angular-compiler][0m

    projects/loupe/src/app/pages/reference-detail/reference-detail-page.ts:4:37:
[37m      4 │ import { ReferenceDetailPanel } from [32m'domain'[37m;
        ╵                                      [32m~~~~~~~~[0m


[31mX [41;31m[[41;97mERROR[41;31m][0m [1mNG1010: 'imports' must be an array of components, directives, pipes, or NgModules.
  Value could not be determined statically.[0m [1m[35m[plugin angular-compiler][0m

    projects/loupe/src/app/pages/reference-detail/reference-detail-page.ts:7:24:
[37m      7 │   imports: [RouterLink, [32mReferenceDetailPanel[37m, UnsavedChanges],
        ╵                         [32m~~~~~~~~~~~~~~~~~~~~[0m

  Unknown reference.

    projects/loupe/src/app/pages/reference-detail/reference-detail-page.ts:7:24:
[37m      7 │   imports: [RouterLink, [32mReferenceDetailPanel[37m, UnsavedChanges],
        ╵                         [32m~~~~~~~~~~~~~~~~~~~~[0m


[31mX [41;31m[[41;97mERROR[41;31m][0m [1mTS2339: Property 'dirty' does not exist on type '{}'.[0m [1m[35m[plugin angular-compiler][0m

    projects/loupe/src/app/pages/reference-detail/reference-detail-page.ts:14:40:
[37m      14 │   readonly dirty = () => this.detail()?.[32mdirty[37m() ?? false;
         ╵                                         [32m~~~~~[0m


[31mX [41;31m[[41;97mERROR[41;31m][0m [1mTS2591: Cannot find name 'domain'. Do you need to install type definitions for node? Try `npm i --save-dev @types/node` and then add 'node' to the types field in your tsconfig.[0m [1m[35m[plugin angular-compiler][0m

    projects/loupe/src/app/pages/reference-link/reference-link-page.ts:3:35:
[37m      3 │ import { ReferenceLinkPanel } from [32m'domain'[37m;
        ╵                                    [32m~~~~~~~~[0m


[31mX [41;31m[[41;97mERROR[41;31m][0m [1mNG1010: 'imports' must be an array of components, directives, pipes, or NgModules.
  Value could not be determined statically.[0m [1m[35m[plugin angular-compiler][0m

    projects/loupe/src/app/pages/reference-link/reference-link-page.ts:9:24:
[37m      9 │   imports: [RouterLink, [32mReferenceLinkPanel[37m, UnsavedChanges],
        ╵                         [32m~~~~~~~~~~~~~~~~~~[0m

  Unknown reference.

    projects/loupe/src/app/pages/reference-link/reference-link-page.ts:9:24:
[37m      9 │   imports: [RouterLink, [32mReferenceLinkPanel[37m, UnsavedChanges],
        ╵                         [32m~~~~~~~~~~~~~~~~~~[0m


[31mX [41;31m[[41;97mERROR[41;31m][0m [1mTS2339: Property 'dirty' does not exist on type '{}'.[0m [1m[35m[plugin angular-compiler][0m

    projects/loupe/src/app/pages/reference-link/reference-link-page.ts:17:38:
[37m      17 │   readonly dirty = () => this.form()?.[32mdirty[37m() ?? false;
         ╵                                       [32m~~~~~[0m


[31mX [41;31m[[41;97mERROR[41;31m][0m [1mTS2591: Cannot find name 'domain'. Do you need to install type definitions for node? Try `npm i --save-dev @types/node` and then add 'node' to the types field in your tsconfig.[0m [1m[35m[plugin angular-compiler][0m

    projects/loupe/src/app/pages/reference-upload/reference-upload-page.ts:3:36:
[37m      3 │ import { ReferenceImagePanel } from [32m'domain'[37m;
        ╵                                     [32m~~~~~~~~[0m


[31mX [41;31m[[41;97mERROR[41;31m][0m [1mNG1010: 'imports' must be an array of components, directives, pipes, or NgModules.
  Value could not be determined statically.[0m [1m[35m[plugin angular-compiler][0m

    projects/loupe/src/app/pages/reference-upload/reference-upload-page.ts:9:24:
[37m      9 │   imports: [RouterLink, [32mReferenceImagePanel[37m, UnsavedChanges],
        ╵                         [32m~~~~~~~~~~~~~~~~~~~[0m

  Unknown reference.

    projects/loupe/src/app/pages/reference-upload/reference-upload-page.ts:9:24:
[37m      9 │   imports: [RouterLink, [32mReferenceImagePanel[37m, UnsavedChanges],
        ╵                         [32m~~~~~~~~~~~~~~~~~~~[0m


[31mX [41;31m[[41;97mERROR[41;31m][0m [1mTS2339: Property 'dirty' does not exist on type '{}'.[0m [1m[35m[plugin angular-compiler][0m

    projects/loupe/src/app/pages/reference-upload/reference-upload-page.ts:17:38:
[37m      17 │   readonly dirty = () => this.form()?.[32mdirty[37m() ?? false;
         ╵                                       [32m~~~~~[0m


